year,week,team_1,team_2,date,time,location,boxscore_url,won_toss,won_OT_toss,roof,surface,duration,attendance,vegas_line,over_under,temp,humidity,wind
2023,1,Detroit Lions,Kansas City Chiefs,2023-09-07,8:20PM,Kansas City,/boxscores/202309070kan.htm,Chiefs (deferred),,outdoors,grass,3:02,"73,522",Kansas City Chiefs -3.5,53.5 (under),,,
2023,1,Atlanta Falcons,Carolina Panthers,2023-09-10,1:00PM,Atlanta,/boxscores/202309100atl.htm,Panthers (deferred),,retractable roof (closed),fieldturf,3:06,"69,597",Atlanta Falcons -3.5,39.5 (under),,,
2023,1,Cleveland Browns,Cincinnati Bengals,2023-09-10,1:00PM,Cleveland,/boxscores/202309100cle.htm,Browns (deferred),,outdoors,grass,3:03,"67,919",Cincinnati Bengals -1.5,47.5 (under),68 degrees, relative humidity 83%, wind 8 mph
2023,1,Jacksonville Jaguars,Indianapolis Colts,2023-09-10,1:00PM,Indianapolis,/boxscores/202309100clt.htm,Jaguars (deferred),,retractable roof (closed),fieldturf,3:12,"65,749",Jacksonville Jaguars -3.5,46.5 (over),,,
2023,1,Washington Commanders,Arizona Cardinals,2023-09-10,1:00PM,Washington,/boxscores/202309100was.htm,Cardinals (deferred),,outdoors,grass,3:08,"64,693",Washington Commanders -6.5,38.5 (under),76 degrees, relative humidity 84%, wind 2 mph
2023,1,Baltimore Ravens,Houston Texans,2023-09-10,1:00PM,Baltimore,/boxscores/202309100rav.htm,Texans (deferred),,outdoors,grass,3:16,"70,136",Baltimore Ravens -9.5,43.5 (under),78 degrees, relative humidity 76%, wind 2 mph
2023,1,Tampa Bay Buccaneers,Minnesota Vikings,2023-09-10,1:00PM,Minnesota,/boxscores/202309100min.htm,Buccaneers (deferred),,dome,sportturf,3:03,"66,741",Minnesota Vikings -4.5,45.5 (under),,,
2023,1,New Orleans Saints,Tennessee Titans,2023-09-10,1:00PM,New Orleans,/boxscores/202309100nor.htm,Titans (deferred),,dome,sportturf,3:17,"70,024",New Orleans Saints -3.0,41.5 (under),,,
2023,1,San Francisco 49ers,Pittsburgh Steelers,2023-09-10,1:00PM,Pittsburgh,/boxscores/202309100pit.htm,Steelers,,outdoors,grass,3:04,"67,679",San Francisco 49ers -1.5,41.5 (under),72 degrees, relative humidity 83%, wind 3 mph
2023,1,Green Bay Packers,Chicago Bears,2023-09-10,4:25PM,Chicago,/boxscores/202309100chi.htm,Packers (deferred),,outdoors,grass,3:10,"62,456",Chicago Bears -1.5,41.5 (over),75 degrees, relative humidity 53%, wind 7 mph
2023,1,Las Vegas Raiders,Denver Broncos,2023-09-10,4:25PM,Denver,/boxscores/202309100den.htm,Broncos (deferred),,outdoors,grass,2:55,"76,299",Denver Broncos -3.0,44.0 (under),64 degrees, relative humidity 65%, wind 12 mph
2023,1,Miami Dolphins,Los Angeles Chargers,2023-09-10,4:25PM,Los Angeles,/boxscores/202309100sdg.htm,Chargers (deferred),,dome,matrixturf,3:13,"70,240",Los Angeles Chargers -3.0,50.5 (over),,,
2023,1,Philadelphia Eagles,New England Patriots,2023-09-10,4:25PM,New England,/boxscores/202309100nwe.htm,Patriots (deferred),,outdoors,fieldturf,3:14,"64,628",Philadelphia Eagles -3.5,45.0 (push),71 degrees, relative humidity 96%, wind 5 mph
2023,1,Los Angeles Rams,Seattle Seahawks,2023-09-10,4:25PM,Seattle,/boxscores/202309100sea.htm,Rams (deferred),,outdoors,fieldturf,3:02,"68,683",Seattle Seahawks -4.5,46.5 (under),74 degrees, relative humidity 50%, wind 9 mph
2023,1,Dallas Cowboys,New York Giants,2023-09-10,8:20PM,New York,/boxscores/202309100nyg.htm,Cowboys (deferred),,outdoors,fieldturf,2:55,"80,809",Dallas Cowboys -3.5,45.5 (under),74 degrees, relative humidity 82%, wind 3 mph
2023,1,New York Jets,Buffalo Bills,2023-09-11,8:15PM,New York,/boxscores/202309110nyj.htm,Jets (deferred),Bills,outdoors,fieldturf,2:58,"83,345",Buffalo Bills -2.5,45.5 (under),72 degrees, relative humidity 88%, wind 3 mph
2023,2,Philadelphia Eagles,Minnesota Vikings,2023-09-14,8:15PM,Philadelphia,/boxscores/202309140phi.htm,Vikings (deferred),,outdoors,grass,3:04,"69,879",Philadelphia Eagles -6.0,49.0 (over),72 degrees, relative humidity 43%, wind 8 mph
2023,2,Atlanta Falcons,Green Bay Packers,2023-09-17,1:00PM,Atlanta,/boxscores/202309170atl.htm,Falcons (deferred),,retractable roof (closed),fieldturf,3:13,"69,251",Atlanta Falcons -3.0,40.5 (over),,,
2023,2,Buffalo Bills,Las Vegas Raiders,2023-09-17,1:00PM,Buffalo,/boxscores/202309170buf.htm,Bills (deferred),,outdoors,a_turf,2:49,"70,772",Buffalo Bills -8.0,47.0 (over),70 degrees, relative humidity 57%, wind 4 mph
2023,2,Tampa Bay Buccaneers,Chicago Bears,2023-09-17,1:00PM,Tampa Bay,/boxscores/202309170tam.htm,Bears (deferred),,outdoors,grass,2:58,"62,976",Tampa Bay Buccaneers -2.5,42.0 (over),89 degrees, relative humidity 68%, wind 6 mph
2023,2,Baltimore Ravens,Cincinnati Bengals,2023-09-17,1:00PM,Cincinnati,/boxscores/202309170cin.htm,Bengals (deferred),,outdoors,fieldturf,3:01,"66,015",Cincinnati Bengals -3.5,45.5 (over),72 degrees, relative humidity 54%, wind 4 mph
2023,2,Indianapolis Colts,Houston Texans,2023-09-17,1:00PM,Houston,/boxscores/202309170htx.htm,Texans (deferred),,retractable roof (closed),astroturf,3:02,"71,159",Houston Texans -1.0,40.0 (over),,,
2023,2,Seattle Seahawks,Detroit Lions,2023-09-17,1:00PM,Detroit,/boxscores/202309170det.htm,Lions (deferred),Seahawks,dome,fieldturf,3:05,"66,434",Detroit Lions -4.5,47.0 (over),,,
2023,2,Kansas City Chiefs,Jacksonville Jaguars,2023-09-17,1:00PM,Jacksonville,/boxscores/202309170jax.htm,Chiefs (deferred),,outdoors,grass,3:08,"69,915",Kansas City Chiefs -3.5,51.0 (under),87 degrees, relative humidity 68%, wind 5 mph
2023,2,Tennessee Titans,Los Angeles Chargers,2023-09-17,1:00PM,Tennessee,/boxscores/202309170oti.htm,Titans (deferred),Chargers,outdoors,grass,3:02,"67,438",Los Angeles Chargers -2.5,45.5 (over),64 degrees, relative humidity 85%, wind 11 mph
2023,2,New York Giants,Arizona Cardinals,2023-09-17,4:05PM,Arizona,/boxscores/202309170crd.htm,Giants (deferred),,retractable roof (closed),grass,3:11,"62,080",New York Giants -4.5,36.5 (over),,,
2023,2,San Francisco 49ers,Los Angeles Rams,2023-09-17,4:05PM,Los Angeles,/boxscores/202309170ram.htm,Rams (deferred),,dome,matrixturf,3:13,"74,742",San Francisco 49ers -7.5,44.5 (over),,,
2023,2,Dallas Cowboys,New York Jets,2023-09-17,4:25PM,Dallas,/boxscores/202309170dal.htm,Cowboys,,retractable roof (closed),matrixturf,2:54,"93,689",Dallas Cowboys -8.5,38.5 (over),,,
2023,2,Washington Commanders,Denver Broncos,2023-09-17,4:25PM,Denver,/boxscores/202309170den.htm,Broncos (deferred),,outdoors,grass,3:19,"76,108",Denver Broncos -4.0,38.5 (over),81 degrees, relative humidity 24%, wind 5 mph
2023,2,Miami Dolphins,New England Patriots,2023-09-17,8:20PM,New England,/boxscores/202309170nwe.htm,Dolphins (deferred),,outdoors,fieldturf,3:00,"64,628",Miami Dolphins -2.0,46.5 (under),63 degrees, relative humidity 77%, wind 3 mph
2023,2,New Orleans Saints,Carolina Panthers,2023-09-18,7:15PM,Carolina,/boxscores/202309180car.htm,Panthers (deferred),,outdoors,grass,3:07,"72,709",New Orleans Saints -3.0,39.5 (under),78 degrees, relative humidity 42%, wind 2 mph
2023,2,Pittsburgh Steelers,Cleveland Browns,2023-09-18,8:15PM,Pittsburgh,/boxscores/202309180pit.htm,Steelers (deferred),,outdoors,grass,3:28,"67,576",Cleveland Browns -2.5,39.0 (over),62 degrees, relative humidity 66%, wind 6 mph
2023,3,San Francisco 49ers,New York Giants,2023-09-21,8:15PM,San Francisco,/boxscores/202309210sfo.htm,Giants (deferred),,outdoors,grass,3:09,"71,593",San Francisco 49ers -10.5,43.5 (under),77 degrees, relative humidity 41%, wind 13 mph
2023,3,Detroit Lions,Atlanta Falcons,2023-09-24,1:00PM,Detroit,/boxscores/202309240det.htm,Lions (deferred),,dome,fieldturf,2:54,"63,803",Detroit Lions -3.0,47.5 (under),,,
2023,3,Buffalo Bills,Washington Commanders,2023-09-24,1:00PM,Washington,/boxscores/202309240was.htm,Commanders (deferred),,outdoors,grass,2:54,"64,291",Buffalo Bills -4.5,43.5 (under),65 degrees, relative humidity 96%, wind 1 mph
2023,3,Cleveland Browns,Tennessee Titans,2023-09-24,1:00PM,Cleveland,/boxscores/202309240cle.htm,Titans (deferred),,outdoors,grass,2:48,"67,919",Cleveland Browns -3.5,38.0 (under),68 degrees, relative humidity 69%, wind 5 mph
2023,3,Indianapolis Colts,Baltimore Ravens,2023-09-24,1:00PM,Baltimore,/boxscores/202309240rav.htm,Ravens (deferred),Colts,outdoors,grass,3:27,"70,038",Baltimore Ravens -7.5,44.5 (under),68 degrees, relative humidity 88%, wind 3 mph
2023,3,Miami Dolphins,Denver Broncos,2023-09-24,1:00PM,Miami,/boxscores/202309240mia.htm,Broncos (deferred),,outdoors,grass,3:18,"65,522",Miami Dolphins -6.0,47.5 (over),86 degrees, relative humidity 65%, wind 5 mph
2023,3,Green Bay Packers,New Orleans Saints,2023-09-24,1:00PM,Green Bay,/boxscores/202309240gnb.htm,Packers (deferred),,outdoors,grass,3:07,"78,043",Green Bay Packers -1.5,41.5 (under),68 degrees, relative humidity 68%, wind 10 mph
2023,3,Houston Texans,Jacksonville Jaguars,2023-09-24,1:00PM,Jacksonville,/boxscores/202309240jax.htm,Jaguars (deferred),,outdoors,grass,3:03,"61,466",Jacksonville Jaguars -9.5,43.5 (over),84 degrees, relative humidity 51%, wind 6 mph
2023,3,Los Angeles Chargers,Minnesota Vikings,2023-09-24,1:00PM,Minnesota,/boxscores/202309240min.htm,Vikings (deferred),,dome,sportturf,3:16,"66,878",Minnesota Vikings -1.0,53.0 (under),,,
2023,3,New England Patriots,New York Jets,2023-09-24,1:00PM,New York,/boxscores/202309240nyj.htm,Patriots (deferred),,outdoors,fieldturf,3:08,"80,876",New England Patriots -2.5,35.5 (under),64 degrees, relative humidity 90%, wind 14 mph
2023,3,Seattle Seahawks,Carolina Panthers,2023-09-24,4:05PM,Seattle,/boxscores/202309240sea.htm,Panthers (deferred),,outdoors,fieldturf,3:35,"68,699",Seattle Seahawks -5.0,43.0 (over),61 degrees, relative humidity 76%, wind 2 mph
2023,3,Kansas City Chiefs,Chicago Bears,2023-09-24,4:25PM,Kansas City,/boxscores/202309240kan.htm,Bears (deferred),,outdoors,grass,2:55,"73,562",Kansas City Chiefs -13.0,48.5 (over),,,
2023,3,Arizona Cardinals,Dallas Cowboys,2023-09-24,4:25PM,Arizona,/boxscores/202309240crd.htm,Cowboys (deferred),,retractable roof (closed),grass,2:56,"62,915",Dallas Cowboys -11.5,43.5 (over),,,
2023,3,Pittsburgh Steelers,Las Vegas Raiders,2023-09-24,8:20PM,Las Vegas,/boxscores/202309240rai.htm,Raiders (deferred),,dome,grass,3:06,"62,541",Las Vegas Raiders -3.0,43.5 (under),,,
2023,3,Philadelphia Eagles,Tampa Bay Buccaneers,2023-09-25,7:15PM,Tampa Bay,/boxscores/202309250tam.htm,Eagles (deferred),,outdoors,grass,2:52,"65,426",Philadelphia Eagles -6.0,44.0 (under),90 degrees, relative humidity 60%, wind 4 mph
2023,3,Cincinnati Bengals,Los Angeles Rams,2023-09-25,8:15PM,Cincinnati,/boxscores/202309250cin.htm,Bengals,,outdoors,fieldturf,3:11,"65,158",Cincinnati Bengals -3.0,45.5 (under),74 degrees, relative humidity 62%, wind 7 mph
2023,4,Detroit Lions,Green Bay Packers,2023-09-28,8:15PM,Green Bay,/boxscores/202309280gnb.htm,Packers (deferred),,outdoors,grass,3:04,"78,052",Detroit Lions -2.5,45.0 (over),64 degrees, relative humidity 75%, wind 8 mph
2023,4,Jacksonville Jaguars,Atlanta Falcons,2023-10-01,9:30AM,Jacksonville,/boxscores/202310010jax.htm,Falcons (deferred),,outdoors,grass,2:43,"85,716",Jacksonville Jaguars -3.5,42.5 (under),72 degrees, relative humidity 75%, wind 8 mph
2023,4,Buffalo Bills,Miami Dolphins,2023-10-01,1:00PM,Buffalo,/boxscores/202310010buf.htm,Dolphins (deferred),,outdoors,a_turf,3:09,"70,881",Buffalo Bills -2.5,53.0 (over),70 degrees, relative humidity 71%, wind 2 mph
2023,4,Minnesota Vikings,Carolina Panthers,2023-10-01,1:00PM,Carolina,/boxscores/202310010car.htm,Panthers (deferred),,outdoors,grass,2:43,"72,842",Minnesota Vikings -4.5,46.5 (under),78 degrees, relative humidity 50%, wind 7 mph
2023,4,Denver Broncos,Chicago Bears,2023-10-01,1:00PM,Chicago,/boxscores/202310010chi.htm,Broncos (deferred),,outdoors,grass,2:55,"62,220",Denver Broncos -3.0,47.0 (over),80 degrees, relative humidity 64%, wind 2 mph
2023,4,Tennessee Titans,Cincinnati Bengals,2023-10-01,1:00PM,Tennessee,/boxscores/202310010oti.htm,Bengals,,outdoors,grass,2:47,"68,951",Cincinnati Bengals -2.5,41.5 (under),82 degrees, relative humidity 50%, wind 4 mph
2023,4,Baltimore Ravens,Cleveland Browns,2023-10-01,1:00PM,Cleveland,/boxscores/202310010cle.htm,Browns (deferred),,outdoors,grass,3:02,"67,919",Baltimore Ravens -2.5,41.0 (under),71 degrees, relative humidity 79%, wind 7 mph
2023,4,Los Angeles Rams,Indianapolis Colts,2023-10-01,1:00PM,Indianapolis,/boxscores/202310010clt.htm,Colts (deferred),Rams,retractable roof (closed),fieldturf,3:19,"65,337",Los Angeles Rams -1.0,44.5 (over),,,
2023,4,Houston Texans,Pittsburgh Steelers,2023-10-01,1:00PM,Houston,/boxscores/202310010htx.htm,Steelers (deferred),,retractable roof (closed),astroturf,2:57,"71,399",Pittsburgh Steelers -3.0,41.5 (under),,,
2023,4,Tampa Bay Buccaneers,New Orleans Saints,2023-10-01,1:00PM,New Orleans,/boxscores/202310010nor.htm,Buccaneers (deferred),,dome,sportturf,3:04,"70,003",New Orleans Saints -4.5,41.0 (under),,,
2023,4,Philadelphia Eagles,Washington Commanders,2023-10-01,1:00PM,Philadelphia,/boxscores/202310010phi.htm,Eagles (deferred),Commanders,outdoors,grass,3:33,"69,879",Philadelphia Eagles -9.5,43.0 (over),,,
2023,4,Los Angeles Chargers,Las Vegas Raiders,2023-10-01,4:05PM,Los Angeles,/boxscores/202310010sdg.htm,Raiders (deferred),,dome,matrixturf,3:04,"70,240",Los Angeles Chargers -5.5,48.5 (under),,,
2023,4,San Francisco 49ers,Arizona Cardinals,2023-10-01,4:25PM,San Francisco,/boxscores/202310010sfo.htm,49ers (deferred),,outdoors,grass,2:51,"71,521",San Francisco 49ers -16.5,44.5 (over),75 degrees, relative humidity 36%, wind 9 mph
2023,4,Dallas Cowboys,New England Patriots,2023-10-01,4:25PM,Dallas,/boxscores/202310010dal.htm,Cowboys,,retractable roof (closed),matrixturf,2:56,"93,719",Dallas Cowboys -6.5,43.5 (under),,,
2023,4,Kansas City Chiefs,New York Jets,2023-10-01,8:20PM,New York,/boxscores/202310010nyj.htm,Jets (deferred),,outdoors,fieldturf,2:55,"80,461",Kansas City Chiefs -9.5,41.5 (over),69 degrees, relative humidity 71%, wind 5 mph
2023,4,Seattle Seahawks,New York Giants,2023-10-02,8:15PM,New York,/boxscores/202310020nyg.htm,Seahawks (deferred),,outdoors,fieldturf,3:02,"78,507",Seattle Seahawks -2.5,46.5 (under),67 degrees, relative humidity 79%, wind 8 mph
2023,5,Chicago Bears,Washington Commanders,2023-10-05,8:15PM,Washington,/boxscores/202310050was.htm,Bears,,outdoors,grass,3:04,"63,727",Washington Commanders -6.0,44.5 (over),70 degrees, relative humidity 83%, wind 1 mph
2023,5,Jacksonville Jaguars,Buffalo Bills,2023-10-08,9:30AM,Buffalo,/boxscores/202310080buf.htm,Bills (deferred),,outdoors,grass,3:22,"61,273",Buffalo Bills -5.5,48.5 (under),75 degrees, relative humidity 52%, wind 7 mph
2023,5,Atlanta Falcons,Houston Texans,2023-10-08,1:00PM,Atlanta,/boxscores/202310080atl.htm,Falcons,,retractable roof (open),fieldturf,3:00,"69,461",Atlanta Falcons -2.5,42.0 (under),,,
2023,5,Detroit Lions,Carolina Panthers,2023-10-08,1:00PM,Detroit,/boxscores/202310080det.htm,Panthers,,dome,fieldturf,3:08,"63,648",Detroit Lions -9.5,43.5 (over),,,
2023,5,Indianapolis Colts,Tennessee Titans,2023-10-08,1:00PM,Indianapolis,/boxscores/202310080clt.htm,Colts,,retractable roof (open),fieldturf,2:51,"65,287",Tennessee Titans -2.5,43.5 (under),,,
2023,5,Miami Dolphins,New York Giants,2023-10-08,1:00PM,Miami,/boxscores/202310080mia.htm,Dolphins (deferred),,outdoors,grass,3:00,"65,654",Miami Dolphins -13.0,47.5 (under),88 degrees, relative humidity 60%, wind 8 mph
2023,5,New Orleans Saints,New England Patriots,2023-10-08,1:00PM,New England,/boxscores/202310080nwe.htm,Patriots (deferred),,outdoors,fieldturf,2:56,"64,628",New England Patriots -1.5,38.5 (under),61 degrees, relative humidity 52%, wind 10 mph
2023,5,Pittsburgh Steelers,Baltimore Ravens,2023-10-08,1:00PM,Pittsburgh,/boxscores/202310080pit.htm,Steelers (deferred),,outdoors,grass,2:58,"67,272",Baltimore Ravens -4.5,38.5 (under),53 degrees, relative humidity 62%, wind 13 mph
2023,5,Cincinnati Bengals,Arizona Cardinals,2023-10-08,4:05PM,Arizona,/boxscores/202310080crd.htm,Bengals (deferred),,retractable roof (closed),grass,3:01,"62,651",Cincinnati Bengals -3.0,45.5 (over),,,
2023,5,Philadelphia Eagles,Los Angeles Rams,2023-10-08,4:05PM,Los Angeles,/boxscores/202310080ram.htm,Rams (deferred),,dome,matrixturf,3:02,"74,935",Philadelphia Eagles -3.5,49.5 (under),,,
2023,5,New York Jets,Denver Broncos,2023-10-08,4:25PM,Denver,/boxscores/202310080den.htm,Broncos (deferred),,outdoors,grass,3:03,"76,387",Denver Broncos -2.5,42.5 (over),73 degrees, relative humidity 17%, wind 9 mph
2023,5,Kansas City Chiefs,Minnesota Vikings,2023-10-08,4:25PM,Minnesota,/boxscores/202310080min.htm,Chiefs (deferred),,dome,sportturf,3:00,"67,003",Kansas City Chiefs -3.5,52.5 (under),,,
2023,5,San Francisco 49ers,Dallas Cowboys,2023-10-08,8:20PM,San Francisco,/boxscores/202310080sfo.htm,Cowboys (deferred),,outdoors,grass,3:05,"71,617",San Francisco 49ers -3.5,45.0 (over),78 degrees, relative humidity 53%, wind 10 mph
2023,5,Las Vegas Raiders,Green Bay Packers,2023-10-09,8:15PM,Las Vegas,/boxscores/202310090rai.htm,Raiders (deferred),,dome,grass,2:55,"62,572",Las Vegas Raiders -1.5,44.5 (under),,,
2023,6,Kansas City Chiefs,Denver Broncos,2023-10-12,8:15PM,Kansas City,/boxscores/202310120kan.htm,Chiefs (deferred),,outdoors,grass,2:50,"73,528",Kansas City Chiefs -10.5,47.5 (under),,,
2023,6,Baltimore Ravens,Tennessee Titans,2023-10-15,9:30AM,Tennessee,/boxscores/202310150oti.htm,Titans (deferred),,outdoors,grass,3:09,"61,011",Baltimore Ravens -5.0,42.5 (under),52 degrees, relative humidity 44%, wind 8 mph
2023,6,Cleveland Browns,San Francisco 49ers,2023-10-15,1:00PM,Cleveland,/boxscores/202310150cle.htm,Browns (deferred),,outdoors,grass,3:29,"67,431",San Francisco 49ers -9.5,35.5 (over),53 degrees, relative humidity 70%, wind 15 mph
2023,6,Washington Commanders,Atlanta Falcons,2023-10-15,1:00PM,Atlanta,/boxscores/202310150atl.htm,Falcons (deferred),,retractable roof (closed),fieldturf,2:52,"69,921",Atlanta Falcons -1.5,41.5 (under),,,
2023,6,Miami Dolphins,Carolina Panthers,2023-10-15,1:00PM,Miami,/boxscores/202310150mia.htm,Dolphins (deferred),,outdoors,grass,3:01,"65,529",Miami Dolphins -14.0,47.5 (over),87 degrees, relative humidity 56%, wind 12 mph
2023,6,Minnesota Vikings,Chicago Bears,2023-10-15,1:00PM,Chicago,/boxscores/202310150chi.htm,Vikings (deferred),,outdoors,grass,2:55,"62,167",Minnesota Vikings -3.0,44.5 (under),53 degrees, relative humidity 74%, wind 16 mph
2023,6,Cincinnati Bengals,Seattle Seahawks,2023-10-15,1:00PM,Cincinnati,/boxscores/202310150cin.htm,Bengals (deferred),,outdoors,fieldturf,2:51,"66,385",Cincinnati Bengals -3.0,45.5 (under),57 degrees, relative humidity 59%, wind 15 mph
2023,6,Jacksonville Jaguars,Indianapolis Colts,2023-10-15,1:00PM,Jacksonville,/boxscores/202310150jax.htm,Colts,,outdoors,grass,2:58,"64,851",Jacksonville Jaguars -4.5,43.5 (over),,,
2023,6,Houston Texans,New Orleans Saints,2023-10-15,1:00PM,Houston,/boxscores/202310150htx.htm,Saints (deferred),,retractable roof (closed),astroturf,3:05,"71,810",New Orleans Saints -2.5,41.5 (under),,,
2023,6,Las Vegas Raiders,New England Patriots,2023-10-15,4:05PM,Las Vegas,/boxscores/202310150rai.htm,Patriots (deferred),,dome,grass,3:02,"61,985",Las Vegas Raiders -2.5,42.5 (under),,,
2023,6,Los Angeles Rams,Arizona Cardinals,2023-10-15,4:25PM,Los Angeles,/boxscores/202310150ram.htm,Rams (deferred),,dome,matrixturf,3:01,"71,202",Los Angeles Rams -7.0,47.5 (under),,,
2023,6,Detroit Lions,Tampa Bay Buccaneers,2023-10-15,4:25PM,Tampa Bay,/boxscores/202310150tam.htm,Lions (deferred),,outdoors,grass,2:51,"65,854",Detroit Lions -3.0,43.5 (under),77 degrees, relative humidity 55%, wind 13 mph
2023,6,New York Jets,Philadelphia Eagles,2023-10-15,4:25PM,New York,/boxscores/202310150nyj.htm,Eagles (deferred),,outdoors,fieldturf,3:11,"83,068",Philadelphia Eagles -6.5,43.5 (under),59 degrees, relative humidity 54%, wind 11 mph
2023,6,Buffalo Bills,New York Giants,2023-10-15,8:20PM,Buffalo,/boxscores/202310150buf.htm,Giants (deferred),,outdoors,a_turf,3:14,"70,515",Buffalo Bills -15.5,43.5 (under),46 degrees, relative humidity 90%, wind 7 mph
2023,6,Dallas Cowboys,Los Angeles Chargers,2023-10-16,8:15PM,Los Angeles,/boxscores/202310160sdg.htm,Chargers (deferred),,dome,matrixturf,3:08,"70,240",Dallas Cowboys -1.5,50.0 (under),,,
2023,7,Jacksonville Jaguars,New Orleans Saints,2023-10-19,8:15PM,New Orleans,/boxscores/202310190nor.htm,Saints (deferred),,dome,sportturf,3:10,"70,009",New Orleans Saints -2.5,40.5 (over),,,
2023,7,Cleveland Browns,Indianapolis Colts,2023-10-22,1:00PM,Indianapolis,/boxscores/202310220clt.htm,Colts (deferred),,retractable roof (open),fieldturf,3:36,"65,552",Cleveland Browns -3.5,39.5 (over),,,
2023,7,Atlanta Falcons,Tampa Bay Buccaneers,2023-10-22,1:00PM,Tampa Bay,/boxscores/202310220tam.htm,Falcons (deferred),,outdoors,grass,3:03,"62,620",Tampa Bay Buccaneers -3.0,37.5 (under),79 degrees, relative humidity 47%, wind 3 mph
2023,7,New England Patriots,Buffalo Bills,2023-10-22,1:00PM,New England,/boxscores/202310220nwe.htm,Bills (deferred),,outdoors,fieldturf,3:02,"64,628",Buffalo Bills -7.5,41.5 (over),55 degrees, relative humidity 65%, wind 13 mph
2023,7,Chicago Bears,Las Vegas Raiders,2023-10-22,1:00PM,Chicago,/boxscores/202310220chi.htm,Bears,,outdoors,grass,2:58,"62,199",Las Vegas Raiders -2.5,38.5 (over),52 degrees, relative humidity 68%, wind 8 mph
2023,7,Baltimore Ravens,Detroit Lions,2023-10-22,1:00PM,Baltimore,/boxscores/202310220rav.htm,Ravens,,outdoors,grass,3:00,"70,989",Baltimore Ravens -3.0,43.5 (over),62 degrees, relative humidity 42%, wind 16 mph
2023,7,New York Giants,Washington Commanders,2023-10-22,1:00PM,New York,/boxscores/202310220nyg.htm,Commanders (deferred),,outdoors,fieldturf,3:10,"81,671",Washington Commanders -3.0,36.5 (under),54 degrees, relative humidity 51%, wind 14 mph
2023,7,Pittsburgh Steelers,Los Angeles Rams,2023-10-22,4:05PM,Los Angeles,/boxscores/202310220ram.htm,Steelers,,dome,matrixturf,2:57,"73,471",Los Angeles Rams -3.0,43.5 (under),,,
2023,7,Seattle Seahawks,Arizona Cardinals,2023-10-22,4:05PM,Seattle,/boxscores/202310220sea.htm,Seahawks (deferred),,outdoors,fieldturf,3:00,"68,781",Seattle Seahawks -8.5,43.5 (under),56 degrees, relative humidity 83%, wind 5 mph
2023,7,Denver Broncos,Green Bay Packers,2023-10-22,4:25PM,Denver,/boxscores/202310220den.htm,Packers (deferred),,outdoors,grass,2:59,"76,880",Denver Broncos -1.0,44.0 (under),72 degrees, relative humidity 22%, wind 9 mph
2023,7,Kansas City Chiefs,Los Angeles Chargers,2023-10-22,4:25PM,Kansas City,/boxscores/202310220kan.htm,Chiefs (deferred),,outdoors,grass,2:55,"73,642",Kansas City Chiefs -5.5,48.5 (under),72 degrees, relative humidity 35%, wind 10 mph
2023,7,Philadelphia Eagles,Miami Dolphins,2023-10-22,8:20PM,Philadelphia,/boxscores/202310220phi.htm,Dolphins (deferred),,outdoors,grass,2:53,"69,879",Philadelphia Eagles -3.0,51.5 (under),55 degrees, relative humidity 44%, wind 17 mph
2023,7,Minnesota Vikings,San Francisco 49ers,2023-10-23,8:15PM,Minnesota,/boxscores/202310230min.htm,49ers (deferred),,dome,sportturf,2:56,"66,975",San Francisco 49ers -7.0,44.0 (under),,,
2023,8,Buffalo Bills,Tampa Bay Buccaneers,2023-10-26,8:15PM,Buffalo,/boxscores/202310260buf.htm,Bills (deferred),,outdoors,a_turf,3:07,"70,416",Buffalo Bills -10.0,43.5 (under),66 degrees, relative humidity 60%, wind 10 mph
2023,8,Carolina Panthers,Houston Texans,2023-10-29,1:00PM,Carolina,/boxscores/202310290car.htm,Panthers (deferred),,outdoors,grass,2:57,"71,505",Houston Texans -3.5,42.5 (under),77 degrees, relative humidity 50%, wind 14 mph
2023,8,Dallas Cowboys,Los Angeles Rams,2023-10-29,1:00PM,Dallas,/boxscores/202310290dal.htm,Rams (deferred),,retractable roof (closed),matrixturf,2:57,"93,448",Dallas Cowboys -6.5,44.5 (over),,,
2023,8,Minnesota Vikings,Green Bay Packers,2023-10-29,1:00PM,Green Bay,/boxscores/202310290gnb.htm,Vikings (deferred),,outdoors,grass,3:08,"78,113",Minnesota Vikings -1.5,41.5 (under),39 degrees, relative humidity 62%, wind 8 mph
2023,8,Tennessee Titans,Atlanta Falcons,2023-10-29,1:00PM,Tennessee,/boxscores/202310290oti.htm,Falcons (deferred),,outdoors,grass,3:12,"68,008",Atlanta Falcons -2.5,35.5 (over),77 degrees, relative humidity 52%, wind 7 mph
2023,8,New Orleans Saints,Indianapolis Colts,2023-10-29,1:00PM,Indianapolis,/boxscores/202310290clt.htm,Colts,,retractable roof (closed),fieldturf,3:14,"65,427",New Orleans Saints -1.5,43.5 (over),,,
2023,8,Jacksonville Jaguars,Pittsburgh Steelers,2023-10-29,1:00PM,Pittsburgh,/boxscores/202310290pit.htm,Jaguars (deferred),,outdoors,grass,3:14,"67,225",Jacksonville Jaguars -2.5,40.5 (under),58 degrees, relative humidity 95%, wind 2 mph
2023,8,Miami Dolphins,New England Patriots,2023-10-29,1:00PM,Miami,/boxscores/202310290mia.htm,Dolphins (deferred),,outdoors,grass,3:02,"65,836",Miami Dolphins -8.5,46.5 (over),83 degrees, relative humidity 68%, wind 17 mph
2023,8,New York Jets,New York Giants,2023-10-29,1:00PM,New York,/boxscores/202310290nyg.htm,Giants (deferred),Giants,outdoors,fieldturf,3:28,"83,367",New York Jets -3.5,34.5 (under),52 degrees, relative humidity 89%, wind 6 mph
2023,8,Philadelphia Eagles,Washington Commanders,2023-10-29,1:00PM,Washington,/boxscores/202310290was.htm,Eagles (deferred),,outdoors,grass,3:14,"64,653",Philadelphia Eagles -6.5,42.5 (over),69 degrees, relative humidity 77%, wind 4 mph
2023,8,Seattle Seahawks,Cleveland Browns,2023-10-29,4:05PM,Seattle,/boxscores/202310290sea.htm,Seahawks (deferred),,outdoors,fieldturf,3:02,"68,807",Seattle Seahawks -4.5,39.5 (over),47 degrees, relative humidity 60%, wind 3 mph
2023,8,Cincinnati Bengals,San Francisco 49ers,2023-10-29,4:25PM,San Francisco,/boxscores/202310290sfo.htm,Bengals (deferred),,outdoors,grass,2:54,"71,655",San Francisco 49ers -4.5,44.5 (over),74 degrees, relative humidity 15%, wind 10 mph
2023,8,Baltimore Ravens,Arizona Cardinals,2023-10-29,4:25PM,Arizona,/boxscores/202310290crd.htm,Ravens (deferred),,retractable roof (closed),grass,3:10,"63,064",Baltimore Ravens -9.5,44.5 (over),,,
2023,8,Denver Broncos,Kansas City Chiefs,2023-10-29,4:25PM,Denver,/boxscores/202310290den.htm,Broncos (deferred),,outdoors,grass,3:00,"76,286",Kansas City Chiefs -7.0,45.5 (under),26 degrees, relative humidity 55%, wind 7 mph
2023,8,Los Angeles Chargers,Chicago Bears,2023-10-29,8:20PM,Los Angeles,/boxscores/202310290sdg.htm,Chargers (deferred),,dome,matrixturf,2:55,"70,240",Los Angeles Chargers -10.5,45.5 (under),,,
2023,8,Detroit Lions,Las Vegas Raiders,2023-10-30,8:15PM,Detroit,/boxscores/202310300det.htm,Raiders (deferred),,dome,fieldturf,3:00,"66,774",Detroit Lions -7.0,45.5 (under),,,
2023,9,Pittsburgh Steelers,Tennessee Titans,2023-11-02,8:15PM,Pittsburgh,/boxscores/202311020pit.htm,Steelers,,outdoors,grass,3:12,"65,969",Pittsburgh Steelers -3.0,36.5 (under),40 degrees, relative humidity 58%, wind 5 mph
2023,9,Kansas City Chiefs,Miami Dolphins,2023-11-05,9:30AM,Kansas City,/boxscores/202311050kan.htm,Dolphins (deferred),,retractable roof (closed),grass,3:04,"50,023",Kansas City Chiefs -1.5,51.5 (under),,,
2023,9,Cleveland Browns,Arizona Cardinals,2023-11-05,1:00PM,Cleveland,/boxscores/202311050cle.htm,Browns (deferred),,outdoors,grass,2:58,"67,919",Cleveland Browns -13.5,38.5 (under),56 degrees, relative humidity 58%, wind 7 mph
2023,9,Green Bay Packers,Los Angeles Rams,2023-11-05,1:00PM,Green Bay,/boxscores/202311050gnb.htm,Packers (deferred),,outdoors,grass,3:05,"77,409",Green Bay Packers -3.5,37.5 (under),51 degrees, relative humidity 54%, wind 8 mph
2023,9,Houston Texans,Tampa Bay Buccaneers,2023-11-05,1:00PM,Houston,/boxscores/202311050htx.htm,Buccaneers (deferred),,retractable roof (closed),astroturf,3:24,"70,785",Houston Texans -2.5,36.5 (over),,,
2023,9,Minnesota Vikings,Atlanta Falcons,2023-11-05,1:00PM,Atlanta,/boxscores/202311050atl.htm,Vikings (deferred),,retractable roof (open),fieldturf,3:15,"69,715",Atlanta Falcons -3.5,39.5 (over),,,
2023,9,New Orleans Saints,Chicago Bears,2023-11-05,1:00PM,New Orleans,/boxscores/202311050nor.htm,Bears,,dome,sportturf,3:01,"70,006",New Orleans Saints -8.5,42.5 (under),,,
2023,9,Washington Commanders,New England Patriots,2023-11-05,1:00PM,New England,/boxscores/202311050nwe.htm,Patriots (deferred),,outdoors,fieldturf,3:04,"64,628",New England Patriots -2.5,40.5 (under),62 degrees, relative humidity 51%, wind 6 mph
2023,9,Baltimore Ravens,Seattle Seahawks,2023-11-05,1:00PM,Baltimore,/boxscores/202311050rav.htm,Ravens (deferred),,outdoors,grass,2:58,"70,753",Baltimore Ravens -6.5,44.5 (under),70 degrees, relative humidity 32%, wind 6 mph
2023,9,Indianapolis Colts,Carolina Panthers,2023-11-05,4:05PM,Carolina,/boxscores/202311050car.htm,Colts (deferred),,outdoors,grass,3:01,"72,301",Indianapolis Colts -1.5,44.5 (under),75 degrees, relative humidity 31%, wind 2 mph
2023,9,Philadelphia Eagles,Dallas Cowboys,2023-11-05,4:25PM,Philadelphia,/boxscores/202311050phi.htm,Eagles (deferred),,outdoors,grass,3:16,"69,879",Philadelphia Eagles -3.0,46.5 (over),64 degrees, relative humidity 41%, wind 6 mph
2023,9,Las Vegas Raiders,New York Giants,2023-11-05,4:25PM,Las Vegas,/boxscores/202311050rai.htm,Raiders (deferred),,dome,grass,2:59,"62,082",Las Vegas Raiders -1.5,38.5 (under),,,
2023,9,Cincinnati Bengals,Buffalo Bills,2023-11-05,8:20PM,Cincinnati,/boxscores/202311050cin.htm,Bengals,,outdoors,fieldturf,3:01,"66,965",Cincinnati Bengals -1.5,50.5 (under),51 degrees, relative humidity 61%, wind 5 mph
2023,9,Los Angeles Chargers,New York Jets,2023-11-06,8:15PM,New York,/boxscores/202311060nyj.htm,Jets (deferred),,outdoors,fieldturf,3:00,"75,407",Los Angeles Chargers -3.0,41.0 (under),48 degrees, relative humidity 83%, wind 4 mph
2023,10,Chicago Bears,Carolina Panthers,2023-11-09,8:15PM,Chicago,/boxscores/202311090chi.htm,Panthers (deferred),,outdoors,grass,2:53,"61,200",Chicago Bears -3.5,38.5 (under),51 degrees, relative humidity 40%, wind 8 mph
2023,10,Indianapolis Colts,New England Patriots,2023-11-12,9:30AM,New England,/boxscores/202311120nwe.htm,Colts (deferred),,retractable roof (closed),grass,2:44,"50,144",Indianapolis Colts -2.5,41.5 (under),,,
2023,10,Houston Texans,Cincinnati Bengals,2023-11-12,1:00PM,Cincinnati,/boxscores/202311120cin.htm,Texans (deferred),,outdoors,fieldturf,3:10,"66,526",Cincinnati Bengals -5.5,45.5 (over),56 degrees, relative humidity 42%, wind 6 mph
2023,10,Cleveland Browns,Baltimore Ravens,2023-11-12,1:00PM,Baltimore,/boxscores/202311120rav.htm,Ravens (deferred),,outdoors,grass,3:22,"70,424",Baltimore Ravens -6.0,38.5 (over),49 degrees, relative humidity 46%, wind 4 mph
2023,10,Pittsburgh Steelers,Green Bay Packers,2023-11-12,1:00PM,Pittsburgh,/boxscores/202311120pit.htm,Packers (deferred),,outdoors,grass,3:08,"67,617",Pittsburgh Steelers -3.0,38.5 (over),50 degrees, relative humidity 58%, wind 5 mph
2023,10,San Francisco 49ers,Jacksonville Jaguars,2023-11-12,1:00PM,Jacksonville,/boxscores/202311120jax.htm,49ers (deferred),,outdoors,grass,2:59,"69,271",San Francisco 49ers -3.0,44.5 (under),59 degrees, relative humidity 94%, wind 11 mph
2023,10,Tampa Bay Buccaneers,Tennessee Titans,2023-11-12,1:00PM,Tampa Bay,/boxscores/202311120tam.htm,Buccaneers (deferred),,outdoors,grass,2:55,"62,725",Tampa Bay Buccaneers -2.5,38.5 (under),85 degrees, relative humidity 66%, wind 6 mph
2023,10,Minnesota Vikings,New Orleans Saints,2023-11-12,1:00PM,Minnesota,/boxscores/202311120min.htm,Saints (deferred),,dome,sportturf,3:22,"66,933",New Orleans Saints -2.5,40.5 (over),,,
2023,10,Detroit Lions,Los Angeles Chargers,2023-11-12,4:05PM,Los Angeles,/boxscores/202311120sdg.htm,Lions (deferred),,dome,matrixturf,2:58,"70,240",Detroit Lions -2.5,48.5 (over),,,
2023,10,Arizona Cardinals,Atlanta Falcons,2023-11-12,4:05PM,Arizona,/boxscores/202311120crd.htm,Falcons (deferred),,retractable roof (closed),grass,3:02,"62,861",Atlanta Falcons -2.5,43.5 (over),,,
2023,10,Dallas Cowboys,New York Giants,2023-11-12,4:25PM,Dallas,/boxscores/202311120dal.htm,Giants (deferred),,retractable roof (closed),matrixturf,3:14,"93,338",Dallas Cowboys -17.5,38.5 (over),,,
2023,10,Seattle Seahawks,Washington Commanders,2023-11-12,4:25PM,Seattle,/boxscores/202311120sea.htm,Seahawks (deferred),,outdoors,fieldturf,3:11,"68,721",Seattle Seahawks -5.5,44.5 (over),52 degrees, relative humidity 76%, wind 4 mph
2023,10,Las Vegas Raiders,New York Jets,2023-11-12,8:20PM,Las Vegas,/boxscores/202311120rai.htm,Jets (deferred),,dome,grass,3:03,"62,383",New York Jets -1.5,35.5 (under),,,
2023,10,Denver Broncos,Buffalo Bills,2023-11-13,8:15PM,Buffalo,/boxscores/202311130buf.htm,Bills,,outdoors,a_turf,3:10,"70,318",Buffalo Bills -7.5,47.5 (under),49 degrees, relative humidity 61%, wind 10 mph
2023,11,Baltimore Ravens,Cincinnati Bengals,2023-11-16,8:15PM,Baltimore,/boxscores/202311160rav.htm,Bengals (deferred),,outdoors,grass,3:08,"70,997",Baltimore Ravens -4.0,46.0 (over),56 degrees, relative humidity 54%, wind 1 mph
2023,11,Dallas Cowboys,Carolina Panthers,2023-11-19,1:00PM,Carolina,/boxscores/202311190car.htm,Panthers (deferred),,outdoors,grass,3:02,"73,543",Dallas Cowboys -11.0,43.0 (push),65 degrees, relative humidity 28%, wind 2 mph
2023,11,Cleveland Browns,Pittsburgh Steelers,2023-11-19,1:00PM,Cleveland,/boxscores/202311190cle.htm,Steelers (deferred),,outdoors,grass,3:06,"67,919",Cleveland Browns -2.0,33.0 (under),48 degrees, relative humidity 67%, wind 11 mph
2023,11,Green Bay Packers,Los Angeles Chargers,2023-11-19,1:00PM,Green Bay,/boxscores/202311190gnb.htm,Chargers (deferred),,outdoors,grass,3:08,"77,432",Los Angeles Chargers -3.0,44.0 (under),45 degrees, relative humidity 55%, wind 5 mph
2023,11,Jacksonville Jaguars,Tennessee Titans,2023-11-19,1:00PM,Jacksonville,/boxscores/202311190jax.htm,Jaguars (deferred),,outdoors,grass,2:47,"67,175",Jacksonville Jaguars -6.5,40.0 (over),75 degrees, relative humidity 62%, wind 3 mph
2023,11,Miami Dolphins,Las Vegas Raiders,2023-11-19,1:00PM,Miami,/boxscores/202311190mia.htm,Dolphins (deferred),,outdoors,grass,3:08,"66,026",Miami Dolphins -13.5,46.0 (under),82 degrees, relative humidity 71%, wind 7 mph
2023,11,Detroit Lions,Chicago Bears,2023-11-19,1:00PM,Detroit,/boxscores/202311190det.htm,Lions (deferred),,dome,fieldturf,3:03,"63,873",Detroit Lions -8.0,48.0 (over),,,
2023,11,Houston Texans,Arizona Cardinals,2023-11-19,1:00PM,Houston,/boxscores/202311190htx.htm,Texans (deferred),,retractable roof (closed),astroturf,2:51,"70,247",Houston Texans -5.5,49.0 (under),,,
2023,11,New York Giants,Washington Commanders,2023-11-19,1:00PM,Washington,/boxscores/202311190was.htm,Commanders (deferred),,outdoors,grass,3:08,"62,714",Washington Commanders -9.0,38.0 (over),56 degrees, relative humidity 32%, wind 7 mph
2023,11,San Francisco 49ers,Tampa Bay Buccaneers,2023-11-19,4:05PM,San Francisco,/boxscores/202311190sfo.htm,Buccaneers (deferred),,outdoors,grass,2:56,"71,607",San Francisco 49ers -13.0,41.0 (push),65 degrees, relative humidity 52%, wind 10 mph
2023,11,Los Angeles Rams,Seattle Seahawks,2023-11-19,4:25PM,Los Angeles,/boxscores/202311190ram.htm,Seahawks (deferred),,dome,matrixturf,3:07,"72,704",Los Angeles Rams -2.0,46.0 (under),,,
2023,11,Buffalo Bills,New York Jets,2023-11-19,4:25PM,Buffalo,/boxscores/202311190buf.htm,Bills (deferred),,outdoors,a_turf,3:23,"70,603",Buffalo Bills -7.5,39.0 (under),40 degrees, relative humidity 60%, wind 9 mph
2023,11,Denver Broncos,Minnesota Vikings,2023-11-19,8:20PM,Denver,/boxscores/202311190den.htm,Broncos (deferred),,outdoors,grass,3:02,"76,848",Denver Broncos -3.0,41.0 (push),53 degrees, relative humidity 30%, wind 3 mph
2023,11,Philadelphia Eagles,Kansas City Chiefs,2023-11-20,8:15PM,Kansas City,/boxscores/202311200kan.htm,Eagles (deferred),,outdoors,grass,3:04,"73,754",Kansas City Chiefs -2.5,46.0 (under),45 degrees, relative humidity 90%, wind 12 mph
2023,12,Green Bay Packers,Detroit Lions,2023-11-23,12:30PM,Detroit,/boxscores/202311230det.htm,Packers,,dome,fieldturf,3:07,"66,476",Detroit Lions -8.0,47.0 (over),,,
2023,12,Dallas Cowboys,Washington Commanders,2023-11-23,4:30PM,Dallas,/boxscores/202311230dal.htm,Cowboys (deferred),,retractable roof (closed),matrixturf,3:07,"93,711",Dallas Cowboys -13.5,48.5 (over),,,
2023,12,San Francisco 49ers,Seattle Seahawks,2023-11-23,8:20PM,Seattle,/boxscores/202311230sea.htm,Seahawks (deferred),,outdoors,fieldturf,2:58,"68,702",San Francisco 49ers -7.5,43.5 (over),39 degrees, relative humidity 91%, wind 4 mph
2023,12,Miami Dolphins,New York Jets,2023-11-24,3:00PM,New York,/boxscores/202311240nyj.htm,Dolphins (deferred),,outdoors,fieldturf,3:00,"82,973",Miami Dolphins -9.5,40.5 (over),48 degrees, relative humidity 45%, wind 11 mph
2023,12,Atlanta Falcons,New Orleans Saints,2023-11-26,1:00PM,Atlanta,/boxscores/202311260atl.htm,Falcons (deferred),,retractable roof (closed),fieldturf,2:53,"70,166",New Orleans Saints -1.5,42.0 (under),,,
2023,12,Tennessee Titans,Carolina Panthers,2023-11-26,1:00PM,Tennessee,/boxscores/202311260oti.htm,Panthers (deferred),,outdoors,grass,3:01,"62,493",Tennessee Titans -3.5,36.5 (under),51 degrees, relative humidity 82%, wind 13 mph
2023,12,Pittsburgh Steelers,Cincinnati Bengals,2023-11-26,1:00PM,Cincinnati,/boxscores/202311260cin.htm,Bengals (deferred),,outdoors,fieldturf,2:48,"65,090",Pittsburgh Steelers -2.0,36.5 (under),48 degrees, relative humidity 78%, wind 9 mph
2023,12,Indianapolis Colts,Tampa Bay Buccaneers,2023-11-26,1:00PM,Indianapolis,/boxscores/202311260clt.htm,Colts (deferred),,retractable roof (closed),fieldturf,2:57,"64,407",Indianapolis Colts -2.5,45.5 (over),,,
2023,12,Jacksonville Jaguars,Houston Texans,2023-11-26,1:00PM,Houston,/boxscores/202311260htx.htm,Jaguars (deferred),,retractable roof (closed),astroturf,3:08,"71,324",Jacksonville Jaguars -1.5,48.0 (under),,,
2023,12,New York Giants,New England Patriots,2023-11-26,1:00PM,New York,/boxscores/202311260nyg.htm,Patriots (deferred),,outdoors,fieldturf,2:53,"82,211",New England Patriots -4.0,34.0 (under),43 degrees, relative humidity 65%, wind 6 mph
2023,12,Denver Broncos,Cleveland Browns,2023-11-26,4:05PM,Denver,/boxscores/202311260den.htm,Broncos (deferred),,outdoors,grass,3:12,"76,261",Denver Broncos -1.0,37.0 (over),40 degrees, relative humidity 37%, wind 5 mph
2023,12,Los Angeles Rams,Arizona Cardinals,2023-11-26,4:05PM,Arizona,/boxscores/202311260crd.htm,Cardinals (deferred),,retractable roof (closed),grass,3:00,"62,177",Los Angeles Rams -2.5,45.0 (over),,,
2023,12,Kansas City Chiefs,Las Vegas Raiders,2023-11-26,4:25PM,Las Vegas,/boxscores/202311260rai.htm,Chiefs (deferred),,dome,grass,2:48,"62,441",Kansas City Chiefs -10.0,43.0 (over),,,
2023,12,Philadelphia Eagles,Buffalo Bills,2023-11-26,4:25PM,Philadelphia,/boxscores/202311260phi.htm,Eagles (deferred),Bills,outdoors,grass,3:40,"69,879",Philadelphia Eagles -3.0,48.5 (over),47 degrees, relative humidity 88%, wind 6 mph
2023,12,Baltimore Ravens,Los Angeles Chargers,2023-11-26,8:20PM,Los Angeles,/boxscores/202311260sdg.htm,Ravens (deferred),,dome,matrixturf,3:04,"70,240",Baltimore Ravens -3.0,48.0 (under),,,
2023,12,Chicago Bears,Minnesota Vikings,2023-11-27,8:15PM,Minnesota,/boxscores/202311270min.htm,Vikings (deferred),,dome,sportturf,2:51,"66,843",Minnesota Vikings -3.0,44.0 (under),,,
2023,13,Dallas Cowboys,Seattle Seahawks,2023-11-30,8:15PM,Dallas,/boxscores/202311300dal.htm,Seahawks (deferred),,retractable roof (closed),matrixturf,3:25,"93,367",Dallas Cowboys -9.5,47.0 (over),,,
2023,13,Atlanta Falcons,New York Jets,2023-12-03,1:00PM,New York,/boxscores/202312030nyj.htm,Jets (deferred),,outdoors,fieldturf,3:20,"74,455",Atlanta Falcons -2.0,33.5 (under),50 degrees, relative humidity 90%, wind 8 mph
2023,13,Indianapolis Colts,Tennessee Titans,2023-12-03,1:00PM,Tennessee,/boxscores/202312030oti.htm,Colts (deferred),Titans,outdoors,grass,3:34,"62,641",Indianapolis Colts -1.0,42.0 (over),53 degrees, relative humidity 77%, wind 13 mph
2023,13,Houston Texans,Denver Broncos,2023-12-03,1:00PM,Houston,/boxscores/202312030htx.htm,Broncos (deferred),,retractable roof (closed),astroturf,3:09,"71,670",Houston Texans -3.0,47.0 (under),,,
2023,13,Detroit Lions,New Orleans Saints,2023-12-03,1:00PM,New Orleans,/boxscores/202312030nor.htm,Saints (deferred),,dome,sportturf,3:09,"70,003",Detroit Lions -4.5,47.5 (over),,,
2023,13,Miami Dolphins,Washington Commanders,2023-12-03,1:00PM,Washington,/boxscores/202312030was.htm,Dolphins (deferred),,outdoors,grass,2:50,"63,459",Miami Dolphins -9.0,49.5 (over),53 degrees, relative humidity 99%, wind 2 mph
2023,13,Los Angeles Chargers,New England Patriots,2023-12-03,1:00PM,New England,/boxscores/202312030nwe.htm,Chargers (deferred),,outdoors,fieldturf,2:47,"64,628",Los Angeles Chargers -5.5,39.0 (under),44 degrees, relative humidity 94%, wind 8 mph
2023,13,Arizona Cardinals,Pittsburgh Steelers,2023-12-03,1:00PM,Pittsburgh,/boxscores/202312030pit.htm,Cardinals (deferred),,outdoors,grass,4:18,"66,436",Pittsburgh Steelers -6.5,41.0 (under),56 degrees, relative humidity 88%, wind 12 mph
2023,13,Tampa Bay Buccaneers,Carolina Panthers,2023-12-03,4:05PM,Tampa Bay,/boxscores/202312030tam.htm,Panthers (deferred),,outdoors,grass,3:08,"62,432",Tampa Bay Buccaneers -3.5,36.5 (over),81 degrees, relative humidity 77%, wind 8 mph
2023,13,Los Angeles Rams,Cleveland Browns,2023-12-03,4:25PM,Los Angeles,/boxscores/202312030ram.htm,Rams (deferred),,dome,matrixturf,3:20,"72,887",Los Angeles Rams -4.0,40.5 (over),,,
2023,13,San Francisco 49ers,Philadelphia Eagles,2023-12-03,4:25PM,Philadelphia,/boxscores/202312030phi.htm,49ers (deferred),,outdoors,grass,3:08,"69,879",San Francisco 49ers -3.0,48.0 (over),52 degrees, relative humidity 95%, wind 44 mph
2023,13,Green Bay Packers,Kansas City Chiefs,2023-12-03,8:20PM,Green Bay,/boxscores/202312030gnb.htm,Chiefs (deferred),,outdoors,grass,3:05,"78,124",Kansas City Chiefs -5.5,42.5 (over),31 degrees, relative humidity 85%, wind 9 mph
2023,13,Cincinnati Bengals,Jacksonville Jaguars,2023-12-04,8:15PM,Jacksonville,/boxscores/202312040jax.htm,Jaguars (deferred),Jaguars,outdoors,grass,3:27,"67,951",Jacksonville Jaguars -10.0,40.0 (over),61 degrees, relative humidity 60%, wind 4 mph
2023,14,New England Patriots,Pittsburgh Steelers,2023-12-07,8:15PM,Pittsburgh,/boxscores/202312070pit.htm,Steelers (deferred),,outdoors,grass,3:01,"66,376",Pittsburgh Steelers -6.0,30.0 (over),42 degrees, relative humidity 71%, wind 5 mph
2023,14,Tampa Bay Buccaneers,Atlanta Falcons,2023-12-10,1:00PM,Atlanta,/boxscores/202312100atl.htm,Falcons (deferred),,retractable roof (closed),fieldturf,3:02,"69,496",Atlanta Falcons -1.0,41.0 (over),,,
2023,14,New Orleans Saints,Carolina Panthers,2023-12-10,1:00PM,New Orleans,/boxscores/202312100nor.htm,Saints (deferred),,dome,sportturf,2:57,"70,009",New Orleans Saints -6.0,38.5 (under),,,
2023,14,Chicago Bears,Detroit Lions,2023-12-10,1:00PM,Chicago,/boxscores/202312100chi.htm,Bears,,outdoors,grass,3:04,"62,185",Detroit Lions -3.0,43.0 (under),36 degrees, relative humidity 70%, wind 12 mph
2023,14,Cincinnati Bengals,Indianapolis Colts,2023-12-10,1:00PM,Cincinnati,/boxscores/202312100cin.htm,Bengals (deferred),,outdoors,fieldturf,2:55,"65,981",Cincinnati Bengals -2.5,44.5 (over),40 degrees, relative humidity 68%, wind 9 mph
2023,14,Cleveland Browns,Jacksonville Jaguars,2023-12-10,1:00PM,Cleveland,/boxscores/202312100cle.htm,Jaguars (deferred),,outdoors,grass,3:43,"67,431",Cleveland Browns -2.5,34.0 (over),39 degrees, relative humidity 70%, wind 11 mph
2023,14,New York Jets,Houston Texans,2023-12-10,1:00PM,New York,/boxscores/202312100nyj.htm,Jets (deferred),,outdoors,fieldturf,2:57,"72,956",Houston Texans -3.5,33.0 (over),58 degrees, relative humidity 94%, wind 7 mph
2023,14,Baltimore Ravens,Los Angeles Rams,2023-12-10,1:00PM,Baltimore,/boxscores/202312100rav.htm,Ravens,Ravens,outdoors,grass,3:37,"70,492",Baltimore Ravens -7.5,39.5 (over),57 degrees, relative humidity 91%, wind 5 mph
2023,14,Minnesota Vikings,Las Vegas Raiders,2023-12-10,4:05PM,Las Vegas,/boxscores/202312100rai.htm,Vikings (deferred),,dome,grass,3:07,"62,626",Minnesota Vikings -3.0,40.0 (under),,,
2023,14,San Francisco 49ers,Seattle Seahawks,2023-12-10,4:05PM,San Francisco,/boxscores/202312100sfo.htm,Seahawks (deferred),,outdoors,grass,3:00,"71,816",San Francisco 49ers -13.5,46.5 (under),63 degrees, relative humidity 42%, wind 5 mph
2023,14,Buffalo Bills,Kansas City Chiefs,2023-12-10,4:25PM,Kansas City,/boxscores/202312100kan.htm,Bills (deferred),,outdoors,grass,3:16,"73,639",Kansas City Chiefs -1.5,48.5 (under),45 degrees, relative humidity 43%, wind 5 mph
2023,14,Denver Broncos,Los Angeles Chargers,2023-12-10,4:25PM,Los Angeles,/boxscores/202312100sdg.htm,Broncos (deferred),,dome,matrixturf,3:00,"70,240",Los Angeles Chargers -2.5,43.5 (under),,,
2023,14,Dallas Cowboys,Philadelphia Eagles,2023-12-10,8:20PM,Dallas,/boxscores/202312100dal.htm,Eagles (deferred),,retractable roof (closed),matrixturf,3:08,"93,752",Dallas Cowboys -3.5,51.5 (under),,,
2023,14,New York Giants,Green Bay Packers,2023-12-11,8:15PM,New York,/boxscores/202312110nyg.htm,Packers,,outdoors,fieldturf,3:07,"76,637",Green Bay Packers -6.0,37.0 (over),39 degrees, relative humidity 50%, wind 14 mph
2023,14,Tennessee Titans,Miami Dolphins,2023-12-11,8:15PM,Miami,/boxscores/202312110mia.htm,Dolphins (deferred),,outdoors,grass,3:28,"66,068",Miami Dolphins -13.5,46.5 (over),64 degrees, relative humidity 73%, wind 9 mph
2023,15,Las Vegas Raiders,Los Angeles Chargers,2023-12-14,8:15PM,Las Vegas,/boxscores/202312140rai.htm,Raiders (deferred),,dome,grass,3:13,"61,654",Las Vegas Raiders -3.0,34.0 (over),,,
2023,15,Cincinnati Bengals,Minnesota Vikings,2023-12-16,1:00PM,Cincinnati,/boxscores/202312160cin.htm,Vikings (deferred),Bengals,outdoors,fieldturf,3:19,"66,376",Cincinnati Bengals -3.0,41.0 (over),53 degrees, relative humidity 42%, wind 5 mph
2023,15,Indianapolis Colts,Pittsburgh Steelers,2023-12-16,4:30PM,Indianapolis,/boxscores/202312160clt.htm,Steelers,,retractable roof (closed),fieldturf,2:58,"64,171",Indianapolis Colts -1.0,42.5 (over),,,
2023,15,Detroit Lions,Denver Broncos,2023-12-16,8:15PM,Detroit,/boxscores/202312160det.htm,Lions,,dome,fieldturf,3:03,"64,500",Detroit Lions -4.5,48.0 (over),,,
2023,15,Carolina Panthers,Atlanta Falcons,2023-12-17,1:00PM,Carolina,/boxscores/202312170car.htm,Panthers (deferred),,outdoors,grass,2:45,"70,301",Atlanta Falcons -3.0,33.0 (under),47 degrees, relative humidity 90%, wind 11 mph
2023,15,Cleveland Browns,Chicago Bears,2023-12-17,1:00PM,Cleveland,/boxscores/202312170cle.htm,Browns,,outdoors,grass,3:21,"67,919",Cleveland Browns -3.0,38.0 (under),45 degrees, relative humidity 84%, wind 15 mph
2023,15,Tampa Bay Buccaneers,Green Bay Packers,2023-12-17,1:00PM,Green Bay,/boxscores/202312170gnb.htm,Packers (deferred),,outdoors,grass,2:48,"77,275",Green Bay Packers -3.5,42.5 (over),42 degrees, relative humidity 85%, wind 8 mph
2023,15,Houston Texans,Tennessee Titans,2023-12-17,1:00PM,Tennessee,/boxscores/202312170oti.htm,Titans (deferred),Titans,outdoors,grass,3:23,"66,219",Tennessee Titans -3.0,37.0 (under),48 degrees, relative humidity 77%, wind 9 mph
2023,15,Kansas City Chiefs,New England Patriots,2023-12-17,1:00PM,New England,/boxscores/202312170nwe.htm,Chiefs (deferred),,outdoors,fieldturf,2:53,"64,628",Kansas City Chiefs -8.5,37.0 (over),53 degrees, relative humidity 74%, wind 7 mph
2023,15,Miami Dolphins,New York Jets,2023-12-17,1:00PM,Miami,/boxscores/202312170mia.htm,Jets (deferred),,outdoors,grass,2:56,"65,967",Miami Dolphins -9.0,36.5 (under),76 degrees, relative humidity 69%, wind 15 mph
2023,15,New Orleans Saints,New York Giants,2023-12-17,1:00PM,New Orleans,/boxscores/202312170nor.htm,Saints (deferred),,dome,sportturf,2:51,"70,038",New Orleans Saints -5.5,39.5 (under),,,
2023,15,San Francisco 49ers,Arizona Cardinals,2023-12-17,4:05PM,Arizona,/boxscores/202312170crd.htm,49ers (deferred),,retractable roof (open),grass,3:05,"63,967",San Francisco 49ers -12.0,48.5 (over),,,
2023,15,Los Angeles Rams,Washington Commanders,2023-12-17,4:05PM,Los Angeles,/boxscores/202312170ram.htm,Rams (deferred),,dome,matrixturf,3:08,"72,035",Los Angeles Rams -6.5,50.5 (under),,,
2023,15,Buffalo Bills,Dallas Cowboys,2023-12-17,4:25PM,Buffalo,/boxscores/202312170buf.htm,Cowboys (deferred),,outdoors,a_turf,2:43,"70,933",Buffalo Bills -2.0,49.5 (under),48 degrees, relative humidity 90%, wind 9 mph
2023,15,Baltimore Ravens,Jacksonville Jaguars,2023-12-17,8:20PM,Jacksonville,/boxscores/202312170jax.htm,Ravens (deferred),,outdoors,grass,3:03,"68,021",Baltimore Ravens -3.0,42.0 (under),58 degrees, relative humidity 81%, wind 13 mph
2023,15,Seattle Seahawks,Philadelphia Eagles,2023-12-18,8:15PM,Seattle,/boxscores/202312180sea.htm,Seahawks (deferred),,outdoors,fieldturf,3:03,"68,758",Philadelphia Eagles -3.0,45.0 (under),46 degrees, relative humidity 82%, wind 2 mph
2023,16,Los Angeles Rams,New Orleans Saints,2023-12-21,8:15PM,Los Angeles,/boxscores/202312210ram.htm,Rams (deferred),,dome,matrixturf,2:52,"73,228",Los Angeles Rams -4.0,46.0 (over),,,
2023,16,Pittsburgh Steelers,Cincinnati Bengals,2023-12-23,4:30PM,Pittsburgh,/boxscores/202312230pit.htm,Steelers (deferred),,outdoors,grass,2:54,"66,646",Cincinnati Bengals -2.5,38.0 (over),49 degrees, relative humidity 54%, wind 5 mph
2023,16,Buffalo Bills,Los Angeles Chargers,2023-12-23,8:00PM,Los Angeles,/boxscores/202312230sdg.htm,Chargers (deferred),,dome,matrixturf,2:55,"67,678",Buffalo Bills -12.5,44.0 (over),,,
2023,16,Atlanta Falcons,Indianapolis Colts,2023-12-24,1:00PM,Atlanta,/boxscores/202312240atl.htm,Falcons (deferred),,retractable roof (closed),fieldturf,2:57,"69,221",Atlanta Falcons -3.0,45.0 (under),,,
2023,16,Green Bay Packers,Carolina Panthers,2023-12-24,1:00PM,Carolina,/boxscores/202312240car.htm,Packers (deferred),,outdoors,grass,3:07,"70,875",Green Bay Packers -4.0,37.5 (over),67 degrees, relative humidity 43%, wind 1 mph
2023,16,Cleveland Browns,Houston Texans,2023-12-24,1:00PM,Houston,/boxscores/202312240htx.htm,Texans (deferred),,retractable roof (closed),astroturf,3:20,"70,831",Cleveland Browns -3.0,40.0 (over),,,
2023,16,Detroit Lions,Minnesota Vikings,2023-12-24,1:00PM,Minnesota,/boxscores/202312240min.htm,Lions,,dome,sportturf,3:15,"66,932",Detroit Lions -3.0,47.5 (over),,,
2023,16,New York Jets,Washington Commanders,2023-12-24,1:00PM,New York,/boxscores/202312240nyj.htm,Jets (deferred),,outdoors,fieldturf,3:30,"67,470",New York Jets -3.0,37.5 (over),45 degrees, relative humidity 80%, wind 2 mph
2023,16,Seattle Seahawks,Tennessee Titans,2023-12-24,1:00PM,Tennessee,/boxscores/202312240oti.htm,Seahawks (deferred),,outdoors,grass,2:59,"60,181",Seattle Seahawks -3.5,41.5 (under),61 degrees, relative humidity 64%, wind 4 mph
2023,16,Tampa Bay Buccaneers,Jacksonville Jaguars,2023-12-24,4:05PM,Tampa Bay,/boxscores/202312240tam.htm,Jaguars (deferred),,outdoors,grass,2:53,"62,547",Jacksonville Jaguars -1.0,43.5 (under),72 degrees, relative humidity 72%, wind 11 mph
2023,16,Chicago Bears,Arizona Cardinals,2023-12-24,4:25PM,Chicago,/boxscores/202312240chi.htm,Bears,,outdoors,grass,2:59,"59,978",Chicago Bears -4.0,43.0 (push),52 degrees, relative humidity 78%, wind 4 mph
2023,16,Miami Dolphins,Dallas Cowboys,2023-12-24,4:25PM,Miami,/boxscores/202312240mia.htm,Cowboys,,outdoors,grass,3:01,"66,410",Miami Dolphins -1.5,49.0 (under),75 degrees, relative humidity 66%, wind 15 mph
2023,16,New England Patriots,Denver Broncos,2023-12-24,8:15PM,Denver,/boxscores/202312240den.htm,Broncos (deferred),,outdoors,grass,3:08,"76,201",Denver Broncos -7.0,35.0 (over),28 degrees, relative humidity 50%, wind 9 mph
2023,16,Las Vegas Raiders,Kansas City Chiefs,2023-12-25,1:00PM,Kansas City,/boxscores/202312250kan.htm,Raiders (deferred),,outdoors,grass,3:02,"73,480",Kansas City Chiefs -10.5,40.5 (under),38 degrees, relative humidity 82%, wind 11 mph
2023,16,Philadelphia Eagles,New York Giants,2023-12-25,4:30PM,Philadelphia,/boxscores/202312250phi.htm,Eagles (deferred),,outdoors,grass,3:17,"69,879",Philadelphia Eagles -13.5,43.0 (over),51 degrees, relative humidity 68%, wind 5 mph
2023,16,Baltimore Ravens,San Francisco 49ers,2023-12-25,8:15PM,San Francisco,/boxscores/202312250sfo.htm,49ers (deferred),,outdoors,grass,3:18,"71,812",San Francisco 49ers -6.0,46.5 (over),56 degrees, relative humidity 60%, wind 8 mph
2023,17,Cleveland Browns,New York Jets,2023-12-28,8:15PM,Cleveland,/boxscores/202312280cle.htm,Jets (deferred),,outdoors,grass,3:05,"67,919",Cleveland Browns -7.5,35.0 (over),47 degrees, relative humidity 76%, wind 6 mph
2023,17,Dallas Cowboys,Detroit Lions,2023-12-30,8:15PM,Dallas,/boxscores/202312300dal.htm,Cowboys (deferred),,retractable roof (closed),matrixturf,3:05,"93,731",Dallas Cowboys -5.0,52.0 (under),,,
2023,17,Chicago Bears,Atlanta Falcons,2023-12-31,1:00PM,Chicago,/boxscores/202312310chi.htm,Falcons,,outdoors,grass,3:15,"61,752",Chicago Bears -2.5,38.0 (over),32 degrees, relative humidity 92%, wind 5 mph
2023,17,Buffalo Bills,New England Patriots,2023-12-31,1:00PM,Buffalo,/boxscores/202312310buf.htm,Bills (deferred),,outdoors,a_turf,2:58,"70,772",Buffalo Bills -14.0,40.0 (over),35 degrees, relative humidity 88%, wind 4 mph
2023,17,Jacksonville Jaguars,Carolina Panthers,2023-12-31,1:00PM,Jacksonville,/boxscores/202312310jax.htm,Panthers (deferred),,outdoors,grass,2:49,"67,233",Jacksonville Jaguars -4.0,36.5 (under),56 degrees, relative humidity 47%, wind 8 mph
2023,17,Indianapolis Colts,Las Vegas Raiders,2023-12-31,1:00PM,Indianapolis,/boxscores/202312310clt.htm,Raiders (deferred),,retractable roof (closed),fieldturf,2:58,"65,538",Indianapolis Colts -4.0,42.5 (over),,,
2023,17,Arizona Cardinals,Philadelphia Eagles,2023-12-31,1:00PM,Philadelphia,/boxscores/202312310phi.htm,Cardinals (deferred),,outdoors,grass,2:53,"69,879",Philadelphia Eagles -12.0,48.0 (over),45 degrees, relative humidity 48%, wind 9 mph
2023,17,Houston Texans,Tennessee Titans,2023-12-31,1:00PM,Houston,/boxscores/202312310htx.htm,Texans (deferred),,retractable roof (closed),astroturf,2:39,"71,517",Houston Texans -4.0,44.0 (under),,,
2023,17,Baltimore Ravens,Miami Dolphins,2023-12-31,1:00PM,Baltimore,/boxscores/202312310rav.htm,Ravens (deferred),,outdoors,grass,3:10,"71,196",Baltimore Ravens -3.5,46.5 (over),50 degrees, relative humidity 41%, wind 7 mph
2023,17,New Orleans Saints,Tampa Bay Buccaneers,2023-12-31,1:00PM,Tampa Bay,/boxscores/202312310tam.htm,Buccaneers (deferred),,outdoors,grass,3:01,"65,741",Tampa Bay Buccaneers -2.5,42.0 (under),66 degrees, relative humidity 58%, wind 5 mph
2023,17,Los Angeles Rams,New York Giants,2023-12-31,1:00PM,New York,/boxscores/202312310nyg.htm,Giants (deferred),,outdoors,fieldturf,3:05,"75,517",Los Angeles Rams -6.0,43.5 (over),41 degrees, relative humidity 53%, wind 10 mph
2023,17,San Francisco 49ers,Washington Commanders,2023-12-31,1:00PM,Washington,/boxscores/202312310was.htm,Commanders (deferred),,outdoors,grass,2:44,"64,424",San Francisco 49ers -14.0,49.5 (under),48 degrees, relative humidity 43%, wind 7 mph
2023,17,Pittsburgh Steelers,Seattle Seahawks,2023-12-31,4:05PM,Seattle,/boxscores/202312310sea.htm,Seahawks (deferred),,outdoors,fieldturf,2:57,"68,735",Seattle Seahawks -4.5,40.5 (over),47 degrees, relative humidity 83%, wind 4 mph
2023,17,Kansas City Chiefs,Cincinnati Bengals,2023-12-31,4:25PM,Kansas City,/boxscores/202312310kan.htm,Chiefs (deferred),,outdoors,grass,2:56,"73,565",Kansas City Chiefs -6.5,44.0 (under),36 degrees, relative humidity 59%, wind 12 mph
2023,17,Denver Broncos,Los Angeles Chargers,2023-12-31,4:25PM,Denver,/boxscores/202312310den.htm,Broncos (deferred),,outdoors,grass,2:56,"76,228",Denver Broncos -3.5,36.5 (under),41 degrees, relative humidity 40%, wind 6 mph
2023,17,Green Bay Packers,Minnesota Vikings,2023-12-31,8:20PM,Minnesota,/boxscores/202312310min.htm,Packers,,dome,sportturf,2:57,"67,003",Minnesota Vikings -1.5,43.0 (push),,,
2023,18,Pittsburgh Steelers,Baltimore Ravens,2024-01-06,4:30PM,Baltimore,/boxscores/202401060rav.htm,Ravens (deferred),,outdoors,grass,2:56,"70,355",Pittsburgh Steelers -3.0,34.5 (under),38 degrees, relative humidity 91%, wind 15 mph
2023,18,Houston Texans,Indianapolis Colts,2024-01-06,8:15PM,Indianapolis,/boxscores/202401060clt.htm,Texans (deferred),,retractable roof (closed),fieldturf,3:05,"65,925",Houston Texans -1.5,47.5 (under),,,
2023,18,New Orleans Saints,Atlanta Falcons,2024-01-07,1:00PM,New Orleans,/boxscores/202401070nor.htm,Falcons (deferred),,dome,sportturf,3:02,"70,072",New Orleans Saints -3.0,42.0 (over),,,
2023,18,Tampa Bay Buccaneers,Carolina Panthers,2024-01-07,1:00PM,Carolina,/boxscores/202401070car.htm,Panthers (deferred),,outdoors,grass,2:35,"69,010",Tampa Bay Buccaneers -4.0,37.0 (under),54 degrees, relative humidity 48%, wind 19 mph
2023,18,Cincinnati Bengals,Cleveland Browns,2024-01-07,1:00PM,Cincinnati,/boxscores/202401070cin.htm,Bengals (deferred),,outdoors,fieldturf,2:55,"65,865",Cincinnati Bengals -7.5,37.0 (over),38 degrees, relative humidity 74%, wind 12 mph
2023,18,Detroit Lions,Minnesota Vikings,2024-01-07,1:00PM,Detroit,/boxscores/202401070det.htm,Lions,,dome,fieldturf,3:05,"63,233",Detroit Lions -3.5,46.0 (over),,,
2023,18,Tennessee Titans,Jacksonville Jaguars,2024-01-07,1:00PM,Tennessee,/boxscores/202401070oti.htm,Titans (deferred),,outdoors,grass,2:56,"63,744",Jacksonville Jaguars -4.0,41.5 (over),41 degrees, relative humidity 77%, wind 11 mph
2023,18,New York Jets,New England Patriots,2024-01-07,1:00PM,New England,/boxscores/202401070nwe.htm,Jets (deferred),,outdoors,fieldturf,3:05,"64,628",New England Patriots -1.5,29.5 (under),33 degrees, relative humidity 98%, wind 14 mph
2023,18,Green Bay Packers,Chicago Bears,2024-01-07,4:25PM,Green Bay,/boxscores/202401070gnb.htm,Bears,,outdoors,grass,2:35,"78,188",Green Bay Packers -3.0,45.0 (under),34 degrees, relative humidity 69%, wind 7 mph
2023,18,Seattle Seahawks,Arizona Cardinals,2024-01-07,4:25PM,Arizona,/boxscores/202401070crd.htm,Seahawks (deferred),,retractable roof (closed),grass,2:59,"63,197",Seattle Seahawks -3.0,47.5 (under),,,
2023,18,Dallas Cowboys,Washington Commanders,2024-01-07,4:25PM,Washington,/boxscores/202401070was.htm,Cowboys (deferred),,outdoors,grass,2:44,"63,645",Dallas Cowboys -13.0,46.5 (over),48 degrees, relative humidity 52%, wind 13 mph
2023,18,Las Vegas Raiders,Denver Broncos,2024-01-07,4:25PM,Las Vegas,/boxscores/202401070rai.htm,Raiders (deferred),,dome,grass,2:56,"61,429",Las Vegas Raiders -3.0,37.0 (over),,,
2023,18,Kansas City Chiefs,Los Angeles Chargers,2024-01-07,4:25PM,Los Angeles,/boxscores/202401070sdg.htm,Chargers (deferred),,dome,matrixturf,2:59,"68,274",Los Angeles Chargers -3.5,35.5 (under),,,
2023,18,New York Giants,Philadelphia Eagles,2024-01-07,4:25PM,New York,/boxscores/202401070nyg.htm,Eagles (deferred),,outdoors,fieldturf,2:48,"75,740",Philadelphia Eagles -4.5,42.0 (under),36 degrees, relative humidity 76%, wind 12 mph
2023,18,Los Angeles Rams,San Francisco 49ers,2024-01-07,4:25PM,San Francisco,/boxscores/202401070sfo.htm,Rams (deferred),,outdoors,grass,2:52,"71,624",San Francisco 49ers -4.0,41.0 (push),52 degrees, relative humidity 50%, wind 11 mph
2023,18,Buffalo Bills,Miami Dolphins,2024-01-07,8:20PM,Miami,/boxscores/202401070mia.htm,Bills (deferred),,outdoors,grass,3:00,"66,292",Buffalo Bills -2.5,48.0 (under),63 degrees, relative humidity 71%, wind 6 mph
