year,week,team_1,team_2,date,time,location,boxscore_url,won_toss,won_OT_toss,roof,surface,duration,attendance,vegas_line,over_under,temp,humidity,wind
2021,1,Tampa Bay Buccaneers,Dallas Cowboys,2021-09-09,8:20PM,Tampa Bay,/boxscores/202109090tam.htm,Cowboys (deferred),,outdoors,grass ,3:31,"65,566",Tampa Bay Buccaneers -8.5,52.0 (over),82 degrees, relative humidity 85%, wind 9 mph
2021,1,Philadelphia Eagles,Atlanta Falcons,2021-09-12,1:00PM,Atlanta,/boxscores/202109120atl.htm,Falcons,,retractable roof (open),fieldturf,3:08,"68,633",Atlanta Falcons -3.5,49.0 (under),,,
2021,1,Pittsburgh Steelers,Buffalo Bills,2021-09-12,1:00PM,Buffalo,/boxscores/202109120buf.htm,Steelers (deferred),,outdoors,a_turf,3:08,"69,787",Buffalo Bills -6.5,48.5 (under),73 degrees, relative humidity 79%, wind 17 mph
2021,1,Carolina Panthers,New York Jets,2021-09-12,1:00PM,Carolina,/boxscores/202109120car.htm,Panthers (deferred),,outdoors,grass ,3:14,"70,211",Carolina Panthers -4.0,45.0 (under),81 degrees, relative humidity 51%, no wind
2021,1,Cincinnati Bengals,Minnesota Vikings,2021-09-12,1:00PM,Cincinnati,/boxscores/202109120cin.htm,Bengals (deferred),Bengals,outdoors,fieldturf ,3:38,"56,525",Minnesota Vikings -3.0,47.5 (over),81 degrees, relative humidity 54%, wind 15 mph
2021,1,Seattle Seahawks,Indianapolis Colts,2021-09-12,1:00PM,Indianapolis,/boxscores/202109120clt.htm,Seahawks,,retractable roof (closed),fieldturf ,2:58,"63,347",Seattle Seahawks -3.0,49.0 (under),,,
2021,1,Arizona Cardinals,Tennessee Titans,2021-09-12,1:00PM,Tennessee,/boxscores/202109120oti.htm,Cardinals (deferred),,outdoors,grass ,3:12,"67,216",Tennessee Titans -3.0,53.5 (under),82 degrees, relative humidity 55%, wind 8 mph
2021,1,San Francisco 49ers,Detroit Lions,2021-09-12,1:00PM,Detroit,/boxscores/202109120det.htm,49ers (deferred),,dome,fieldturf ,3:19,"59,374",San Francisco 49ers -9.0,45.5 (over),,,
2021,1,Houston Texans,Jacksonville Jaguars,2021-09-12,1:00PM,Houston,/boxscores/202109120htx.htm,Jaguars (deferred),,retractable roof (closed),astroturf,3:24,"68,105",Jacksonville Jaguars -3.0,45.0 (over),,,
2021,1,Los Angeles Chargers,Washington Football Team,2021-09-12,1:00PM,Washington Football,/boxscores/202109120was.htm,Football Team,,outdoors,grass ,2:55,"52,753",Washington Football Team -1.5,45.0 (under),81 degrees, relative humidity 49%, wind 4 mph
2021,1,Kansas City Chiefs,Cleveland Browns,2021-09-12,4:25PM,Kansas City,/boxscores/202109120kan.htm,Chiefs (deferred),,outdoors,grass ,3:02,"72,973",Kansas City Chiefs -5.5,54.5 (over),88 degrees, relative humidity 43%, wind 8 mph
2021,1,Denver Broncos,New York Giants,2021-09-12,4:25PM,New York,/boxscores/202109120nyg.htm,Broncos (deferred),,outdoors,fieldturf ,2:53,"74,119",Denver Broncos -3.0,41.5 (under),82 degrees, relative humidity 56%, wind 19 mph
2021,1,New Orleans Saints,Green Bay Packers,2021-09-12,4:25PM,New Orleans,/boxscores/202109120nor.htm,Packers,,outdoors,grass ,2:51,"35,242",Green Bay Packers -3.5,49.5 (under),86 degrees, relative humidity 57%, wind 9 mph
2021,1,Miami Dolphins,New England Patriots,2021-09-12,4:25PM,New England,/boxscores/202109120nwe.htm,Dolphins,,outdoors,fieldturf,2:54,"65,878",New England Patriots -3.0,43.5 (under),81 degrees, relative humidity 58%, wind 15 mph
2021,1,Los Angeles Rams,Chicago Bears,2021-09-12,8:20PM,Los Angeles,/boxscores/202109120ram.htm,Rams (deferred),,dome,matrixturf,2:48,"70,445",Los Angeles Rams -8.0,46.5 (over),,,
2021,1,Las Vegas Raiders,Baltimore Ravens,2021-09-13,8:15PM,Las Vegas,/boxscores/202109130rai.htm,Ravens (deferred),Raiders,dome,grass,3:40,"61,756",Baltimore Ravens -4.0,50.5 (over),,,
2021,2,Washington Football Team,New York Giants,2021-09-16,8:20PM,Washington Football,/boxscores/202109160was.htm,Giants (deferred),,outdoors,grass ,3:19,"50,118",Washington Football Team -3.5,40.5 (over),71 degrees, relative humidity 94%, no wind
2021,2,Buffalo Bills,Miami Dolphins,2021-09-19,1:00PM,Miami,/boxscores/202109190mia.htm,Bills (deferred),,outdoors,grass ,3:18,"65,040",Buffalo Bills -3.5,47.5 (under),89 degrees, relative humidity 59%, wind 7 mph
2021,2,Carolina Panthers,New Orleans Saints,2021-09-19,1:00PM,Carolina,/boxscores/202109190car.htm,Saints (deferred),,outdoors,grass ,3:08,"70,675",New Orleans Saints -3.0,44.5 (under),83 degrees, relative humidity 65%, wind 4 mph
2021,2,Chicago Bears,Cincinnati Bengals,2021-09-19,1:00PM,Chicago,/boxscores/202109190chi.htm,Bengals (deferred),,outdoors,grass ,2:55,"60,840",Chicago Bears -1.5,44.5 (under),80 degrees, relative humidity 52%, no wind
2021,2,Cleveland Browns,Houston Texans,2021-09-19,1:00PM,Cleveland,/boxscores/202109190cle.htm,Texans (deferred),,outdoors,grass ,3:01,"67,431",Cleveland Browns -13.5,48.0 (over),75 degrees, relative humidity 66%, wind 12 mph
2021,2,Los Angeles Rams,Indianapolis Colts,2021-09-19,1:00PM,Indianapolis,/boxscores/202109190clt.htm,Rams (deferred),,retractable roof (closed),fieldturf ,2:58,"63,076",Los Angeles Rams -3.5,48.0 (over),,,
2021,2,Denver Broncos,Jacksonville Jaguars,2021-09-19,1:00PM,Jacksonville,/boxscores/202109190jax.htm,Broncos (deferred),,outdoors,grass ,3:06,"58,461",Denver Broncos -6.0,45.0 (under),80 degrees, relative humidity 87%, wind 7 mph
2021,2,New England Patriots,New York Jets,2021-09-19,1:00PM,New York,/boxscores/202109190nyj.htm,Jets (deferred),,outdoors,fieldturf ,2:58,"75,626",New England Patriots -6.0,43.0 (under),72 degrees, relative humidity 49%, wind 13 mph
2021,2,San Francisco 49ers,Philadelphia Eagles,2021-09-19,1:00PM,Philadelphia,/boxscores/202109190phi.htm,Eagles (deferred),,outdoors,grass ,3:01,"69,796",San Francisco 49ers -3.0,49.0 (under),76 degrees, relative humidity 42%, wind 13 mph
2021,2,Las Vegas Raiders,Pittsburgh Steelers,2021-09-19,1:00PM,Pittsburgh,/boxscores/202109190pit.htm,Raiders (deferred),,outdoors,grass ,3:08,"63,707",Pittsburgh Steelers -6.0,47.0 (under),77 degrees, relative humidity 60%, wind 4 mph
2021,2,Tampa Bay Buccaneers,Atlanta Falcons,2021-09-19,4:05PM,Tampa Bay,/boxscores/202109190tam.htm,Buccaneers,,outdoors,grass ,3:10,"63,694",Tampa Bay Buccaneers -12.5,51.5 (over),85 degrees, relative humidity 72%, no wind
2021,2,Arizona Cardinals,Minnesota Vikings,2021-09-19,4:05PM,Arizona,/boxscores/202109190crd.htm,Cardinals (deferred),,retractable roof (closed),grass ,3:13,"60,115",Arizona Cardinals -3.5,50.5 (over),,,
2021,2,Dallas Cowboys,Los Angeles Chargers,2021-09-19,4:25PM,Los Angeles,/boxscores/202109190sdg.htm,Chargers (deferred),,dome,matrixturf,2:53,"70,240",Los Angeles Chargers -3.0,55.0 (under),,,
2021,2,Tennessee Titans,Seattle Seahawks,2021-09-19,4:25PM,Seattle,/boxscores/202109190sea.htm,Titans (deferred),Titans,outdoors,fieldturf ,3:27,"68,585",Seattle Seahawks -6.5,54.0 (over),62 degrees, relative humidity 70%, wind 14 mph
2021,2,Baltimore Ravens,Kansas City Chiefs,2021-09-19,8:20PM,Baltimore,/boxscores/202109190rav.htm,Chiefs (deferred),,outdoors,grass,3:02,"70,417",Kansas City Chiefs -4.0,54.5 (over),82 degrees, relative humidity 38%, wind 8 mph
2021,2,Green Bay Packers,Detroit Lions,2021-09-20,8:15PM,Green Bay,/boxscores/202109200gnb.htm,Lions,,outdoors,grass ,2:55,"77,240",Green Bay Packers -11.5,48.0 (over),73 degrees, relative humidity 84%, wind 12 mph
2021,3,Carolina Panthers,Houston Texans,2021-09-23,8:20PM,Houston,/boxscores/202109230htx.htm,Texans (deferred),,retractable roof (closed),astroturf,2:52,"68,320",Carolina Panthers -9.0,43.5 (under),,,
2021,3,Atlanta Falcons,New York Giants,2021-09-26,1:00PM,New York,/boxscores/202109260nyg.htm,Giants (deferred),,outdoors,fieldturf ,2:59,"75,307",New York Giants -3.0,47.5 (under),69 degrees, relative humidity 45%, wind 13 mph
2021,3,Buffalo Bills,Washington Football Team,2021-09-26,1:00PM,Buffalo,/boxscores/202109260buf.htm,Football Team,,outdoors,a_turf,3:06,"68,434",Buffalo Bills -7.0,45.5 (over),67 degrees, relative humidity 40%, wind 21 mph
2021,3,Cleveland Browns,Chicago Bears,2021-09-26,1:00PM,Cleveland,/boxscores/202109260cle.htm,Bears (deferred),,outdoors,grass ,3:01,"67,431",Cleveland Browns -7.5,44.5 (under),70 degrees, relative humidity 38%, wind 22 mph
2021,3,Cincinnati Bengals,Pittsburgh Steelers,2021-09-26,1:00PM,Pittsburgh,/boxscores/202109260pit.htm,Bengals (deferred),,outdoors,grass ,3:02,"58,076",Pittsburgh Steelers -3.0,43.0 (under),67 degrees, relative humidity 42%, wind 9 mph
2021,3,Tennessee Titans,Indianapolis Colts,2021-09-26,1:00PM,Tennessee,/boxscores/202109260oti.htm,Colts (deferred),,outdoors,grass ,3:01,"67,914",Tennessee Titans -5.5,47.5 (under),72 degrees, relative humidity 66%, wind 4 mph
2021,3,Arizona Cardinals,Jacksonville Jaguars,2021-09-26,1:00PM,Jacksonville,/boxscores/202109260jax.htm,Cardinals,,outdoors,grass ,3:03,"58,012",Arizona Cardinals -7.5,51.5 (under),81 degrees, relative humidity 49%, wind 4 mph
2021,3,Baltimore Ravens,Detroit Lions,2021-09-26,1:00PM,Detroit,/boxscores/202109260det.htm,Ravens (deferred),,dome,fieldturf ,3:07,"50,788",Baltimore Ravens -7.5,50.5 (under),,,
2021,3,Los Angeles Chargers,Kansas City Chiefs,2021-09-26,1:00PM,Kansas City,/boxscores/202109260kan.htm,Chiefs (deferred),,outdoors,grass ,3:07,"72,980",Kansas City Chiefs -7.0,54.5 (under),81 degrees, relative humidity 34%, wind 19 mph
2021,3,New Orleans Saints,New England Patriots,2021-09-26,1:00PM,New England,/boxscores/202109260nwe.htm,Patriots (deferred),,outdoors,fieldturf,3:02,"65,878",New England Patriots -3.0,42.5 (under),73 degrees, relative humidity 55%, wind 11 mph
2021,3,Denver Broncos,New York Jets,2021-09-26,4:05PM,Denver,/boxscores/202109260den.htm,Jets (deferred),,outdoors,grass ,2:54,"75,882",Denver Broncos -10.0,41.5 (under),82 degrees, relative humidity 13%, wind 6 mph
2021,3,Las Vegas Raiders,Miami Dolphins,2021-09-26,4:05PM,Las Vegas,/boxscores/202109260rai.htm,Dolphins (deferred),Raiders,dome,grass,3:44,"59,311",Las Vegas Raiders -4.0,44.0 (over),,,
2021,3,Minnesota Vikings,Seattle Seahawks,2021-09-26,4:25PM,Minnesota,/boxscores/202109260min.htm,Vikings (deferred),,dome,sportturf,2:57,"66,729",Seattle Seahawks -2.0,55.0 (under),,,
2021,3,Los Angeles Rams,Tampa Bay Buccaneers,2021-09-26,4:25PM,Los Angeles,/boxscores/202109260ram.htm,Rams (deferred),,dome,matrixturf,3:06,"73,205",Tampa Bay Buccaneers -1.5,55.5 (over),,,
2021,3,Green Bay Packers,San Francisco 49ers,2021-09-26,8:20PM,San Francisco,/boxscores/202109260sfo.htm,49ers (deferred),,outdoors,grass,3:08,"69,853",San Francisco 49ers -3.0,50.5 (over),69 degrees, relative humidity 57%, wind 15 mph
2021,3,Dallas Cowboys,Philadelphia Eagles,2021-09-27,8:15PM,Dallas,/boxscores/202109270dal.htm,Eagles (deferred),,retractable roof (open),matrixturf,3:10,"93,267",Dallas Cowboys -3.5,51.5 (over),,,
2021,4,Cincinnati Bengals,Jacksonville Jaguars,2021-09-30,8:20PM,Cincinnati,/boxscores/202109300cin.htm,Bengals,,outdoors,fieldturf ,2:59,"63,198",Cincinnati Bengals -7.5,46.5 (under),65 degrees, relative humidity 84%, no wind
2021,4,Washington Football Team,Atlanta Falcons,2021-10-03,1:00PM,Atlanta,/boxscores/202110030atl.htm,Football Team (deferred),,retractable roof (open),fieldturf,3:20,"68,333",Washington Football Team -2.0,48.0 (over),,,
2021,4,Buffalo Bills,Houston Texans,2021-10-03,1:00PM,Buffalo,/boxscores/202110030buf.htm,Bills (deferred),,outdoors,a_turf,2:58,"68,087",Buffalo Bills -17.5,47.0 (under),67 degrees, relative humidity 93%, wind 12 mph
2021,4,Dallas Cowboys,Carolina Panthers,2021-10-03,1:00PM,Dallas,/boxscores/202110030dal.htm,Panthers (deferred),,retractable roof (closed),matrixturf,3:12,"93,262",Dallas Cowboys -4.0,51.5 (over),,,
2021,4,Chicago Bears,Detroit Lions,2021-10-03,1:00PM,Chicago,/boxscores/202110030chi.htm,Bears,,outdoors,grass ,2:57,"61,468",Chicago Bears -3.0,41.5 (under),72 degrees, relative humidity 79%, wind 4 mph
2021,4,Cleveland Browns,Minnesota Vikings,2021-10-03,1:00PM,Minnesota,/boxscores/202110030min.htm,Browns (deferred),,dome,sportturf,3:10,"66,703",Cleveland Browns -1.0,51.5 (under),,,
2021,4,Indianapolis Colts,Miami Dolphins,2021-10-03,1:00PM,Miami,/boxscores/202110030mia.htm,Colts (deferred),,outdoors,grass ,3:00,"64,571",Miami Dolphins -2.5,42.5 (over),85 degrees, relative humidity 57%, wind 16 mph
2021,4,Kansas City Chiefs,Philadelphia Eagles,2021-10-03,1:00PM,Philadelphia,/boxscores/202110030phi.htm,Chiefs (deferred),,outdoors,grass ,3:09,"69,796",Kansas City Chiefs -7.0,54.5 (over),73 degrees, relative humidity 69%, wind 8 mph
2021,4,New York Giants,New Orleans Saints,2021-10-03,1:00PM,New Orleans,/boxscores/202110030nor.htm,Saints (deferred),Giants,dome,sportturf,3:12,"69,170",New Orleans Saints -7.0,41.5 (over),,,
2021,4,New York Jets,Tennessee Titans,2021-10-03,1:00PM,New York,/boxscores/202110030nyj.htm,Titans (deferred),Jets,outdoors,fieldturf ,3:48,"70,232",Tennessee Titans -6.0,44.0 (over),78 degrees, relative humidity 50%, wind 9 mph
2021,4,Arizona Cardinals,Los Angeles Rams,2021-10-03,4:05PM,Los Angeles,/boxscores/202110030ram.htm,Cardinals (deferred),,dome,matrixturf,3:05,"70,003",Los Angeles Rams -4.0,49.5 (over),,,
2021,4,Seattle Seahawks,San Francisco 49ers,2021-10-03,4:05PM,San Francisco,/boxscores/202110030sfo.htm,49ers (deferred),,outdoors,grass,3:09,"68,912",San Francisco 49ers -2.5,52.0 (under),80 degrees, relative humidity 33%, no wind
2021,4,Baltimore Ravens,Denver Broncos,2021-10-03,4:25PM,Denver,/boxscores/202110030den.htm,Ravens (deferred),,outdoors,grass ,3:01,"76,490",Baltimore Ravens -1.0,44.0 (under),77 degrees, relative humidity 14%, wind 11 mph
2021,4,Green Bay Packers,Pittsburgh Steelers,2021-10-03,4:25PM,Green Bay,/boxscores/202110030gnb.htm,Packers (deferred),,outdoors,grass ,3:03,"78,281",Green Bay Packers -6.0,44.5 (under),67 degrees, relative humidity 87%, wind 4 mph
2021,4,Tampa Bay Buccaneers,New England Patriots,2021-10-03,8:20PM,New England,/boxscores/202110030nwe.htm,Buccaneers (deferred),,outdoors,fieldturf,3:17,"65,878",Tampa Bay Buccaneers -7.0,49.5 (under),62 degrees, relative humidity 84%, wind 4 mph
2021,4,Los Angeles Chargers,Las Vegas Raiders,2021-10-04,8:15PM,Los Angeles,/boxscores/202110040sdg.htm,Raiders (deferred),,dome,matrixturf,2:58,"70,240",Los Angeles Chargers -3.0,52.0 (under),,,
2021,5,Los Angeles Rams,Seattle Seahawks,2021-10-07,8:20PM,Seattle,/boxscores/202110070sea.htm,Seahawks (deferred),,outdoors,fieldturf ,3:05,"68,747",Los Angeles Rams -2.5,54.5 (under),56 degrees, relative humidity 53%, wind 8 mph
2021,5,Atlanta Falcons,New York Jets,2021-10-10,9:30AM,Atlanta,/boxscores/202110100atl.htm,Jets (deferred),,outdoors,grass,2:56,"60,589",Atlanta Falcons -2.5,45.0 (over),63 degrees, relative humidity 77%, wind 8 mph
2021,5,Philadelphia Eagles,Carolina Panthers,2021-10-10,1:00PM,Carolina,/boxscores/202110100car.htm,Panthers (deferred),,outdoors,grass ,3:10,"72,545",Carolina Panthers -3.0,46.0 (under),76 degrees, relative humidity 60%, wind 13 mph
2021,5,Green Bay Packers,Cincinnati Bengals,2021-10-10,1:00PM,Cincinnati,/boxscores/202110100cin.htm,Bengals (deferred),Bengals,outdoors,fieldturf ,3:22,"64,195",Green Bay Packers -3.0,51.0 (under),76 degrees, relative humidity 67%, wind 12 mph
2021,5,Pittsburgh Steelers,Denver Broncos,2021-10-10,1:00PM,Pittsburgh,/boxscores/202110100pit.htm,Broncos (deferred),,outdoors,grass ,3:04,"59,841",Denver Broncos -1.5,39.5 (over),71 degrees, relative humidity 61%, wind 9 mph
2021,5,Minnesota Vikings,Detroit Lions,2021-10-10,1:00PM,Minnesota,/boxscores/202110100min.htm,Vikings,,dome,sportturf,2:55,"66,538",Minnesota Vikings -10.0,49.5 (under),,,
2021,5,New England Patriots,Houston Texans,2021-10-10,1:00PM,Houston,/boxscores/202110100htx.htm,Patriots (deferred),,retractable roof (closed),astroturf,3:01,"68,450",New England Patriots -8.0,39.0 (over),,,
2021,5,Tennessee Titans,Jacksonville Jaguars,2021-10-10,1:00PM,Jacksonville,/boxscores/202110100jax.htm,Titans (deferred),,outdoors,grass ,3:07,"58,282",Tennessee Titans -4.5,48.5 (over),78 degrees, relative humidity 71%, wind 11 mph
2021,5,Tampa Bay Buccaneers,Miami Dolphins,2021-10-10,1:00PM,Tampa Bay,/boxscores/202110100tam.htm,Buccaneers,,outdoors,grass ,2:58,"65,570",Tampa Bay Buccaneers -10.0,48.0 (over),84 degrees, relative humidity 59%, wind 7 mph
2021,5,New Orleans Saints,Washington Football Team,2021-10-10,1:00PM,Washington Football,/boxscores/202110100was.htm,Football Team (deferred),,outdoors,grass ,3:15,"50,137",New Orleans Saints -2.5,43.5 (over),70 degrees, relative humidity 78%, wind 12 mph
2021,5,Chicago Bears,Las Vegas Raiders,2021-10-10,4:05PM,Las Vegas,/boxscores/202110100rai.htm,Raiders (deferred),,dome,grass,3:07,"59,122",Las Vegas Raiders -5.5,45.5 (under),,,
2021,5,Los Angeles Chargers,Cleveland Browns,2021-10-10,4:05PM,Los Angeles,/boxscores/202110100sdg.htm,Browns (deferred),,dome,matrixturf,3:21,"70,240",Los Angeles Chargers -2.5,46.5 (over),,,
2021,5,Arizona Cardinals,San Francisco 49ers,2021-10-10,4:25PM,Arizona,/boxscores/202110100crd.htm,Cardinals (deferred),,retractable roof (closed),grass ,3:03,"62,716",Arizona Cardinals -5.0,48.5 (under),,,
2021,5,Dallas Cowboys,New York Giants,2021-10-10,4:25PM,Dallas,/boxscores/202110100dal.htm,Giants (deferred),,retractable roof (closed),matrixturf,3:14,"93,476",Dallas Cowboys -7.0,52.5 (over),,,
2021,5,Buffalo Bills,Kansas City Chiefs,2021-10-10,8:20PM,Kansas City,/boxscores/202110100kan.htm,Bills (deferred),,outdoors,grass ,4:14,"73,389",Kansas City Chiefs -2.5,56.5 (over),76 degrees, relative humidity 52%, no wind
2021,5,Baltimore Ravens,Indianapolis Colts,2021-10-11,8:15PM,Baltimore,/boxscores/202110110rav.htm,Colts (deferred),Ravens,outdoors,grass,3:15,"70,510",Baltimore Ravens -7.0,46.0 (over),69 degrees, relative humidity 75%, wind 6 mph
2021,6,Tampa Bay Buccaneers,Philadelphia Eagles,2021-10-14,8:20PM,Philadelphia,/boxscores/202110140phi.htm,Eagles,,outdoors,grass ,3:00,"69,796",Tampa Bay Buccaneers -7.0,52.5 (under),74 degrees, relative humidity 56%, wind 8 mph
2021,6,Jacksonville Jaguars,Miami Dolphins,2021-10-17,9:30AM,Jacksonville,/boxscores/202110170jax.htm,Jaguars (deferred),,outdoors,grass,3:12,"60,784",Miami Dolphins -3.0,47.0 (under),63 degrees, relative humidity 72%, wind 11 mph
2021,6,Minnesota Vikings,Carolina Panthers,2021-10-17,1:00PM,Carolina,/boxscores/202110170car.htm,Vikings (deferred),Vikings,outdoors,grass ,3:41,"72,104",Minnesota Vikings -2.5,45.5 (over),62 degrees, relative humidity 39%, wind 7 mph
2021,6,Green Bay Packers,Chicago Bears,2021-10-17,1:00PM,Chicago,/boxscores/202110170chi.htm,Bears (deferred),,outdoors,grass ,3:01,"62,332",Green Bay Packers -6.0,44.0 (under),59 degrees, relative humidity 39%, wind 6 mph
2021,6,Cincinnati Bengals,Detroit Lions,2021-10-17,1:00PM,Detroit,/boxscores/202110170det.htm,Bengals (deferred),,dome,fieldturf ,2:57,"50,831",Cincinnati Bengals -3.5,47.0 (under),,,
2021,6,Indianapolis Colts,Houston Texans,2021-10-17,1:00PM,Indianapolis,/boxscores/202110170clt.htm,Colts (deferred),,retractable roof (open),fieldturf ,2:55,"57,947",Indianapolis Colts -10.0,43.5 (under),,,
2021,6,Kansas City Chiefs,Washington Football Team,2021-10-17,1:00PM,Washington Football,/boxscores/202110170was.htm,Chiefs (deferred),,outdoors,grass ,3:05,"51,322",Kansas City Chiefs -7.0,54.0 (under),62 degrees, relative humidity 39%, wind 13 mph
2021,6,Los Angeles Rams,New York Giants,2021-10-17,1:00PM,New York,/boxscores/202110170nyg.htm,Rams (deferred),,outdoors,fieldturf ,3:02,"73,920",Los Angeles Rams -9.0,48.5 (over),61 degrees, relative humidity 56%, wind 13 mph
2021,6,Baltimore Ravens,Los Angeles Chargers,2021-10-17,1:00PM,Baltimore,/boxscores/202110170rav.htm,Ravens (deferred),,outdoors,grass,2:54,"70,704",Baltimore Ravens -2.5,51.5 (under),63 degrees, relative humidity 46%, wind 15 mph
2021,6,Arizona Cardinals,Cleveland Browns,2021-10-17,4:05PM,Cleveland,/boxscores/202110170cle.htm,Cardinals (deferred),,outdoors,grass ,2:57,"67,431",Cleveland Browns -3.5,48.5 (over),58 degrees, relative humidity 55%, wind 23 mph
2021,6,Dallas Cowboys,New England Patriots,2021-10-17,4:25PM,New England,/boxscores/202110170nwe.htm,Patriots (deferred),Patriots,outdoors,fieldturf,3:25,"65,878",Dallas Cowboys -3.5,50.5 (over),62 degrees, relative humidity 46%, wind 11 mph
2021,6,Las Vegas Raiders,Denver Broncos,2021-10-17,4:25PM,Denver,/boxscores/202110170den.htm,Broncos (deferred),,outdoors,grass ,3:10,"76,854",Denver Broncos -4.0,43.5 (over),76 degrees, relative humidity 10%, wind 8 mph
2021,6,Pittsburgh Steelers,Seattle Seahawks,2021-10-17,8:20PM,Pittsburgh,/boxscores/202110170pit.htm,Steelers,Seahawks,outdoors,grass ,3:40,"60,821",Pittsburgh Steelers -5.0,43.0 (push),49 degrees, relative humidity 77%, wind 6 mph
2021,6,Tennessee Titans,Buffalo Bills,2021-10-18,8:15PM,Tennessee,/boxscores/202110180oti.htm,Bills (deferred),,outdoors,grass ,3:08,"69,419",Buffalo Bills -6.0,53.5 (over),66 degrees, relative humidity 40%, wind 6 mph
2021,7,Cleveland Browns,Denver Broncos,2021-10-21,8:20PM,Cleveland,/boxscores/202110210cle.htm,Browns,,outdoors,grass ,2:54,"67,431",Cleveland Browns -1.5,41.5 (under),59 degrees, relative humidity 69%, wind 27 mph
2021,7,Atlanta Falcons,Miami Dolphins,2021-10-24,1:00PM,Miami,/boxscores/202110240mia.htm,Falcons (deferred),,outdoors,grass ,3:09,"62,739",Atlanta Falcons -2.0,47.5 (over),85 degrees, relative humidity 70%, wind 9 mph
2021,7,New York Giants,Carolina Panthers,2021-10-24,1:00PM,New York,/boxscores/202110240nyg.htm,Giants (deferred),,outdoors,fieldturf ,3:01,"71,889",Carolina Panthers -3.0,42.5 (under),57 degrees, relative humidity 51%, no wind
2021,7,Cincinnati Bengals,Baltimore Ravens,2021-10-24,1:00PM,Baltimore,/boxscores/202110240rav.htm,Ravens (deferred),,outdoors,grass,3:15,"70,659",Baltimore Ravens -6.5,45.5 (over),61 degrees, relative humidity 60%, wind 6 mph
2021,7,Green Bay Packers,Washington Football Team,2021-10-24,1:00PM,Green Bay,/boxscores/202110240gnb.htm,Football Team (deferred),,outdoors,grass ,3:07,"78,219",Green Bay Packers -8.0,48.0 (under),49 degrees, relative humidity 56%, wind 11 mph
2021,7,Tennessee Titans,Kansas City Chiefs,2021-10-24,1:00PM,Tennessee,/boxscores/202110240oti.htm,Chiefs (deferred),,outdoors,grass ,2:58,"69,484",Kansas City Chiefs -4.0,57.5 (under),74 degrees, relative humidity 48%, wind 14 mph
2021,7,New England Patriots,New York Jets,2021-10-24,1:00PM,New England,/boxscores/202110240nwe.htm,Jets (deferred),,outdoors,fieldturf,3:10,"65,878",New England Patriots -7.0,42.5 (over),52 degrees, relative humidity 44%, no wind
2021,7,Los Angeles Rams,Detroit Lions,2021-10-24,4:05PM,Los Angeles,/boxscores/202110240ram.htm,Rams (deferred),,dome,matrixturf,3:08,"70,540",Los Angeles Rams -16.5,50.5 (under),,,
2021,7,Las Vegas Raiders,Philadelphia Eagles,2021-10-24,4:05PM,Las Vegas,/boxscores/202110240rai.htm,Raiders (deferred),,dome,grass,3:01,"62,000",Las Vegas Raiders -3.0,48.5 (over),,,
2021,7,Tampa Bay Buccaneers,Chicago Bears,2021-10-24,4:25PM,Tampa Bay,/boxscores/202110240tam.htm,Bears,,outdoors,grass ,2:56,"65,635",Tampa Bay Buccaneers -11.5,47.0 (under),83 degrees, relative humidity 65%, wind 7 mph
2021,7,Arizona Cardinals,Houston Texans,2021-10-24,4:25PM,Arizona,/boxscores/202110240crd.htm,Texans (deferred),,retractable roof (closed),grass ,2:59,"60,297",Arizona Cardinals -18.0,47.5 (under),,,
2021,7,Indianapolis Colts,San Francisco 49ers,2021-10-24,8:20PM,San Francisco,/boxscores/202110240sfo.htm,Colts (deferred),,outdoors,grass,3:02,"56,576",San Francisco 49ers -4.0,42.5 (over),64 degrees, relative humidity 84%, wind 16 mph
2021,7,New Orleans Saints,Seattle Seahawks,2021-10-25,8:15PM,Seattle,/boxscores/202110250sea.htm,Saints (deferred),,outdoors,fieldturf ,3:03,"68,563",New Orleans Saints -4.5,42.5 (under),54 degrees, relative humidity 77%, wind 16 mph
2021,8,Green Bay Packers,Arizona Cardinals,2021-10-28,8:20PM,Arizona,/boxscores/202110280crd.htm,Cardinals (deferred),,retractable roof (open),grass ,3:12,"63,696",Arizona Cardinals -6.5,50.5 (under),,,
2021,8,Carolina Panthers,Atlanta Falcons,2021-10-31,1:00PM,Atlanta,/boxscores/202110310atl.htm,Falcons (deferred),,retractable roof (open),fieldturf,2:54,"68,583",Atlanta Falcons -3.0,47.0 (under),,,
2021,8,Buffalo Bills,Miami Dolphins,2021-10-31,1:00PM,Buffalo,/boxscores/202110310buf.htm,Dolphins (deferred),,outdoors,a_turf,3:11,"69,355",Buffalo Bills -14.0,49.0 (under),54 degrees, relative humidity 82%, wind 9 mph
2021,8,San Francisco 49ers,Chicago Bears,2021-10-31,1:00PM,Chicago,/boxscores/202110310chi.htm,Bears (deferred),,outdoors,grass ,3:02,"60,877",San Francisco 49ers -4.0,39.5 (over),53 degrees, relative humidity 63%, wind 12 mph
2021,8,New York Jets,Cincinnati Bengals,2021-10-31,1:00PM,New York,/boxscores/202110310nyj.htm,Jets,,outdoors,fieldturf ,3:18,"67,503",Cincinnati Bengals -11.0,43.0 (over),63 degrees, relative humidity 67%, wind 11 mph
2021,8,Pittsburgh Steelers,Cleveland Browns,2021-10-31,1:00PM,Cleveland,/boxscores/202110310cle.htm,Steelers (deferred),,outdoors,grass ,3:01,"67,431",Cleveland Browns -4.5,43.0 (under),57 degrees, relative humidity 67%, wind 13 mph
2021,8,Tennessee Titans,Indianapolis Colts,2021-10-31,1:00PM,Indianapolis,/boxscores/202110310clt.htm,Titans (deferred),Colts,retractable roof (open),fieldturf ,3:33,"59,175",Indianapolis Colts -3.0,51.0 (over),,,
2021,8,Philadelphia Eagles,Detroit Lions,2021-10-31,1:00PM,Detroit,/boxscores/202110310det.htm,Lions,,dome,fieldturf ,2:48,"47,192",Philadelphia Eagles -3.5,48.0 (over),,,
2021,8,Los Angeles Rams,Houston Texans,2021-10-31,1:00PM,Houston,/boxscores/202110310htx.htm,Texans (deferred),,retractable roof (closed),astroturf,2:55,"66,013",Los Angeles Rams -16.0,46.5 (over),,,
2021,8,Seattle Seahawks,Jacksonville Jaguars,2021-10-31,4:05PM,Seattle,/boxscores/202110310sea.htm,Seahawks (deferred),,outdoors,fieldturf ,2:55,"67,243",Seattle Seahawks -3.5,44.5 (under),54 degrees, relative humidity 45%, wind 8 mph
2021,8,New England Patriots,Los Angeles Chargers,2021-10-31,4:05PM,Los Angeles,/boxscores/202110310sdg.htm,Patriots (deferred),,dome,matrixturf,3:07,"70,240",Los Angeles Chargers -4.5,49.5 (over),,,
2021,8,New Orleans Saints,Tampa Bay Buccaneers,2021-10-31,4:25PM,New Orleans,/boxscores/202110310nor.htm,Saints (deferred),,dome,sportturf,3:09,"69,170",Tampa Bay Buccaneers -4.5,49.0 (over),,,
2021,8,Denver Broncos,Washington Football Team,2021-10-31,4:25PM,Denver,/boxscores/202110310den.htm,Broncos (deferred),,outdoors,grass ,2:56,"75,973",Denver Broncos -3.5,45.0 (under),41 degrees, relative humidity 70%, wind 4 mph
2021,8,Dallas Cowboys,Minnesota Vikings,2021-10-31,8:20PM,Minnesota,/boxscores/202110310min.htm,Cowboys (deferred),,dome,sportturf,3:11,"66,633",Minnesota Vikings -3.0,51.5 (under),,,
2021,8,Kansas City Chiefs,New York Giants,2021-11-01,8:15PM,Kansas City,/boxscores/202111010kan.htm,Giants (deferred),,outdoors,grass ,3:05,"72,898",Kansas City Chiefs -10.0,52.0 (under),39 degrees, relative humidity 89%, wind 4 mph
2021,9,Indianapolis Colts,New York Jets,2021-11-04,8:20PM,Indianapolis,/boxscores/202111040clt.htm,Jets,,retractable roof (closed),fieldturf ,3:12,"59,593",Indianapolis Colts -10.5,46.0 (over),,,
2021,9,Atlanta Falcons,New Orleans Saints,2021-11-07,1:00PM,New Orleans,/boxscores/202111070nor.htm,Saints (deferred),,dome,sportturf,3:03,"69,170",New Orleans Saints -6.0,41.5 (over),,,
2021,9,Jacksonville Jaguars,Buffalo Bills,2021-11-07,1:00PM,Jacksonville,/boxscores/202111070jax.htm,Bills (deferred),,outdoors,grass ,3:10,"63,110",Buffalo Bills -14.5,48.5 (under),59 degrees, relative humidity 75%, wind 16 mph
2021,9,Denver Broncos,Dallas Cowboys,2021-11-07,1:00PM,Dallas,/boxscores/202111070dal.htm,Broncos (deferred),,retractable roof (closed),matrixturf,3:02,"93,503",Dallas Cowboys -10.0,48.5 (under),,,
2021,9,Baltimore Ravens,Minnesota Vikings,2021-11-07,1:00PM,Baltimore,/boxscores/202111070rav.htm,Vikings (deferred),Ravens,outdoors,grass,3:32,"70,599",Baltimore Ravens -6.0,50.5 (over),56 degrees, relative humidity 37%, wind 8 mph
2021,9,New England Patriots,Carolina Panthers,2021-11-07,1:00PM,Carolina,/boxscores/202111070car.htm,Panthers (deferred),,outdoors,grass ,2:54,"72,203",New England Patriots -3.5,41.0 (under),61 degrees, relative humidity 35%, wind 16 mph
2021,9,Cleveland Browns,Cincinnati Bengals,2021-11-07,1:00PM,Cincinnati,/boxscores/202111070cin.htm,Browns (deferred),,outdoors,fieldturf ,3:07,"65,451",Cincinnati Bengals -2.5,47.5 (over),56 degrees, relative humidity 47%, no wind
2021,9,Miami Dolphins,Houston Texans,2021-11-07,1:00PM,Miami,/boxscores/202111070mia.htm,Texans (deferred),,outdoors,grass ,3:14,"60,232",Miami Dolphins -5.5,46.5 (under),72 degrees, relative humidity 57%, wind 19 mph
2021,9,New York Giants,Las Vegas Raiders,2021-11-07,1:00PM,New York,/boxscores/202111070nyg.htm,Raiders (deferred),,outdoors,fieldturf ,2:54,"74,512",Las Vegas Raiders -3.0,46.5 (under),54 degrees, relative humidity 38%, wind 4 mph
2021,9,Los Angeles Chargers,Philadelphia Eagles,2021-11-07,4:05PM,Philadelphia,/boxscores/202111070phi.htm,Chargers (deferred),,outdoors,grass ,2:47,"69,796",Los Angeles Chargers -1.5,49.0 (over),54 degrees, relative humidity 37%, wind 11 mph
2021,9,Arizona Cardinals,San Francisco 49ers,2021-11-07,4:25PM,San Francisco,/boxscores/202111070sfo.htm,Cardinals (deferred),,outdoors,grass,3:00,"59,012",San Francisco 49ers -3.5,45.0 (over),57 degrees, relative humidity 74%, wind 8 mph
2021,9,Kansas City Chiefs,Green Bay Packers,2021-11-07,4:25PM,Kansas City,/boxscores/202111070kan.htm,Chiefs (deferred),,outdoors,grass ,3:06,"73,476",Kansas City Chiefs -7.5,48.0 (under),51 degrees, relative humidity 74%, wind 12 mph
2021,9,Tennessee Titans,Los Angeles Rams,2021-11-07,8:20PM,Los Angeles,/boxscores/202111070ram.htm,Titans (deferred),,dome,matrixturf,3:08,"71,785",Los Angeles Rams -7.5,52.5 (under),,,
2021,9,Pittsburgh Steelers,Chicago Bears,2021-11-08,8:15PM,Pittsburgh,/boxscores/202111080pit.htm,Steelers (deferred),,outdoors,grass ,3:20,"60,788",Pittsburgh Steelers -6.5,38.5 (over),55 degrees, relative humidity 51%, wind 7 mph
2021,10,Miami Dolphins,Baltimore Ravens,2021-11-11,8:20PM,Miami,/boxscores/202111110mia.htm,Dolphins (deferred),,outdoors,grass ,3:24,"65,948",Baltimore Ravens -7.5,46.5 (under),77 degrees, relative humidity 85%, wind 4 mph
2021,10,Dallas Cowboys,Atlanta Falcons,2021-11-14,1:00PM,Dallas,/boxscores/202111140dal.htm,Cowboys,,retractable roof (closed),matrixturf,2:56,"93,436",Dallas Cowboys -8.0,55.0 (under),,,
2021,10,Buffalo Bills,New York Jets,2021-11-14,1:00PM,New York,/boxscores/202111140nyj.htm,Bills (deferred),,outdoors,fieldturf ,3:20,"77,625",Buffalo Bills -13.0,47.5 (over),47 degrees, relative humidity 56%, wind 4 mph
2021,10,Pittsburgh Steelers,Detroit Lions,2021-11-14,1:00PM,Pittsburgh,/boxscores/202111140pit.htm,Lions (deferred),Lions,outdoors,grass ,3:40,"58,716",Pittsburgh Steelers -6.0,41.0 (under),37 degrees, relative humidity 72%, wind 12 mph
2021,10,Tennessee Titans,New Orleans Saints,2021-11-14,1:00PM,Tennessee,/boxscores/202111140oti.htm,Saints (deferred),,outdoors,grass ,3:02,"69,414",Tennessee Titans -3.0,44.0 (push),53 degrees, relative humidity 48%, wind 12 mph
2021,10,Washington Football Team,Tampa Bay Buccaneers,2021-11-14,1:00PM,Washington Football,/boxscores/202111140was.htm,Buccaneers,,outdoors,grass ,2:59,"52,128",Tampa Bay Buccaneers -9.5,51.0 (under),47 degrees, relative humidity 40%, wind 8 mph
2021,10,New England Patriots,Cleveland Browns,2021-11-14,1:00PM,New England,/boxscores/202111140nwe.htm,Patriots (deferred),,outdoors,fieldturf,2:56,"65,878",New England Patriots -2.5,45.0 (over),48 degrees, relative humidity 54%, wind 6 mph
2021,10,Indianapolis Colts,Jacksonville Jaguars,2021-11-14,1:00PM,Indianapolis,/boxscores/202111140clt.htm,Jaguars (deferred),,retractable roof (closed),fieldturf ,3:16,"60,622",Indianapolis Colts -10.0,47.5 (under),,,
2021,10,Minnesota Vikings,Los Angeles Chargers,2021-11-14,4:05PM,Los Angeles,/boxscores/202111140sdg.htm,Chargers (deferred),,dome,matrixturf,3:17,"70,240",Los Angeles Chargers -3.0,53.5 (under),,,
2021,10,Carolina Panthers,Arizona Cardinals,2021-11-14,4:05PM,Arizona,/boxscores/202111140crd.htm,Panthers (deferred),,retractable roof (closed),grass ,3:02,"62,400",Arizona Cardinals -10.5,43.0 (over),,,
2021,10,Philadelphia Eagles,Denver Broncos,2021-11-14,4:25PM,Denver,/boxscores/202111140den.htm,Broncos (deferred),,outdoors,grass ,3:01,"76,766",Denver Broncos -2.0,46.0 (under),57 degrees, relative humidity 27%, wind 19 mph
2021,10,Green Bay Packers,Seattle Seahawks,2021-11-14,4:25PM,Green Bay,/boxscores/202111140gnb.htm,Seahawks (deferred),,outdoors,grass ,3:03,"78,235",Green Bay Packers -3.5,49.5 (under),35 degrees, relative humidity 78%, wind 11 mph
2021,10,Kansas City Chiefs,Las Vegas Raiders,2021-11-14,8:20PM,Las Vegas,/boxscores/202111140rai.htm,Raiders (deferred),,dome,grass,3:00,"62,125",Kansas City Chiefs -2.5,52.0 (over),,,
2021,10,San Francisco 49ers,Los Angeles Rams,2021-11-15,8:15PM,San Francisco,/boxscores/202111150sfo.htm,49ers (deferred),,outdoors,grass,2:50,"64,256",Los Angeles Rams -4.0,49.5 (under),59 degrees, relative humidity 88%, no wind
2021,11,New England Patriots,Atlanta Falcons,2021-11-18,8:20PM,Atlanta,/boxscores/202111180atl.htm,Falcons (deferred),,retractable roof (closed),fieldturf,2:50,"68,286",New England Patriots -7.0,47.0 (under),,,
2021,11,Indianapolis Colts,Buffalo Bills,2021-11-21,1:00PM,Buffalo,/boxscores/202111210buf.htm,Bills (deferred),,outdoors,a_turf,2:58,"69,866",Buffalo Bills -7.0,49.5 (over),49 degrees, relative humidity 48%, wind 12 mph
2021,11,Baltimore Ravens,Chicago Bears,2021-11-21,1:00PM,Chicago,/boxscores/202111210chi.htm,Bears (deferred),,outdoors,grass ,3:11,"60,679",Baltimore Ravens -5.0,43.5 (under),46 degrees, relative humidity 71%, wind 9 mph
2021,11,Houston Texans,Tennessee Titans,2021-11-21,1:00PM,Tennessee,/boxscores/202111210oti.htm,Texans (deferred),,outdoors,grass ,3:06,"67,395",Tennessee Titans -10.0,44.5 (under),59 degrees, relative humidity 67%, wind 8 mph
2021,11,San Francisco 49ers,Jacksonville Jaguars,2021-11-21,1:00PM,Jacksonville,/boxscores/202111210jax.htm,Jaguars (deferred),,outdoors,grass ,2:45,"60,268",San Francisco 49ers -6.5,45.0 (under),68 degrees, relative humidity 84%, wind 17 mph
2021,11,Philadelphia Eagles,New Orleans Saints,2021-11-21,1:00PM,Philadelphia,/boxscores/202111210phi.htm,Eagles (deferred),,outdoors,grass ,3:14,"69,796",Philadelphia Eagles -2.5,42.5 (over),51 degrees, relative humidity 63%, wind 4 mph
2021,11,Washington Football Team,Carolina Panthers,2021-11-21,1:00PM,Carolina,/boxscores/202111210car.htm,Football Team (deferred),,outdoors,grass ,3:06,"73,350",Carolina Panthers -3.5,43.0 (over),54 degrees, relative humidity 50%, no wind
2021,11,Cleveland Browns,Detroit Lions,2021-11-21,1:00PM,Cleveland,/boxscores/202111210cle.htm,Lions (deferred),,outdoors,grass ,3:02,"67,431",Cleveland Browns -12.5,42.5 (under),42 degrees, relative humidity 84%, wind 7 mph
2021,11,Minnesota Vikings,Green Bay Packers,2021-11-21,1:00PM,Minnesota,/boxscores/202111210min.htm,Vikings (deferred),,dome,sportturf,2:58,"66,959",Green Bay Packers -1.0,47.0 (over),,,
2021,11,Miami Dolphins,New York Jets,2021-11-21,1:00PM,New York,/boxscores/202111210nyj.htm,Jets (deferred),,outdoors,fieldturf ,3:05,"72,303",Miami Dolphins -3.5,44.5 (under),52 degrees, relative humidity 44%, wind 4 mph
2021,11,Cincinnati Bengals,Las Vegas Raiders,2021-11-21,4:05PM,Las Vegas,/boxscores/202111210rai.htm,Raiders (deferred),,dome,grass,2:51,"61,712",Cincinnati Bengals -1.0,50.5 (under),,,
2021,11,Kansas City Chiefs,Dallas Cowboys,2021-11-21,4:25PM,Kansas City,/boxscores/202111210kan.htm,Cowboys,,outdoors,grass ,3:01,"73,494",Kansas City Chiefs -2.5,56.5 (under),57 degrees, relative humidity 31%, wind 17 mph
2021,11,Arizona Cardinals,Seattle Seahawks,2021-11-21,4:25PM,Seattle,/boxscores/202111210sea.htm,Cardinals (deferred),,outdoors,fieldturf ,3:05,"68,833",Seattle Seahawks -2.5,47.0 (under),46 degrees, relative humidity 76%, no wind
2021,11,Los Angeles Chargers,Pittsburgh Steelers,2021-11-21,8:20PM,Los Angeles,/boxscores/202111210sdg.htm,Chargers (deferred),,dome,matrixturf,3:17,"70,240",Los Angeles Chargers -5.5,47.5 (over),,,
2021,11,Tampa Bay Buccaneers,New York Giants,2021-11-22,8:15PM,Tampa Bay,/boxscores/202111220tam.htm,Giants (deferred),,outdoors,grass ,2:53,"65,643",Tampa Bay Buccaneers -11.0,50.0 (under),68 degrees, relative humidity 61%, wind 6 mph
2021,12,Chicago Bears,Detroit Lions,2021-11-25,12:30PM,Detroit,/boxscores/202111250det.htm,Lions (deferred),,dome,fieldturf ,3:05,"56,355",Chicago Bears -3.0,41.0 (under),,,
2021,12,Las Vegas Raiders,Dallas Cowboys,2021-11-25,4:30PM,Dallas,/boxscores/202111250dal.htm,Raiders (deferred),Cowboys,retractable roof (closed),matrixturf,3:53,"93,483",Dallas Cowboys -7.5,51.5 (over),,,
2021,12,Buffalo Bills,New Orleans Saints,2021-11-25,8:20PM,New Orleans,/boxscores/202111250nor.htm,Bills (deferred),,dome,sportturf,2:49,"69,170",Buffalo Bills -6.5,45.0 (under),,,
2021,12,Atlanta Falcons,Jacksonville Jaguars,2021-11-28,1:00PM,Jacksonville,/boxscores/202111280jax.htm,Jaguars (deferred),,outdoors,grass ,2:55,"60,031",Atlanta Falcons -2.0,45.5 (under),61 degrees, relative humidity 41%, wind 4 mph
2021,12,Cincinnati Bengals,Pittsburgh Steelers,2021-11-28,1:00PM,Cincinnati,/boxscores/202111280cin.htm,Steelers (deferred),,outdoors,fieldturf ,3:02,"63,238",Cincinnati Bengals -3.5,44.0 (over),43 degrees, relative humidity 65%, wind 12 mph
2021,12,New York Jets,Houston Texans,2021-11-28,1:00PM,Houston,/boxscores/202111280htx.htm,Jets (deferred),,retractable roof (closed),astroturf,2:57,"65,120",Houston Texans -2.5,44.5 (under),,,
2021,12,New York Giants,Philadelphia Eagles,2021-11-28,1:00PM,New York,/boxscores/202111280nyg.htm,Eagles (deferred),,outdoors,fieldturf ,2:57,"73,969",Philadelphia Eagles -3.5,45.5 (under),39 degrees, relative humidity 72%, wind 4 mph
2021,12,Miami Dolphins,Carolina Panthers,2021-11-28,1:00PM,Miami,/boxscores/202111280mia.htm,Panthers (deferred),,outdoors,grass ,2:56,"62,389",Carolina Panthers -2.5,42.0 (over),74 degrees, relative humidity 56%, wind 4 mph
2021,12,Tampa Bay Buccaneers,Indianapolis Colts,2021-11-28,1:00PM,Indianapolis,/boxscores/202111280clt.htm,Colts (deferred),,retractable roof (closed),fieldturf ,3:19,"66,140",Tampa Bay Buccaneers -3.0,53.5 (over),,,
2021,12,New England Patriots,Tennessee Titans,2021-11-28,1:00PM,New England,/boxscores/202111280nwe.htm,Patriots (deferred),,outdoors,fieldturf,2:57,"65,878",New England Patriots -7.0,43.5 (over),33 degrees, relative humidity 61%, wind 6 mph
2021,12,Denver Broncos,Los Angeles Chargers,2021-11-28,4:05PM,Denver,/boxscores/202111280den.htm,Chargers (deferred),,outdoors,grass ,3:05,"75,807",Los Angeles Chargers -3.0,47.0 (under),62 degrees, relative humidity 22%, no wind
2021,12,San Francisco 49ers,Minnesota Vikings,2021-11-28,4:25PM,San Francisco,/boxscores/202111280sfo.htm,49ers (deferred),,outdoors,grass,3:09,"71,493",San Francisco 49ers -3.5,49.0 (over),68 degrees, relative humidity 43%, wind 7 mph
2021,12,Green Bay Packers,Los Angeles Rams,2021-11-28,4:25PM,Green Bay,/boxscores/202111280gnb.htm,Packers (deferred),,outdoors,grass ,3:19,"77,948",Los Angeles Rams -2.0,46.5 (over),37 degrees, relative humidity 46%, wind 14 mph
2021,12,Baltimore Ravens,Cleveland Browns,2021-11-28,8:20PM,Baltimore,/boxscores/202111280rav.htm,Ravens (deferred),,outdoors,grass,3:14,"70,355",Baltimore Ravens -3.5,47.0 (under),43 degrees, relative humidity 70%, no wind
2021,12,Washington Football Team,Seattle Seahawks,2021-11-29,8:15PM,Washington Football,/boxscores/202111290was.htm,Seahawks (deferred),,outdoors,grass ,3:09,"52,680",Pick,47.0 (under),41 degrees, relative humidity 51%, wind 9 mph
2021,13,Dallas Cowboys,New Orleans Saints,2021-12-02,8:20PM,New Orleans,/boxscores/202112020nor.htm,Cowboys (deferred),,dome,sportturf,3:12,"69,170",Dallas Cowboys -5.0,47.5 (under),,,
2021,13,Tampa Bay Buccaneers,Atlanta Falcons,2021-12-05,1:00PM,Atlanta,/boxscores/202112050atl.htm,Falcons (deferred),,retractable roof (closed),fieldturf,3:03,"69,366",Tampa Bay Buccaneers -10.5,50.5 (under),,,
2021,13,Arizona Cardinals,Chicago Bears,2021-12-05,1:00PM,Chicago,/boxscores/202112050chi.htm,Cardinals (deferred),,outdoors,grass ,3:04,"60,803",Arizona Cardinals -7.5,42.0 (over),34 degrees, relative humidity 80%, wind 8 mph
2021,13,Los Angeles Chargers,Cincinnati Bengals,2021-12-05,1:00PM,Cincinnati,/boxscores/202112050cin.htm,Bengals (deferred),,outdoors,fieldturf ,3:20,"51,414",Cincinnati Bengals -3.0,49.5 (over),48 degrees, relative humidity 51%, wind 11 mph
2021,13,Detroit Lions,Minnesota Vikings,2021-12-05,1:00PM,Detroit,/boxscores/202112050det.htm,Lions (deferred),,dome,fieldturf ,3:10,"45,691",Minnesota Vikings -7.0,46.5 (over),,,
2021,13,Philadelphia Eagles,New York Jets,2021-12-05,1:00PM,New York,/boxscores/202112050nyj.htm,Eagles (deferred),,outdoors,fieldturf ,3:06,"73,311",Philadelphia Eagles -5.0,43.5 (over),45 degrees, relative humidity 33%, no wind
2021,13,Indianapolis Colts,Houston Texans,2021-12-05,1:00PM,Houston,/boxscores/202112050htx.htm,Colts (deferred),,retractable roof (closed),astroturf,2:55,"65,291",Indianapolis Colts -10.0,44.5 (under),,,
2021,13,Miami Dolphins,New York Giants,2021-12-05,1:00PM,Miami,/boxscores/202112050mia.htm,Dolphins (deferred),,outdoors,grass ,3:00,"65,898",Miami Dolphins -6.5,39.5 (under),80 degrees, relative humidity 62%, wind 11 mph
2021,13,Seattle Seahawks,San Francisco 49ers,2021-12-05,4:00PM,Seattle,/boxscores/202112050sea.htm,49ers (deferred),,outdoors,fieldturf ,3:13,"68,758",San Francisco 49ers -3.5,45.5 (over),41 degrees, relative humidity 76%, wind 4 mph
2021,13,Washington Football Team,Las Vegas Raiders,2021-12-05,4:05PM,Las Vegas,/boxscores/202112050rai.htm,Raiders (deferred),,dome,grass,3:01,"61,607",Las Vegas Raiders -1.5,48.0 (under),,,
2021,13,Los Angeles Rams,Jacksonville Jaguars,2021-12-05,4:25PM,Los Angeles,/boxscores/202112050ram.htm,Jaguars (deferred),,dome,matrixturf,2:53,"70,801",Los Angeles Rams -13.0,48.0 (under),,,
2021,13,Pittsburgh Steelers,Baltimore Ravens,2021-12-05,4:25PM,Pittsburgh,/boxscores/202112050pit.htm,Steelers (deferred),,outdoors,grass ,3:10,"59,303",Baltimore Ravens -4.5,44.0 (under),50 degrees, relative humidity 44%, wind 7 mph
2021,13,Kansas City Chiefs,Denver Broncos,2021-12-05,8:20PM,Kansas City,/boxscores/202112050kan.htm,Broncos,,outdoors,grass ,2:54,"73,185",Kansas City Chiefs -9.5,47.0 (under),58 degrees, relative humidity 55%, wind 22 mph
2021,13,New England Patriots,Buffalo Bills,2021-12-06,8:15PM,Buffalo,/boxscores/202112060buf.htm,Bills (deferred),,outdoors,a_turf,2:55,"69,694",Buffalo Bills -4.0,44.0 (under),36 degrees, relative humidity 59%, wind 19 mph
2021,14,Minnesota Vikings,Pittsburgh Steelers,2021-12-09,8:20PM,Minnesota,/boxscores/202112090min.htm,Steelers (deferred),,dome,sportturf,3:20,"66,718",Minnesota Vikings -3.0,44.0 (over),,,
2021,14,Atlanta Falcons,Carolina Panthers,2021-12-12,1:00PM,Carolina,/boxscores/202112120car.htm,Panthers (deferred),,outdoors,grass ,2:55,"72,243",Carolina Panthers -2.5,41.0 (over),48 degrees, relative humidity 37%, wind 9 mph
2021,14,San Francisco 49ers,Cincinnati Bengals,2021-12-12,1:00PM,Cincinnati,/boxscores/202112120cin.htm,Bengals (deferred),Bengals,outdoors,fieldturf ,3:24,"50,481",San Francisco 49ers -1.5,49.0 (push),48 degrees, relative humidity 40%, wind 9 mph
2021,14,Cleveland Browns,Baltimore Ravens,2021-12-12,1:00PM,Cleveland,/boxscores/202112120cle.htm,Browns,,outdoors,grass ,3:09,"67,431",Cleveland Browns -3.0,42.5 (over),46 degrees, relative humidity 42%, wind 14 mph
2021,14,Dallas Cowboys,Washington Football Team,2021-12-12,1:00PM,Washington Football,/boxscores/202112120was.htm,Football Team (deferred),,outdoors,grass ,3:29,"61,308",Dallas Cowboys -4.5,48.0 (under),48 degrees, relative humidity 32%, wind 17 mph
2021,14,Seattle Seahawks,Houston Texans,2021-12-12,1:00PM,Houston,/boxscores/202112120htx.htm,Seahawks (deferred),,retractable roof (open),astroturf,3:16,"67,610",Seattle Seahawks -9.0,40.5 (over),,,
2021,14,Tennessee Titans,Jacksonville Jaguars,2021-12-12,1:00PM,Tennessee,/boxscores/202112120oti.htm,Jaguars (deferred),,outdoors,grass ,2:56,"67,808",Tennessee Titans -8.5,43.5 (under),45 degrees, relative humidity 58%, no wind
2021,14,Kansas City Chiefs,Las Vegas Raiders,2021-12-12,1:00PM,Kansas City,/boxscores/202112120kan.htm,Chiefs (deferred),,outdoors,grass ,2:59,"73,278",Kansas City Chiefs -10.0,48.0 (over),47 degrees, relative humidity 34%, wind 19 mph
2021,14,New Orleans Saints,New York Jets,2021-12-12,1:00PM,New York,/boxscores/202112120nyj.htm,Saints (deferred),,outdoors,fieldturf ,3:01,"69,129",New Orleans Saints -5.5,43.0 (under),46 degrees, relative humidity 30%, wind 13 mph
2021,14,Denver Broncos,Detroit Lions,2021-12-12,4:05PM,Denver,/boxscores/202112120den.htm,Lions (deferred),,outdoors,grass ,2:54,"76,211",Denver Broncos -11.0,42.0 (over),63 degrees, relative humidity 12%, wind 8 mph
2021,14,Los Angeles Chargers,New York Giants,2021-12-12,4:05PM,Los Angeles,/boxscores/202112120sdg.htm,Chargers (deferred),,dome,matrixturf,3:01,"70,240",Los Angeles Chargers -9.0,43.0 (over),,,
2021,14,Tampa Bay Buccaneers,Buffalo Bills,2021-12-12,4:25PM,Tampa Bay,/boxscores/202112120tam.htm,Bills,Bills,outdoors,grass ,3:29,,Tampa Bay Buccaneers -3.5,54.5 (over),82 degrees, relative humidity 66%, wind 4 mph
2021,14,Green Bay Packers,Chicago Bears,2021-12-12,8:20PM,Green Bay,/boxscores/202112120gnb.htm,Packers (deferred),,outdoors,grass ,3:16,"78,273",Green Bay Packers -11.5,43.0 (over),36 degrees, relative humidity 59%, wind 8 mph
2021,14,Los Angeles Rams,Arizona Cardinals,2021-12-13,8:15PM,Arizona,/boxscores/202112130crd.htm,Rams (deferred),,retractable roof (open),grass ,3:01,"63,999",Arizona Cardinals -2.5,51.5 (over),,,
2021,15,Kansas City Chiefs,Los Angeles Chargers,2021-12-16,8:20PM,Los Angeles,/boxscores/202112160sdg.htm,Chiefs (deferred),Chiefs,dome,matrixturf,3:12,"70,240",Kansas City Chiefs -3.0,52.5 (over),,,
2021,15,Indianapolis Colts,New England Patriots,2021-12-18,8:20PM,Indianapolis,/boxscores/202112180clt.htm,Patriots (deferred),,retractable roof (closed),fieldturf ,2:58,"66,391",Indianapolis Colts -2.5,45.5 (under),,,
2021,15,Buffalo Bills,Carolina Panthers,2021-12-19,1:00PM,Buffalo,/boxscores/202112190buf.htm,Bills (deferred),,outdoors,a_turf,3:11,"65,398",Buffalo Bills -14.5,43.0 (over),30 degrees, relative humidity 69%, wind 8 mph
2021,15,Detroit Lions,Arizona Cardinals,2021-12-19,1:00PM,Detroit,/boxscores/202112190det.htm,Cardinals (deferred),,dome,fieldturf ,3:04,"45,211",Arizona Cardinals -13.0,48.0 (under),,,
2021,15,Dallas Cowboys,New York Giants,2021-12-19,1:00PM,New York,/boxscores/202112190nyg.htm,Cowboys,,outdoors,fieldturf ,3:04,"77,413",Dallas Cowboys -11.5,43.5 (under),37 degrees, relative humidity 54%, wind 8 mph
2021,15,Green Bay Packers,Baltimore Ravens,2021-12-19,1:00PM,Baltimore,/boxscores/202112190rav.htm,Packers (deferred),,outdoors,grass,3:06,"70,815",Green Bay Packers -9.5,45.0 (over),43 degrees, relative humidity 52%, wind 11 mph
2021,15,Houston Texans,Jacksonville Jaguars,2021-12-19,1:00PM,Jacksonville,/boxscores/202112190jax.htm,Jaguars (deferred),,outdoors,grass ,3:03,"60,252",Jacksonville Jaguars -6.0,40.0 (over),80 degrees, relative humidity 71%, wind 12 mph
2021,15,Miami Dolphins,New York Jets,2021-12-19,1:00PM,Miami,/boxscores/202112190mia.htm,Jets (deferred),,outdoors,grass ,3:09,"66,035",Miami Dolphins -10.0,42.0 (over),82 degrees, relative humidity 70%, wind 9 mph
2021,15,Pittsburgh Steelers,Tennessee Titans,2021-12-19,1:00PM,Pittsburgh,/boxscores/202112190pit.htm,Titans (deferred),,outdoors,grass ,3:09,"59,521",Pittsburgh Steelers -1.0,44.0 (under),32 degrees, relative humidity 74%, wind 11 mph
2021,15,San Francisco 49ers,Atlanta Falcons,2021-12-19,4:05PM,San Francisco,/boxscores/202112190sfo.htm,Falcons (deferred),,outdoors,grass,2:51,"71,650",San Francisco 49ers -8.5,48.0 (under),46 degrees, relative humidity 81%, no wind
2021,15,Cincinnati Bengals,Denver Broncos,2021-12-19,4:05PM,Denver,/boxscores/202112190den.htm,Broncos (deferred),,outdoors,grass ,3:11,"76,134",Denver Broncos -3.0,44.0 (under),61 degrees, relative humidity 9%, wind 19 mph
2021,15,New Orleans Saints,Tampa Bay Buccaneers,2021-12-19,8:20PM,Tampa Bay,/boxscores/202112190tam.htm,Buccaneers (deferred),,outdoors,grass ,2:54,"65,744",Tampa Bay Buccaneers -11.5,45.5 (under),75 degrees, relative humidity 99%, no wind
2021,15,Las Vegas Raiders,Cleveland Browns,2021-12-20,5:00PM,Cleveland,/boxscores/202112200cle.htm,Browns,,outdoors,grass ,2:58,,Cleveland Browns -3.0,41.0 (under),40 degrees, relative humidity 47%, wind 8 mph
2021,15,Minnesota Vikings,Chicago Bears,2021-12-20,8:15PM,Chicago,/boxscores/202112200chi.htm,Bears (deferred),,outdoors,grass ,3:06,"60,082",Minnesota Vikings -6.5,44.5 (under),37 degrees, relative humidity 75%, wind 8 mph
2021,15,Philadelphia Eagles,Washington Football Team,2021-12-21,7:00PM,Philadelphia,/boxscores/202112210phi.htm,Eagles (deferred),,outdoors,grass ,3:01,"69,796",Philadelphia Eagles -6.5,42.0 (over),42 degrees, relative humidity 57%, wind 7 mph
2021,15,Los Angeles Rams,Seattle Seahawks,2021-12-21,7:00PM,Los Angeles,/boxscores/202112210ram.htm,Seahawks (deferred),,dome,matrixturf,2:53,"71,565",Los Angeles Rams -7.0,46.0 (under),,,
2021,16,Tennessee Titans,San Francisco 49ers,2021-12-23,8:20PM,Tennessee,/boxscores/202112230oti.htm,Titans (deferred),,outdoors,grass ,3:50,"69,361",San Francisco 49ers -3.5,44.0 (under),48 degrees, relative humidity 46%, wind 7 mph
2021,16,Green Bay Packers,Cleveland Browns,2021-12-25,4:30PM,Green Bay,/boxscores/202112250gnb.htm,Packers (deferred),,outdoors,grass ,2:54,"77,901",Green Bay Packers -7.5,46.5 (under),35 degrees, relative humidity 49%, wind 11 mph
2021,16,Indianapolis Colts,Arizona Cardinals,2021-12-25,8:15PM,Arizona,/boxscores/202112250crd.htm,Cardinals,,retractable roof (closed),grass ,3:04,"63,900",Arizona Cardinals -2.0,49.0 (under),,,
2021,16,Atlanta Falcons,Detroit Lions,2021-12-26,1:00PM,Atlanta,/boxscores/202112260atl.htm,Lions (deferred),,retractable roof (open),fieldturf,2:41,"68,638",Atlanta Falcons -6.5,42.0 (under),,,
2021,16,Buffalo Bills,New England Patriots,2021-12-26,1:00PM,New England,/boxscores/202112260nwe.htm,Bills (deferred),,outdoors,fieldturf,3:13,"65,878",New England Patriots -1.5,43.5 (over),38 degrees, relative humidity 79%, wind 13 mph
2021,16,Tampa Bay Buccaneers,Carolina Panthers,2021-12-26,1:00PM,Carolina,/boxscores/202112260car.htm,Panthers (deferred),,outdoors,grass ,3:09,"71,918",Tampa Bay Buccaneers -9.5,43.0 (under),73 degrees, relative humidity 41%, wind 8 mph
2021,16,Cincinnati Bengals,Baltimore Ravens,2021-12-26,1:00PM,Cincinnati,/boxscores/202112260cin.htm,Ravens (deferred),,outdoors,fieldturf ,3:02,"63,922",Cincinnati Bengals -7.0,41.5 (over),52 degrees, relative humidity 63%, no wind
2021,16,Houston Texans,Los Angeles Chargers,2021-12-26,1:00PM,Houston,/boxscores/202112260htx.htm,Texans (deferred),,retractable roof (closed),astroturf,2:56,"65,674",Los Angeles Chargers -11.0,45.5 (over),,,
2021,16,New York Jets,Jacksonville Jaguars,2021-12-26,1:00PM,New York,/boxscores/202112260nyj.htm,Jaguars,,outdoors,fieldturf ,3:08,"67,120",New York Jets -1.5,41.0 (over),47 degrees, relative humidity 49%, no wind
2021,16,Los Angeles Rams,Minnesota Vikings,2021-12-26,1:00PM,Minnesota,/boxscores/202112260min.htm,Rams (deferred),,dome,sportturf,3:01,"66,708",Los Angeles Rams -3.5,49.0 (over),,,
2021,16,Philadelphia Eagles,New York Giants,2021-12-26,1:00PM,Philadelphia,/boxscores/202112260phi.htm,Giants (deferred),,outdoors,grass ,3:16,"69,796",Philadelphia Eagles -10.0,40.5 (over),53 degrees, relative humidity 46%, wind 9 mph
2021,16,Chicago Bears,Seattle Seahawks,2021-12-26,4:05PM,Seattle,/boxscores/202112260sea.htm,Bears (deferred),,outdoors,fieldturf ,3:03,"68,492",Seattle Seahawks -6.5,41.5 (over),25 degrees, relative humidity 85%, wind 11 mph
2021,16,Las Vegas Raiders,Denver Broncos,2021-12-26,4:25PM,Las Vegas,/boxscores/202112260rai.htm,Raiders (deferred),,dome,grass,2:32,"60,972",Pick,41.0 (under),,,
2021,16,Kansas City Chiefs,Pittsburgh Steelers,2021-12-26,4:25PM,Kansas City,/boxscores/202112260kan.htm,Chiefs (deferred),,outdoors,grass ,2:58,"73,371",Kansas City Chiefs -12.5,46.5 (under),60 degrees, relative humidity 64%, wind 22 mph
2021,16,Dallas Cowboys,Washington Football Team,2021-12-26,8:20PM,Dallas,/boxscores/202112260dal.htm,Football Team (deferred),,retractable roof (closed),matrixturf,3:05,"93,482",Dallas Cowboys -10.0,46.5 (over),,,
2021,16,Miami Dolphins,New Orleans Saints,2021-12-27,8:15PM,New Orleans,/boxscores/202112270nor.htm,Saints (deferred),,dome,sportturf,2:59,"69,170",Miami Dolphins -2.5,37.5 (under),,,
2021,17,Buffalo Bills,Atlanta Falcons,2022-01-02,1:00PM,Buffalo,/boxscores/202201020buf.htm,Falcons,,outdoors,a_turf,3:04,"64,948",Buffalo Bills -14.5,44.0 (push),26 degrees, relative humidity 81%, wind 11 mph
2021,17,New Orleans Saints,Carolina Panthers,2022-01-02,1:00PM,New Orleans,/boxscores/202201020nor.htm,Saints (deferred),,dome,sportturf,2:51,"69,170",New Orleans Saints -6.5,37.5 (under),,,
2021,17,Chicago Bears,New York Giants,2022-01-02,1:00PM,Chicago,/boxscores/202201020chi.htm,Bears (deferred),,outdoors,grass ,2:52,"59,594",Chicago Bears -6.5,36.5 (under),25 degrees, relative humidity 74%, wind 13 mph
2021,17,Cincinnati Bengals,Kansas City Chiefs,2022-01-02,1:00PM,Cincinnati,/boxscores/202201020cin.htm,Bengals (deferred),,outdoors,fieldturf ,3:08,"64,505",Kansas City Chiefs -4.0,51.5 (over),33 degrees, relative humidity 81%, wind 13 mph
2021,17,Las Vegas Raiders,Indianapolis Colts,2022-01-02,1:00PM,Indianapolis,/boxscores/202201020clt.htm,Colts (deferred),,retractable roof (closed),fieldturf ,2:55,"65,985",Indianapolis Colts -8.0,45.0 (under),,,
2021,17,New England Patriots,Jacksonville Jaguars,2022-01-02,1:00PM,New England,/boxscores/202201020nwe.htm,Patriots (deferred),,outdoors,fieldturf,2:47,"65,878",New England Patriots -16.5,41.5 (over),46 degrees, relative humidity 100%, wind 4 mph
2021,17,Tennessee Titans,Miami Dolphins,2022-01-02,1:00PM,Tennessee,/boxscores/202201020oti.htm,Titans (deferred),,outdoors,grass ,2:59,"69,091",Tennessee Titans -3.0,40.0 (under),43 degrees, relative humidity 93%, wind 13 mph
2021,17,Tampa Bay Buccaneers,New York Jets,2022-01-02,1:00PM,New York,/boxscores/202201020nyj.htm,Jets,,outdoors,fieldturf ,2:59,"72,243",Tampa Bay Buccaneers -13.5,45.5 (over),57 degrees, relative humidity 82%, wind 9 mph
2021,17,Philadelphia Eagles,Washington Football Team,2022-01-02,1:00PM,Washington Football,/boxscores/202201020was.htm,Eagles (deferred),,outdoors,grass ,2:46,"51,563",Philadelphia Eagles -4.5,44.5 (under),62 degrees, relative humidity 91%, wind 4 mph
2021,17,Los Angeles Chargers,Denver Broncos,2022-01-02,4:05PM,Los Angeles,/boxscores/202201020sdg.htm,Broncos (deferred),,dome,matrixturf,2:51,"70,240",Los Angeles Chargers -7.5,45.0 (over),,,
2021,17,San Francisco 49ers,Houston Texans,2022-01-02,4:05PM,San Francisco,/boxscores/202201020sfo.htm,49ers (deferred),,outdoors,grass,2:57,"71,612",San Francisco 49ers -12.5,43.5 (under),50 degrees, relative humidity 58%, wind 6 mph
2021,17,Arizona Cardinals,Dallas Cowboys,2022-01-02,4:25PM,Dallas,/boxscores/202201020dal.htm,Cardinals (deferred),,retractable roof (closed),matrixturf,3:06,"93,459",Dallas Cowboys -6.5,52.5 (under),,,
2021,17,Seattle Seahawks,Detroit Lions,2022-01-02,4:25PM,Seattle,/boxscores/202201020sea.htm,Lions (deferred),,outdoors,fieldturf ,3:13,"68,043",Seattle Seahawks -7.0,41.5 (over),37 degrees, relative humidity 92%, no wind
2021,17,Los Angeles Rams,Baltimore Ravens,2022-01-02,4:25PM,Baltimore,/boxscores/202201020rav.htm,Rams (deferred),,outdoors,grass,2:53,"70,328",Los Angeles Rams -6.0,46.5 (under),59 degrees, relative humidity 92%, wind 6 mph
2021,17,Green Bay Packers,Minnesota Vikings,2022-01-02,8:20PM,Green Bay,/boxscores/202201020gnb.htm,Vikings (deferred),,outdoors,grass ,3:04,"77,832",Green Bay Packers -13.0,42.5 (over),11 degrees, relative humidity 60%, wind 9 mph
2021,17,Pittsburgh Steelers,Cleveland Browns,2022-01-03,8:15PM,Pittsburgh,/boxscores/202201030pit.htm,Browns (deferred),,outdoors,grass ,3:21,"63,624",Pittsburgh Steelers -2.0,42.0 (under),25 degrees, relative humidity 60%, wind 12 mph
2021,18,Kansas City Chiefs,Denver Broncos,2022-01-08,4:30PM,Denver,/boxscores/202201080den.htm,Broncos,,outdoors,grass ,2:59,"76,012",Kansas City Chiefs -11.0,45.0 (over),41 degrees, relative humidity 57%, wind 4 mph
2021,18,Dallas Cowboys,Philadelphia Eagles,2022-01-08,8:15PM,Philadelphia,/boxscores/202201080phi.htm,Cowboys (deferred),,outdoors,grass ,3:02,"69,796",Dallas Cowboys -4.0,43.5 (over),31 degrees, relative humidity 43%, wind 8 mph
2021,18,New Orleans Saints,Atlanta Falcons,2022-01-09,1:00PM,Atlanta,/boxscores/202201090atl.htm,Falcons (deferred),,retractable roof (closed),fieldturf,2:59,"68,336",New Orleans Saints -3.5,40.0 (over),,,
2021,18,Tampa Bay Buccaneers,Carolina Panthers,2022-01-09,1:00PM,Tampa Bay,/boxscores/202201090tam.htm,Buccaneers (deferred),,outdoors,grass ,2:59,"65,473",Tampa Bay Buccaneers -9.0,41.5 (over),80 degrees, relative humidity 99%, wind 4 mph
2021,18,Minnesota Vikings,Chicago Bears,2022-01-09,1:00PM,Minnesota,/boxscores/202201090min.htm,Vikings (deferred),,dome,sportturf,2:51,"66,625",Minnesota Vikings -4.0,44.5 (over),,,
2021,18,Cleveland Browns,Cincinnati Bengals,2022-01-09,1:00PM,Cleveland,/boxscores/202201090cle.htm,Browns (deferred),,outdoors,grass ,3:00,"67,431",Cleveland Browns -5.5,37.0 (push),38 degrees, relative humidity 89%, wind 22 mph
2021,18,Jacksonville Jaguars,Indianapolis Colts,2022-01-09,1:00PM,Jacksonville,/boxscores/202201090jax.htm,Colts (deferred),,outdoors,grass ,3:05,"60,516",Indianapolis Colts -15.0,43.5 (under),76 degrees, relative humidity 60%, wind 19 mph
2021,18,Detroit Lions,Green Bay Packers,2022-01-09,1:00PM,Detroit,/boxscores/202201090det.htm,Lions (deferred),,dome,fieldturf ,3:02,"56,735",Green Bay Packers -3.0,44.5 (over),,,
2021,18,Tennessee Titans,Houston Texans,2022-01-09,1:00PM,Houston,/boxscores/202201090htx.htm,Titans (deferred),,retractable roof (closed),astroturf,3:02,"66,722",Tennessee Titans -10.5,42.5 (over),,,
2021,18,Miami Dolphins,New England Patriots,2022-01-09,1:00PM,Miami,/boxscores/202201090mia.htm,Patriots,,outdoors,grass ,3:03,"66,514",New England Patriots -6.0,40.0 (over),75 degrees, relative humidity 79%, wind 8 mph
2021,18,Washington Football Team,New York Giants,2022-01-09,1:00PM,New York,/boxscores/202201090nyg.htm,Giants (deferred),,outdoors,fieldturf ,2:50,"69,923",Washington Football Team -7.0,37.5 (under),38 degrees, relative humidity 64%, no wind
2021,18,Pittsburgh Steelers,Baltimore Ravens,2022-01-09,1:00PM,Baltimore,/boxscores/202201090rav.htm,Ravens (deferred),Ravens,outdoors,grass,3:30,"70,453",Baltimore Ravens -3.5,41.0 (under),36 degrees, relative humidity 100%, no wind
2021,18,Buffalo Bills,New York Jets,2022-01-09,4:25PM,Buffalo,/boxscores/202201090buf.htm,Jets (deferred),,outdoors,a_turf,3:11,"64,783",Buffalo Bills -16.5,40.5 (under),36 degrees, relative humidity 67%, wind 19 mph
2021,18,Seattle Seahawks,Arizona Cardinals,2022-01-09,4:25PM,Arizona,/boxscores/202201090crd.htm,Cardinals (deferred),,retractable roof (open),grass ,3:09,"63,858",Arizona Cardinals -5.5,48.0 (over),,,
2021,18,San Francisco 49ers,Los Angeles Rams,2022-01-09,4:25PM,Los Angeles,/boxscores/202201090ram.htm,49ers (deferred),49ers,dome,matrixturf,3:12,"74,447",Los Angeles Rams -3.5,44.5 (over),,,
2021,18,Las Vegas Raiders,Los Angeles Chargers,2022-01-09,8:25PM,Las Vegas,/boxscores/202201090rai.htm,Chargers (deferred),Raiders,dome,grass,3:52,"62,068",Los Angeles Chargers -3.0,49.0 (over),,,
