name,team,position,fpoints_ppr,games,player_url,fpoints_ppr_per_game
Saquon Barkley,PHI,RB,362.3,16,/players/B/BarkSa00.htm,22.64375
Derrick Henry,BAL,RB,343.4,17,/players/H/HenrDe00.htm,20.2
Jahmyr Gibbs,DET,RB,369.9,17,/players/G/GibbJa01.htm,21.758823529411764
Lamar Jackson,BAL,QB,445.4,17,/players/J/JackLa00.htm,26.2
Ja'Marr Chase,CIN,WR,406.0,17,/players/C/ChasJa00.htm,23.88235294117647
Bijan Robinson,ATL,RB,347.7,17,/players/R/RobiBi01.htm,20.45294117647059
Josh Jacobs,GNB,RB,302.1,17,/players/J/JacoJo01.htm,17.77058823529412
Josh Allen,BUF,QB,393.0,17,/players/A/AlleJo02.htm,23.11764705882353
Joe Burrow,CIN,QB,392.8,17,/players/B/BurrJo01.htm,23.105882352941176
Kyren Williams,LAR,RB,281.1,16,/players/W/WillKy02.htm,17.56875
James Cook,BUF,RB,272.7,16,/players/C/CookJa01.htm,17.04375
Justin Jefferson,MIN,WR,320.5,17,/players/J/JeffJu00.htm,18.852941176470587
Baker Mayfield,TAM,QB,389.8,17,/players/M/MayfBa00.htm,22.929411764705883
Jonathan Taylor,IND,RB,251.7,14,/players/T/TaylJo02.htm,17.978571428571428
George Kittle,SFO,TE,239.6,15,/players/K/KittGe00.htm,15.973333333333333
Jayden Daniels,WAS,QB,370.8,17,/players/D/DaniJa02.htm,21.811764705882354
De'Von Achane,MIA,RB,305.9,17,/players/A/AchaDe00.htm,17.99411764705882
Amon-Ra St. Brown,DET,WR,320.2,17,/players/S/StxxAm00.htm,18.83529411764706
Brian Thomas,JAX,WR,287.0,17,/players/T/ThomBr06.htm,16.88235294117647
Brock Bowers,LVR,TE,265.7,17,/players/B/BoweBr01.htm,15.629411764705882
James Conner,ARI,RB,260.8,16,/players/C/ConnJa00.htm,16.3
Joe Mixon,HOU,RB,246.5,14,/players/M/MixoJo00.htm,17.607142857142858
Terry McLaurin,WAS,WR,271.8,17,/players/M/McLaTe00.htm,15.988235294117647
Trey McBride,ARI,TE,252.8,16,/players/M/McBrTr01.htm,15.8
Chase Brown,CIN,RB,262.0,16,/players/B/BrowCh10.htm,16.375
Drake London,ATL,WR,283.8,17,/players/L/LondDr00.htm,16.694117647058825
Chuba Hubbard,CAR,RB,250.6,15,/players/H/HubbCh01.htm,16.706666666666667
Jonnu Smith,MIA,TE,226.3,17,/players/S/SmitJo01.htm,13.311764705882354
Mark Andrews,BAL,TE,191.8,17,/players/A/AndrMa00.htm,11.282352941176471
Bucky Irving,TAM,RB,251.4,17,/players/I/IrviBu00.htm,14.788235294117648
Alvin Kamara,NOR,RB,271.3,14,/players/K/KamaAl00.htm,19.37857142857143
Aaron Jones,MIN,RB,250.6,17,/players/J/JoneAa00.htm,14.741176470588234
Jared Goff,DET,QB,339.5,17,/players/G/GoffJa00.htm,19.970588235294116
David Montgomery,DET,RB,228.7,14,/players/M/MontDa01.htm,16.335714285714285
Mike Evans,TAM,WR,243.4,14,/players/E/EvanMi00.htm,17.385714285714286
Breece Hall,NYJ,RB,248.9,16,/players/H/HallBr03.htm,15.55625
Malik Nabers,NYG,WR,276.6,15,/players/N/NabeMa00.htm,18.44
Bo Nix,DEN,QB,335.2,17,/players/N/NixxBo00.htm,19.71764705882353
Jalen Hurts,PHI,QB,331.1,15,/players/H/HurtJa00.htm,22.073333333333334
CeeDee Lamb,DAL,WR,267.4,15,/players/L/LambCe00.htm,17.826666666666664
Sam LaPorta,DET,TE,177.6,16,/players/L/LaPoSa01.htm,11.1
Courtland Sutton,DEN,WR,244.3,17,/players/S/SuttCo00.htm,14.370588235294118
Ladd McConkey,LAC,WR,243.9,16,/players/M/McCoLa00.htm,15.24375
Tucker Kraft,GNB,TE,167.3,17,/players/K/KrafTu00.htm,9.841176470588236
Zach Ertz,WAS,TE,180.4,17,/players/E/ErtzZa00.htm,10.611764705882353
Davante Adams,2TM,WR,244.3,14,/players/A/AdamDa01.htm,17.45
Sam Darnold,MIN,QB,330.0,17,/players/D/DarnSa00.htm,19.41176470588235
Jameson Williams,DET,WR,215.2,15,/players/W/WillJa11.htm,14.346666666666666
D'Andre Swift,CHI,RB,220.5,17,/players/S/SwifDA00.htm,12.970588235294118
Jaxon Smith-Njigba,SEA,WR,256.0,17,/players/S/SmitJa06.htm,15.058823529411764
Jerry Jeudy,CLE,WR,243.9,17,/players/J/JeudJe00.htm,14.347058823529412
Garrett Wilson,NYJ,WR,256.9,17,/players/W/WilsGa00.htm,15.11176470588235
Najee Harris,PIT,RB,210.6,17,/players/H/HarrNa00.htm,12.388235294117647
Jordan Addison,MIN,WR,215.5,15,/players/A/AddiJo00.htm,14.366666666666667
A.J. Brown,PHI,WR,219.9,13,/players/B/BrowAJ00.htm,16.915384615384617
Tee Higgins,CIN,WR,226.1,12,/players/H/HiggTe00.htm,18.841666666666665
Pat Freiermuth,PIT,TE,173.3,17,/players/F/FreiPa00.htm,10.194117647058825
Kyler Murray,ARI,QB,318.2,17,/players/M/MurrKy00.htm,18.71764705882353
Travis Kelce,KAN,TE,199.4,16,/players/K/KelcTr00.htm,12.4625
Nico Collins,HOU,WR,213.6,12,/players/C/CollNi00.htm,17.8
Jayden Reed,GNB,WR,204.0,17,/players/R/ReedJa03.htm,12.0
J.K. Dobbins,LAC,RB,197.8,13,/players/D/DobbJK00.htm,15.215384615384616
Tony Pollard,TEN,RB,208.7,16,/players/P/PollTo00.htm,13.04375
Rico Dowdle,DAL,RB,205.8,16,/players/D/DowdRi01.htm,12.8625
D.J. Moore,CHI,WR,242.1,17,/players/M/MoorD.00.htm,14.241176470588234
Tyreek Hill,MIA,WR,221.2,17,/players/H/HillTy00.htm,13.011764705882353
Zay Flowers,BAL,WR,212.5,17,/players/F/FlowZa00.htm,12.5
Marvin Harrison Jr.,ARI,WR,200.5,17,/players/H/HarrMa09.htm,11.794117647058824
Calvin Ridley,TEN,WR,203.2,17,/players/R/RidlCa00.htm,11.952941176470588
Jauan Jennings,SFO,WR,213.5,15,/players/J/JennJa00.htm,14.233333333333333
Justin Herbert,LAC,QB,296.4,17,/players/H/HerbJu00.htm,17.435294117647057
DeVonta Smith,PHI,WR,202.4,13,/players/S/SmitDe07.htm,15.569230769230769
Jakobi Meyers,LVR,WR,221.0,15,/players/M/MeyeJa01.htm,14.733333333333333
Patrick Mahomes,KAN,QB,300.0,16,/players/M/MahoPa00.htm,18.75
Brock Purdy,SFO,QB,287.9,15,/players/P/PurdBr00.htm,19.19333333333333
Geno Smith,SEA,QB,287.0,17,/players/S/SmitGe00.htm,16.88235294117647
Aaron Rodgers,NYJ,QB,275.6,17,/players/R/RodgAa00.htm,16.211764705882356
Caleb Williams,CHI,QB,271.5,17,/players/W/WillCa03.htm,15.970588235294118
Jordan Love,GNB,QB,247.9,15,/players/L/LoveJo03.htm,16.526666666666667
C.J. Stroud,HOU,QB,242.4,17,/players/S/StroCJ00.htm,14.258823529411766
Matthew Stafford,LAR,QB,227.6,16,/players/S/StafMa00.htm,14.225
Bryce Young,CAR,QB,212.0,14,/players/Y/YounBr01.htm,15.142857142857142
Tua Tagovailoa,MIA,QB,193.6,11,/players/T/TagoTu00.htm,17.599999999999998
Drake Maye,NWE,QB,199.1,13,/players/M/MayeDr00.htm,15.315384615384614
Kirk Cousins,ATL,QB,197.3,14,/players/C/CousKi00.htm,14.092857142857143
Russell Wilson,PIT,QB,187.8,11,/players/W/WilsRu00.htm,17.072727272727274
Anthony Richardson,IND,QB,184.4,11,/players/R/RichAn03.htm,16.763636363636365
Derek Carr,NOR,QB,158.9,10,/players/C/CarrDe02.htm,15.89
Rachaad White,TAM,RB,208.6,16,/players/W/WhitRa01.htm,13.0375
Zach Charbonnet,SEA,RB,192.9,17,/players/C/CharZa00.htm,11.347058823529412
Trevor Lawrence,JAX,QB,159.2,10,/players/L/LawrTr00.htm,15.919999999999998
Tyrone Tracy Jr.,NYG,RB,190.3,17,/players/T/TracTy00.htm,11.194117647058825
Rhamondre Stevenson,NWE,RB,184.9,15,/players/S/StevRh00.htm,12.326666666666666
Brian Robinson Jr.,WAS,RB,167.8,14,/players/R/RobiBr01.htm,11.985714285714286
Daniel Jones,NYG,QB,150.3,10,/players/J/JoneDa05.htm,15.030000000000001
Kenneth Walker III,SEA,RB,187.2,11,/players/W/WalkKe00.htm,17.018181818181816
Kareem Hunt,KAN,RB,161.4,13,/players/H/HuntKa00.htm,12.415384615384616
Jameis Winston,CLE,QB,148.1,12,/players/W/WinsJa00.htm,12.341666666666667
Rashod Bateman,BAL,WR,177.6,17,/players/B/BateRa00.htm,10.447058823529412
Darnell Mooney,ATL,WR,196.2,16,/players/M/MoonDa00.htm,12.2625
Puka Nacua,LAR,WR,209.6,11,/players/N/NacuPu00.htm,19.054545454545455
Xavier Worthy,KAN,WR,193.2,17,/players/W/WortXa00.htm,11.36470588235294
D.K. Metcalf,SEA,WR,196.2,15,/players/M/MetcDK00.htm,13.08
Alec Pierce,IND,WR,164.4,16,/players/P/PierAl00.htm,10.275
Tank Bigsby,JAX,RB,133.0,16,/players/B/BigsTa00.htm,8.3125
Quentin Johnston,LAC,WR,177.7,15,/players/J/JohnQu02.htm,11.846666666666666
Will Levis,TEN,QB,143.9,12,/players/L/LeviWi00.htm,11.991666666666667
Justin Fields,PIT,QB,127.1,10,/players/F/FielJu00.htm,12.709999999999999
Dak Prescott,DAL,QB,128.5,8,/players/P/PresDa01.htm,16.0625
Keenan Allen,CHI,WR,188.4,15,/players/A/AlleKe00.htm,12.56
Josh Downs,IND,WR,186.5,14,/players/D/DownJo00.htm,13.321428571428571
Cooper Rush,DAL,QB,120.6,12,/players/R/RushCo00.htm,10.049999999999999
Cooper Kupp,LAR,WR,178.0,12,/players/K/KuppCo00.htm,14.833333333333334
Khalil Shakir,BUF,WR,185.5,15,/players/S/ShakKh00.htm,12.366666666666667
Javonte Williams,DEN,RB,165.9,17,/players/W/WillJa10.htm,9.758823529411766
George Pickens,PIT,WR,168.4,14,/players/P/PickGe00.htm,12.028571428571428
Jordan Mason,SFO,RB,119.0,12,/players/M/MasoJo00.htm,9.916666666666666
Nick Westbrook-Ikhine,TEN,WR,138.7,17,/players/W/WestNi00.htm,8.158823529411764
Deebo Samuel,SFO,WR,160.6,15,/players/S/SamuDe00.htm,10.706666666666667
Jalen Tolbert,DAL,WR,155.0,17,/players/T/TolbJa00.htm,9.117647058823529
Alexander Mattison,LVR,RB,144.4,14,/players/M/MattAl01.htm,10.314285714285715
Ray Davis,BUF,RB,122.1,17,/players/D/DaviRa04.htm,7.18235294117647
Joe Flacco,IND,QB,113.0,8,/players/F/FlacJo00.htm,14.125
Jalen McMillan,TAM,WR,138.4,13,/players/M/McMiJa01.htm,10.646153846153847
Austin Ekeler,WAS,RB,138.3,12,/players/E/EkelAu00.htm,11.525
Jerome Ford,CLE,RB,140.0,14,/players/F/FordJe00.htm,10.0
Michael Pittman Jr.,IND,WR,169.8,16,/players/P/PittMi01.htm,10.6125
Mac Jones,JAX,QB,109.1,10,/players/J/JoneMa05.htm,10.91
Gardner Minshew II,LVR,QB,113.3,10,/players/M/MinsGa00.htm,11.33
Mason Rudolph,TEN,QB,111.8,8,/players/R/RudoMa00.htm,13.975
Tyler Allgeier,ATL,RB,109.2,17,/players/A/AllgTy00.htm,6.423529411764706
Aidan O'Connell,LVR,QB,102.5,9,/players/O/OConAi00.htm,11.38888888888889
Demarcus Robinson,LAR,WR,126.5,17,/players/R/RobiDe01.htm,7.4411764705882355
Adam Thielen,CAR,WR,142.5,10,/players/T/ThieAd00.htm,14.25
Jaylen Waddle,MIA,WR,152.6,15,/players/W/WaddJa00.htm,10.173333333333334
Travis Etienne,JAX,RB,137.2,15,/players/E/EtieTr00.htm,9.146666666666667
DeAndre Hopkins,2TM,WR,150.0,16,/players/H/HopkDe00.htm,9.375
Marvin Mims,DEN,WR,132.5,17,/players/M/MimsMa00.htm,7.794117647058823
Rome Odunze,CHI,WR,148.9,17,/players/O/OdunRo00.htm,8.758823529411766
Wan'Dale Robinson,NYG,WR,185.7,17,/players/R/RobiWa01.htm,10.923529411764704
Tank Dell,HOU,WR,143.0,14,/players/D/DellNa00.htm,10.214285714285714
Allen Lazard,NYJ,WR,129.0,12,/players/L/LazaAl00.htm,10.75
Chris Godwin,TAM,WR,140.8,7,/players/G/GodwCh00.htm,20.114285714285717
Romeo Doubs,GNB,WR,135.1,13,/players/D/DoubRo00.htm,10.392307692307693
Jaylen Warren,PIT,RB,131.1,15,/players/W/WarrJa01.htm,8.74
Ameer Abdullah,LVR,RB,132.2,16,/players/A/AbduAm00.htm,8.2625
Justice Hill,BAL,RB,133.1,15,/players/H/HillJu00.htm,8.873333333333333
David Njoku,CLE,TE,151.5,11,/players/N/NjokDa00.htm,13.772727272727273
Emanuel Wilson,GNB,RB,99.0,17,/players/W/WilsEm00.htm,5.823529411764706
Andrei Iosivas,CIN,WR,122.9,17,/players/I/IosiAn00.htm,7.229411764705882
Kyle Pitts,ATL,TE,134.2,17,/players/P/PittKy00.htm,7.894117647058823
Tyjae Spears,TEN,RB,119.6,12,/players/S/SpeaTy00.htm,9.966666666666667
Calvin Austin III,PIT,WR,122.8,17,/players/A/AustCa00.htm,7.223529411764706
Keon Coleman,BUF,WR,114.5,13,/players/C/ColeKe02.htm,8.807692307692308
Demario Douglas,NWE,WR,150.7,17,/players/D/DougDe00.htm,8.86470588235294
Isaiah Likely,BAL,TE,127.7,16,/players/L/LikeIs00.htm,7.98125
Cade Otton,TAM,TE,144.6,14,/players/O/OttoCa00.htm,10.328571428571427
Tre Tucker,LVR,WR,132.3,17,/players/T/TuckTr00.htm,7.782352941176471
Antonio Gibson,NWE,RB,109.4,17,/players/G/GibsAn00.htm,6.435294117647059
Drew Lock,NYG,QB,93.1,8,/players/L/LockDr00.htm,11.6375
Cam Akers,2TM,RB,97.2,17,/players/A/AkerCa00.htm,5.7176470588235295
Kayshon Boutte,NWE,WR,124.9,15,/players/B/BoutKa00.htm,8.326666666666666
Amari Cooper,2TM,WR,125.7,14,/players/C/CoopAm00.htm,8.97857142857143
Isaac Guerendo,SFO,RB,101.2,16,/players/G/GuerIs00.htm,6.325
Hunter Henry,NWE,TE,148.4,16,/players/H/HenrHu00.htm,9.275
Taysom Hill,NOR,TE,110.3,8,/players/H/HillTa00.htm,13.7875
Ray-Ray McCloud,ATL,WR,145.5,17,/players/M/McClRa00.htm,8.558823529411764
Michael Wilson,ARI,WR,128.5,16,/players/W/WilsMi02.htm,8.03125
Mike Gesicki,CIN,TE,145.5,17,/players/G/GesiMi00.htm,8.558823529411764
Deshaun Watson,CLE,QB,88.7,7,/players/W/WatsDe00.htm,12.671428571428573
Xavier Legette,CAR,WR,128.1,16,/players/L/LegeXa00.htm,8.00625
Devin Singletary,NYG,RB,104.6,15,/players/S/SingDe00.htm,6.973333333333333
Christian Watson,GNB,WR,109.3,15,/players/W/WatsCh00.htm,7.286666666666666
Stefon Diggs,HOU,WR,124.9,8,/players/D/DiggSt00.htm,15.6125
Jalen Nailor,MIN,WR,107.0,17,/players/N/NailJa00.htm,6.294117647058823
Ty Johnson,BUF,RB,97.7,17,/players/J/JohnTy02.htm,5.747058823529412
Noah Gray,KAN,TE,116.3,17,/players/G/GrayNo00.htm,6.841176470588235
Juwan Johnson,NOR,TE,125.8,17,/players/J/JohnJu02.htm,7.3999999999999995
Cole Kmet,CHI,TE,123.4,17,/players/K/KmetCo00.htm,7.258823529411765
Jaleel McLaughlin,DEN,RB,101.2,16,/players/M/McLaJa00.htm,6.325
KaVontae Turpin,DAL,WR,108.2,17,/players/T/TurpKa00.htm,6.364705882352942
Tyler Lockett,SEA,WR,124.0,17,/players/L/LockTy00.htm,7.294117647058823
Dontayvion Wicks,GNB,WR,113.5,17,/players/W/WickDo00.htm,6.676470588235294
Tyler Conklin,NYJ,TE,124.9,16,/players/C/ConkTy00.htm,7.80625
Foster Moreau,NOR,TE,106.3,17,/players/M/MoreFo00.htm,6.252941176470588
Darius Slayton,NYG,WR,113.0,16,/players/S/SlayDa01.htm,7.0625
Mack Hollins,BUF,WR,101.8,17,/players/H/HollMa00.htm,5.988235294117647
Josh Palmer,LAC,WR,110.4,15,/players/P/PalmJo00.htm,7.36
Spencer Rattler,NOR,QB,81.3,7,/players/R/RattSp00.htm,11.614285714285714
Olamide Zaccheaus,WAS,WR,116.4,17,/players/Z/ZaccOl01.htm,6.847058823529412
Braelon Allen,NYJ,RB,91.2,17,/players/A/AlleBr05.htm,5.364705882352942
Marquez Valdes-Scantling,2TM,WR,87.5,14,/players/V/ValdMa00.htm,6.25
Devaughn Vele,DEN,WR,109.5,13,/players/V/VeleDe00.htm,8.423076923076923
Dalton Schultz,HOU,TE,121.2,17,/players/S/SchuDa00.htm,7.129411764705883
Parker Washington,JAX,WR,100.0,17,/players/W/WashPa01.htm,5.882352941176471
Austin Hooper,NWE,TE,112.6,17,/players/H/HoopAu00.htm,6.623529411764705
Ricky Pearsall,SFO,WR,96.5,11,/players/P/PearRi00.htm,8.772727272727273
Dallas Goedert,PHI,TE,106.6,10,/players/G/GoedDa00.htm,10.66
Chigoziem Okonkwo,TEN,TE,117.6,17,/players/O/OkonCh00.htm,6.917647058823529
Jalen Coker,CAR,WR,95.6,11,/players/C/CokeJa01.htm,8.69090909090909
Gus Edwards,LAC,RB,67.1,11,/players/E/EdwaGu00.htm,6.1
Tyler Huntley,MIA,QB,71.7,5,/players/H/HuntTy01.htm,14.34
Roschon Johnson,CHI,RB,83.4,14,/players/J/JohnRo07.htm,5.957142857142857
Will Dissly,LAC,TE,113.1,15,/players/D/DissWi00.htm,7.54
Elijah Moore,CLE,WR,123.9,17,/players/M/MoorEl00.htm,7.288235294117648
Rashid Shaheed,NOR,WR,83.8,6,/players/S/ShahRa00.htm,13.966666666666667
Sean Tucker,TAM,RB,74.7,17,/players/T/TuckSe00.htm,4.394117647058824
Andy Dalton,CAR,QB,68.0,6,/players/D/DaltAn00.htm,11.333333333333334
Zack Moss,CIN,RB,88.9,8,/players/M/MossZa00.htm,11.1125
Tim Patrick,DET,WR,95.4,16,/players/P/PatrTi00.htm,5.9625
Nick Chubb,CLE,RB,67.3,8,/players/C/ChubNi00.htm,8.4125
Tutu Atwell,LAR,WR,101.9,17,/players/A/AtweTu00.htm,5.9941176470588236
Dalton Kincaid,BUF,TE,103.8,13,/players/K/KincDa00.htm,7.984615384615385
Noah Fant,SEA,TE,107.0,14,/players/F/FantNo00.htm,7.642857142857143
Diontae Johnson,3TM,WR,92.1,12,/players/J/JohnDi01.htm,7.675
Jeremy McNichols,WAS,RB,66.8,17,/players/M/McNiJe00.htm,3.929411764705882
Greg Dortch,ARI,WR,94.3,17,/players/D/DortGr01.htm,5.547058823529412
David Moore,CAR,WR,88.1,17,/players/M/MoorDa03.htm,5.18235294117647
Samaje Perine,KAN,RB,84.4,17,/players/P/PeriSa00.htm,4.964705882352941
Miles Sanders,CAR,RB,83.3,11,/players/S/SandMi01.htm,7.572727272727272
Raheem Mostert,MIA,RB,78.9,13,/players/M/MostRa00.htm,6.06923076923077
Malik Willis,GNB,QB,58.8,7,/players/W/WillMa12.htm,8.4
Jordan Akins,CLE,TE,94.0,17,/players/A/AkinJo00.htm,5.529411764705882
Noah Brown,WAS,WR,89.3,11,/players/B/BrowNo00.htm,8.118181818181817
Brenton Strange,JAX,TE,95.1,17,/players/S/StraBr00.htm,5.594117647058823
Cedric Tillman,CLE,WR,84.4,11,/players/T/TillCe01.htm,7.672727272727273
AJ Barner,SEA,TE,81.5,17,/players/B/BarnAJ00.htm,4.794117647058823
Sterling Shepard,TAM,WR,83.3,14,/players/S/ShepSt00.htm,5.95
Kenneth Gainwell,PHI,RB,68.6,17,/players/G/GainKe00.htm,4.035294117647059
Ezekiel Elliott,DAL,RB,61.5,15,/players/E/ElliEz00.htm,4.1
T.J. Hockenson,MIN,TE,89.5,10,/players/H/HockTJ00.htm,8.95
Marcus Mariota,WAS,QB,48.8,3,/players/M/MariMa01.htm,16.266666666666666
Jacoby Brissett,NWE,QB,50.2,8,/players/B/BrisJa00.htm,6.275
Jake Ferguson,DAL,TE,109.4,14,/players/F/FergJa00.htm,7.814285714285715
Chris Olave,NOR,WR,80.7,8,/players/O/OlavCh00.htm,10.0875
Isiah Pacheco,KAN,RB,59.9,7,/players/P/PachIs00.htm,8.557142857142857
Brandin Cooks,DAL,WR,72.6,10,/players/C/CookBr00.htm,7.26
Audric Estime,DEN,RB,52.7,13,/players/E/EstiAu00.htm,4.053846153846154
Christian Kirk,JAX,WR,73.9,8,/players/K/KirkCh01.htm,9.2375
Josh Oliver,MIN,TE,68.8,15,/players/O/OlivJo00.htm,4.586666666666667
Michael Penix,ATL,QB,50.1,5,/players/P/PeniMi00.htm,10.02
Evan Engram,JAX,TE,93.5,9,/players/E/EngrEv00.htm,10.38888888888889
Dameon Pierce,HOU,RB,46.5,11,/players/P/PierDa01.htm,4.2272727272727275
Trey Benson,ARI,RB,50.0,13,/players/B/BensTr01.htm,3.8461538461538463
Rashee Rice,KAN,WR,67.9,4,/players/R/RiceRa01.htm,16.975
Justin Watson,KAN,WR,65.9,17,/players/W/WatsJu01.htm,3.8764705882352946
Van Jefferson,PIT,WR,66.6,17,/players/J/JeffVa00.htm,3.9176470588235293
Kalif Raymond,DET,WR,59.5,12,/players/R/RaymKa00.htm,4.958333333333333
Ja'Tavion Sanders,CAR,TE,76.2,16,/players/S/SandJa01.htm,4.7625
Tyler Boyd,TEN,WR,81.3,16,/players/B/BoydTy00.htm,5.08125
Emari Demercado,ARI,RB,60.7,13,/players/D/DemeEm00.htm,4.6692307692307695
Troy Franklin,DEN,WR,70.1,16,/players/F/FranTr00.htm,4.38125
Theo Johnson,NYG,TE,71.1,12,/players/J/JohnTh00.htm,5.925
Kyle Juszczyk,SFO,FB,61.6,17,/players/J/JuszKy00.htm,3.623529411764706
Trey Sermon,IND,RB,56.8,17,/players/S/SermTr00.htm,3.341176470588235
Brandon Aiyuk,SFO,WR,65.4,7,/players/A/AiyuBr00.htm,9.342857142857143
Kendrick Bourne,NWE,WR,68.1,12,/players/B/BourKe00.htm,5.675
Dyami Brown,WAS,WR,71.4,16,/players/B/BrowDy00.htm,4.4625
Isaiah Davis,NYJ,RB,48.9,17,/players/D/DaviIs00.htm,2.876470588235294
Dawson Knox,BUF,TE,62.1,16,/players/K/KnoxDa00.htm,3.88125
Dare Ogunbowale,HOU,RB,62.0,17,/players/O/OgunDa00.htm,3.6470588235294117
Grant Calcaterra,PHI,TE,62.8,17,/players/C/CalcGr00.htm,3.6941176470588233
Mike Williams,2TM,WR,59.8,18,/players/W/WillMi07.htm,3.322222222222222
Nelson Agholor,BAL,WR,52.1,14,/players/A/AghoNe00.htm,3.7214285714285715
Tyler Johnson,LAR,WR,64.1,15,/players/J/JohnTy00.htm,4.2733333333333325
Colby Parkinson,LAR,TE,68.4,17,/players/P/ParkCo02.htm,4.023529411764706
JuJu Smith-Schuster,KAN,WR,56.1,14,/players/S/SmitJu00.htm,4.007142857142857
Gabriel Davis,JAX,WR,57.9,10,/players/D/DaviGa01.htm,5.79
Tyler Goodson,IND,RB,47.4,16,/players/G/GoodTy00.htm,2.9625
Lil'Jordan Humphrey,DEN,WR,68.3,17,/players/H/HumpLi01.htm,4.017647058823529
Christian McCaffrey,SFO,RB,54.8,4,/players/M/McCaCh01.htm,13.7
Curtis Samuel,BUF,WR,66.7,14,/players/S/SamuCu00.htm,4.764285714285714
Tommy Tremble,CAR,TE,60.4,12,/players/T/TremTo00.htm,5.033333333333333
Josh Whyle,TEN,TE,63.8,17,/players/W/WhylJo01.htm,3.7529411764705882
Nick Vannett,TEN,TE,51.5,17,/players/V/VannNi00.htm,3.0294117647058822
Chris Brooks,GNB,RB,45.2,15,/players/B/BrooCh00.htm,3.0133333333333336
Joshua Dobbs,SFO,QB,36.8,2,/players/D/DobbJo00.htm,18.4
John Metchie,HOU,WR,58.4,13,/players/M/MetcJo00.htm,4.492307692307692
Adonai Mitchell,IND,WR,57.8,17,/players/M/MitcAd00.htm,3.4
Chris Rodriguez,WAS,RB,34.5,9,/players/R/RodrCh00.htm,3.8333333333333335
Adam Trautman,DEN,TE,46.8,17,/players/T/TrauAd00.htm,2.7529411764705882
DJ Turner,LVR,WR,50.1,12,/players/T/TurnDJ00.htm,4.175
Jordan Whittington,LAR,WR,55.5,15,/players/W/WhitJo04.htm,3.7
Nate Adkins,DEN,TE,46.5,17,/players/A/AdkiNa00.htm,2.735294117647059
Hassan Haskins,LAC,RB,33.8,17,/players/H/HaskHa00.htm,1.9882352941176469
Luke Schoonmaker,DAL,TE,60.1,17,/players/S/SchoLu00.htm,3.5352941176470587
Cedrick Wilson Jr.,NOR,WR,53.9,15,/players/W/WilsCe01.htm,3.5933333333333333
Elijah Higgins,ARI,TE,52.2,17,/players/H/HiggEl00.htm,3.070588235294118
Tanner McKee,PHI,QB,31.8,2,/players/M/McKeTa01.htm,15.9
Malik Washington,MIA,WR,58.8,14,/players/W/WashMa00.htm,4.2
Kimani Vidal,LAC,RB,35.7,10,/players/V/VidaKi00.htm,3.5700000000000003
Jamaal Williams,NOR,RB,40.1,14,/players/W/WillJa06.htm,2.8642857142857143
Blake Corum,LAR,RB,36.5,17,/players/C/CoruBl00.htm,2.1470588235294117
Derius Davis,LAC,WR,43.1,15,/players/D/DaviDe02.htm,2.8733333333333335
D'Onta Foreman,CLE,RB,36.6,11,/players/F/ForeDO00.htm,3.3272727272727276
Patrick Taylor,SFO,RB,32.8,13,/players/T/TaylPa01.htm,2.523076923076923
Johnny Mundt,MIN,TE,48.2,17,/players/M/MundJo00.htm,2.835294117647059
Cordarrelle Patterson,PIT,RB,41.5,13,/players/P/PattCo00.htm,3.1923076923076925
Darnell Washington,PIT,TE,48.0,17,/players/W/WashDa03.htm,2.823529411764706
Michael Carter,ARI,RB,38.8,3,/players/C/CartMi03.htm,12.933333333333332
KhaDarel Hodge,ATL,WR,35.1,17,/players/H/HodgKh00.htm,2.0647058823529414
Ryan Miller,TAM,WR,39.8,11,/players/M/MillRy01.htm,3.6181818181818177
Kenny Pickett,PHI,QB,26.1,5,/players/P/PickKe00.htm,5.220000000000001
Josh Reynolds,2TM,WR,41.4,9,/players/R/ReynJo00.htm,4.6
Tylan Wallace,BAL,WR,39.3,17,/players/W/WallTy00.htm,2.3117647058823527
Jalen Brooks,DAL,WR,38.7,14,/players/B/BrooJa03.htm,2.7642857142857147
Payne Durham,TAM,TE,37.5,16,/players/D/DurhPa00.htm,2.34375
D'Ernest Johnson,JAX,RB,38.9,14,/players/J/JohnDE04.htm,2.7785714285714285
Kendre Miller,NOR,RB,32.1,6,/players/M/MillKe01.htm,5.3500000000000005
Jaylen Wright,MIA,RB,30.7,15,/players/W/WrigJa04.htm,2.0466666666666664
Jahan Dotson,PHI,WR,44.9,17,/players/D/DotsJa00.htm,2.6411764705882352
Trey Palmer,TAM,WR,38.2,15,/players/P/PalmTr00.htm,2.546666666666667
Zamir White,LVR,RB,34.3,8,/players/W/WhitZa01.htm,4.2875
Ty Chandler,MIN,RB,31.4,17,/players/C/ChanTy01.htm,1.8470588235294116
Malik Heath,GNB,WR,31.7,13,/players/H/HeatMa00.htm,2.4384615384615382
Khalil Herbert,2TM,RB,34.5,14,/players/H/HerbKh00.htm,2.4642857142857144
Desmond Ridder,LVR,QB,28.9,6,/players/R/RiddDe00.htm,4.816666666666666
Brock Wright,DET,TE,38.0,17,/players/W/WrigBr01.htm,2.235294117647059
Mo Alie-Cox,IND,TE,35.7,17,/players/A/AlieMo00.htm,2.1
Mecole Hardman,KAN,WR,33.2,12,/players/H/HardMe00.htm,2.766666666666667
Sincere McCormick,LVR,RB,30.2,5,/players/M/McCoSi00.htm,6.04
Ja'Lynn Polk,NWE,WR,32.7,15,/players/P/PolkJa00.htm,2.18
Pierre Strong,CLE,RB,41.2,14,/players/S/StroPi00.htm,2.942857142857143
Jimmy Garoppolo,LAR,QB,23.9,1,/players/G/GaroJi00.htm,23.9
Tanner Hudson,CIN,TE,42.5,11,/players/H/HudsTa00.htm,3.8636363636363638
Dante Pettis,NOR,WR,35.0,8,/players/P/PettDa00.htm,4.375
Tyrod Taylor,NYJ,QB,20.1,2,/players/T/TaylTy00.htm,10.05
Michael Burton,DEN,FB,29.3,17,/players/B/BurtMi00.htm,1.723529411764706
Jamycal Hasty,NWE,RB,28.8,15,/players/H/HastJa02.htm,1.9200000000000002
Tyler Higbee,LAR,TE,26.6,3,/players/H/HigbTy00.htm,8.866666666666667
Charlie Kolar,BAL,TE,31.3,13,/players/K/KolaCh00.htm,2.4076923076923076
Kenny McIntosh,SEA,RB,25.4,17,/players/M/McInKe00.htm,1.4941176470588236
Joe Milton,NWE,QB,20.2,1,/players/M/MiltJo00.htm,20.2
Stone Smartt,LAC,TE,38.8,15,/players/S/SmarSt00.htm,2.5866666666666664
Cade Stover,HOU,TE,37.3,15,/players/S/StovCa00.htm,2.4866666666666664
DeeJay Dallas,ARI,RB,21.0,17,/players/D/DallDe00.htm,1.2352941176470589
Kylen Granson,IND,TE,35.2,17,/players/G/GranKy00.htm,2.070588235294118
Bub Means,NOR,WR,29.8,7,/players/M/MeanBu00.htm,4.257142857142857
Craig Reynolds,DET,RB,23.9,17,/players/R/ReynCr00.htm,1.4058823529411764
Robert Woods,HOU,WR,42.3,15,/players/W/WoodRo02.htm,2.82
Jake Bobo,SEA,WR,32.7,17,/players/B/BoboJa00.htm,1.9235294117647062
Jamison Crowder,WAS,WR,27.2,6,/players/C/CrowJa00.htm,4.533333333333333
Ashton Dulin,IND,WR,19.2,15,/players/D/DuliAs00.htm,1.28
Luke McCaffrey,WAS,WR,37.8,17,/players/M/McCaLu00.htm,2.2235294117647055
Andrew Ogletree,IND,TE,28.9,17,/players/O/OgleAn00.htm,1.7
Drew Sample,CIN,TE,39.5,17,/players/S/SampDr00.htm,2.323529411764706
Carson Steele,KAN,RB,28.9,17,/players/S/SteeCa00.htm,1.7
Erick All,CIN,TE,38.8,9,/players/A/AllxEr00.htm,4.311111111111111
Kevin Austin,NOR,WR,30.0,8,/players/A/AustKe00.htm,3.75
Michael Mayer,LVR,TE,39.6,11,/players/M/MayeMi00.htm,3.6
Eric Saubert,SFO,TE,26.7,17,/players/S/SaubEr00.htm,1.5705882352941176
Dorian Thompson-Robinson,CLE,QB,28.8,7,/players/T/ThomDo02.htm,4.114285714285715
Alec Ingold,MIA,FB,27.3,15,/players/I/IngoAl01.htm,1.82
Lucas Krull,DEN,TE,37.2,13,/players/K/KrulLu00.htm,2.8615384615384616
Hunter Luepke,DAL,RB,29.9,16,/players/L/LuepHu00.htm,1.86875
Bo Melton,GNB,WR,22.5,17,/players/M/MeltBo00.htm,1.3235294117647058
Jonathan Mingo,2TM,WR,36.2,17,/players/M/MingJo00.htm,2.1294117647058823
Mitchell Trubisky,BUF,QB,15.3,9,/players/T/TrubMi00.htm,1.7000000000000002
Tim Boyle,2TM,QB,14.9,3,/players/B/BoylTi00.htm,4.966666666666667
Jordan Mims,NOR,RB,26.1,11,/players/M/MimsJo00.htm,2.372727272727273
Patrick Ricard,BAL,FB,17.2,17,/players/R/RicaPa00.htm,1.011764705882353
Trent Sherfield,MIN,WR,22.3,17,/players/S/SherTr00.htm,1.311764705882353
Daniel Bellinger,NYG,TE,29.5,17,/players/B/BellDa00.htm,1.7352941176470589
Tommy DeVito,NYG,QB,13.5,3,/players/D/DeViTo00.htm,4.5
Jake Haener,NOR,QB,14.2,8,/players/H/HaenJa00.htm,1.775
Trey Lance,DAL,QB,13.7,4,/players/L/LancTr00.htm,3.425
Ronnie Rivers,LAR,RB,18.3,17,/players/R/RiveRo01.htm,1.076470588235294
Tyrell Shavers,BUF,WR,13.9,3,/players/S/ShavTy00.htm,4.633333333333334
Xavier Hutchinson,HOU,WR,26.7,16,/players/H/HutcXa00.htm,1.66875
Rakim Jarrett,TAM,WR,24.4,10,/players/J/JarrRa00.htm,2.44
Tony Jones,ARI,RB,11.5,1,/players/J/JoneTo04.htm,11.5
K.J. Osborn,2TM,WR,18.7,8,/players/O/OsboKJ00.htm,2.3375
Will Shipley,PHI,RB,15.7,16,/players/S/ShipWi00.htm,0.98125
Jermaine Burton,CIN,WR,17.7,14,/players/B/BurtJe01.htm,1.2642857142857142
Julius Chestnut,TEN,RB,16.3,17,/players/C/ChesJu00.htm,0.9588235294117647
Simi Fehoko,LAC,WR,19.6,8,/players/F/FehoSi00.htm,2.45
Tay Martin,TEN,WR,11.9,1,/players/M/MartTa00.htm,11.9
Jeremy Ruckert,NYJ,TE,31.5,17,/players/R/RuckJe00.htm,1.8529411764705883
Ainias Smith,PHI,WR,17.7,7,/players/S/SmitAi00.htm,2.5285714285714285
Blake Whiteheart,CLE,TE,17.1,11,/players/W/WhitBl01.htm,1.5545454545454547
Kenny Yeboah,NYJ,TE,15.7,9,/players/Y/YeboKe00.htm,1.7444444444444445
Connor Heyward,PIT,TE,16.0,17,/players/H/HeywCo00.htm,0.9411764705882353
Julian Hill,MIA,TE,25.0,16,/players/H/HillJu02.htm,1.5625
Davis Mills,HOU,QB,9.6,4,/players/M/MillDa02.htm,2.4
Quintin Morris,BUF,TE,14.6,16,/players/M/MorrQu00.htm,0.9125
Bryce Oliver,TEN,WR,15.5,10,/players/O/OlivBr02.htm,1.55
MyCole Pruitt,PIT,TE,16.0,12,/players/P/PruiMy00.htm,1.3333333333333333
Mason Tipton,NOR,WR,23.9,11,/players/T/TiptMa00.htm,2.1727272727272724
Johnny Wilson,PHI,WR,14.8,16,/players/W/WilsJo03.htm,0.925
Marquise Brown,KAN,WR,18.1,2,/players/B/BrowMa04.htm,9.05
Harrison Bryant,LVR,TE,17.6,13,/players/B/BryaHa00.htm,1.353846153846154
Parris Campbell,PHI,WR,15.0,5,/players/C/CampPa00.htm,3.0
DJ Chark,LAC,WR,13.1,7,/players/C/CharDJ00.htm,1.8714285714285714
Devin Culp,TAM,TE,13.8,5,/players/C/CulpDe00.htm,2.7600000000000002
C.J. Ham,MIN,FB,14.5,17,/players/H/HamxC.00.htm,0.8529411764705882
Chris Manhertz,NYG,TE,12.0,17,/players/M/ManhCh00.htm,0.7058823529411765
Ben Sinnott,WAS,TE,13.8,17,/players/S/SinnBe00.htm,0.8117647058823529
Brevyn Spann-Ford,DAL,TE,17.8,17,/players/S/SpanBr00.htm,1.0470588235294118
Deuce Vaughn,DAL,RB,11.8,7,/players/V/VaugDe00.htm,1.6857142857142857
Raheem Blackshear,CAR,RB,8.0,16,/players/B/BlacRa00.htm,0.5
Chris Conley,SFO,WR,13.6,15,/players/C/ConlCh00.htm,0.9066666666666666
Devin Duvernay,JAX,WR,19.2,13,/players/D/DuveDe00.htm,1.4769230769230768
Ryan Flournoy,DAL,WR,22.2,11,/players/F/FlouRy00.htm,2.018181818181818
Xavier Gipson,NYJ,WR,15.4,17,/players/G/GipsXa00.htm,0.9058823529411765
Zay Jones,ARI,WR,16.4,11,/players/J/JoneZa00.htm,1.4909090909090907
Jalen Reagor,LAC,WR,18.7,8,/players/R/ReagJa00.htm,2.3375
Skylar Thompson,MIA,QB,7.9,3,/players/T/ThomSk00.htm,2.6333333333333333
Devontez Walker,BAL,WR,9.1,9,/players/W/WalkDe01.htm,1.011111111111111
Kristian Wilkerson,LVR,WR,9.8,3,/players/W/WilkKr00.htm,3.266666666666667
Jeff Wilson,MIA,RB,10.6,9,/players/W/WilsJe01.htm,1.1777777777777778
Jacob Cowing,SFO,WR,11.7,15,/players/C/CowiJa00.htm,0.7799999999999999
River Cracraft,MIA,WR,13.6,8,/players/C/CracRi00.htm,1.7
Clyde Edwards-Helaire,NOR,RB,10.0,2,/players/E/EdwaCl00.htm,5.0
Luke Farrell,JAX,TE,18.7,17,/players/F/FarrLu00.htm,1.0999999999999999
Eric Gray,NYG,RB,19.3,17,/players/G/GrayEr01.htm,1.1352941176470588
Hayden Hurst,LAC,TE,15.3,9,/players/H/HursHa00.htm,1.7000000000000002
E.J. Jenkins,PHI,TE,7.7,8,/players/J/JenkEJ00.htm,0.9625
Scott Miller,PIT,WR,11.9,13,/players/M/MillSc01.htm,0.9153846153846155
Brandon Powell,MIN,WR,14.1,17,/players/P/PoweBr00.htm,0.8294117647058823
Ben Skowronek,PIT,WR,11.9,10,/players/S/SkowBe00.htm,1.19
Michael Woods II,CLE,WR,13.5,5,/players/W/WoodMi00.htm,2.7
Bailey Zappe,CLE,QB,9.0,1,/players/Z/ZappBa00.htm,9.0
Brandon Allen,SFO,QB,9.4,3,/players/A/AlleBr00.htm,3.1333333333333333
Tyler Badie,DEN,RB,10.4,3,/players/B/BadiTy00.htm,3.466666666666667
John Bates,WAS,TE,15.4,17,/players/B/BateJo00.htm,0.9058823529411765
Odell Beckham Jr.,MIA,WR,14.5,9,/players/B/BeckOd00.htm,1.6111111111111112
Jalin Hyatt,NYG,WR,14.2,16,/players/H/HyatJa00.htm,0.8875
Hunter Long,LAR,TE,13.0,17,/players/L/LongHu00.htm,0.7647058823529411
Keaton Mitchell,BAL,RB,6.8,5,/players/M/MitcKe01.htm,1.3599999999999999
Kene Nwangwu,NYJ,RB,6.0,2,/players/N/NwanKe00.htm,3.0
Laviska Shenault Jr.,2TM,WR,12.7,12,/players/S/ShenLa00.htm,1.0583333333333333
Ihmir Smith-Marsette,NYG,WR,6.0,15,/players/S/SmitIh00.htm,0.4
Mike Boone,CAR,RB,5.9,6,/players/B/BoonMi00.htm,0.9833333333333334
Jonathon Brooks,CAR,RB,7.5,3,/players/B/BrooJo02.htm,2.5
Pharaoh Brown,SEA,TE,13.5,15,/players/B/BrowPh01.htm,0.9
DeAndre Carter,CHI,WR,15.2,13,/players/C/CartDe02.htm,1.169230769230769
Peyton Hendershot,KAN,TE,10.1,7,/players/H/HendPe01.htm,1.4428571428571428
Charlie Jones,CIN,WR,6.5,8,/players/J/JoneCh11.htm,0.8125
Luke Musgrave,GNB,TE,11.5,7,/players/M/MusgLu00.htm,1.6428571428571428
Nikko Remigio,KAN,WR,6.8,5,/players/R/RemiNi00.htm,1.3599999999999999
Durham Smythe,MIA,TE,14.3,17,/players/S/SmytDu00.htm,0.8411764705882353
Tyquan Thornton,NWE,WR,8.7,6,/players/T/ThorTy00.htm,1.45
Sione Vaki,DET,RB,8.1,16,/players/V/VakiSi00.htm,0.50625
Carson Wentz,KAN,QB,4.7,3,/players/W/WentCa00.htm,1.5666666666666667
Charlie Woerner,ATL,TE,11.6,16,/players/W/WoerCh00.htm,0.725
Davis Allen,LAR,TE,9.9,15,/players/A/AlleDa02.htm,0.66
Treylon Burks,TEN,WR,7.5,5,/players/B/BurkTr00.htm,1.5
Dan Chisena,CAR,WR,6.7,6,/players/C/ChisDa00.htm,1.1166666666666667
D'Wayne Eskridge,MIA,WR,7.4,6,/players/E/EskrDW00.htm,1.2333333333333334
Gerald Everett,CHI,TE,11.6,17,/players/E/EverGe00.htm,0.6823529411764706
Tucker Fisk,LAC,TE,10.9,9,/players/F/FiskTu00.htm,1.2111111111111112
Tim Jones,JAX,WR,7.1,17,/players/J/JoneTi00.htm,0.41764705882352937
Jacob Kibodi,CLE,RB,4.9,1,/players/K/KiboJa00.htm,4.9
Terrace Marshall Jr.,LVR,WR,7.1,7,/players/M/MarsTe00.htm,1.0142857142857142
Tip Reiman,ARI,TE,9.7,17,/players/R/ReimTi00.htm,0.5705882352941176
Ben Sims,GNB,TE,8.2,17,/players/S/SimsBe00.htm,0.48235294117647054
Xavier Smith,LAR,WR,6.2,15,/players/S/SmitXa00.htm,0.41333333333333333
J.J. Taylor,HOU,RB,6.4,5,/players/T/TaylJJ01.htm,1.28
Cody White,SEA,WR,6.4,4,/players/W/WhitCo05.htm,1.6
Rasheen Ali,BAL,RB,3.1,6,/players/A/AlixRa00.htm,0.5166666666666667
Alex Bachman,LVR,WR,6.1,6,/players/B/BachAl00.htm,1.0166666666666666
David Bell,CLE,WR,5.7,1,/players/B/BellDa02.htm,5.7
Dalvin Cook,DAL,RB,4.0,2,/players/C/CookDa01.htm,2.0
Britain Covey,PHI,WR,10.4,5,/players/C/CoveBr00.htm,2.08
Greg Dulcich,2TM,TE,7.8,9,/players/D/DulcGr00.htm,0.8666666666666667
Cam Grandy,CIN,TE,7.8,8,/players/G/GranCa00.htm,0.975
Taylor Heinicke,LAC,QB,3.1,4,/players/H/HeinTa00.htm,0.775
Travis Homer,CHI,RB,6.4,10,/players/H/HomeTr00.htm,0.64
Hendon Hooker,DET,QB,2.7,3,/players/H/HookHe00.htm,0.9
Jermar Jefferson,DET,RB,4.2,2,/players/J/JeffJe00.htm,2.1
Terrell Jennings,NWE,RB,3.3,3,/players/J/JennTe00.htm,1.0999999999999999
Will Mallory,IND,TE,6.9,10,/players/M/MallWi00.htm,0.6900000000000001
Jase McClellan,ATL,RB,3.2,2,/players/M/McClJa05.htm,1.6
Allen Robinson,DET,WR,6.0,12,/players/R/RobiAl02.htm,0.5
Deven Thompkins,CAR,WR,6.7,7,/players/T/ThomDe07.htm,0.9571428571428572
Jaheim Bell,NWE,TE,4.0,15,/players/B/BellJa00.htm,0.26666666666666666
Ronnie Bell,SFO,WR,4.2,9,/players/B/BellRo01.htm,0.4666666666666667
Chris Blair,ATL,WR,2.7,4,/players/B/BlaiCh00.htm,0.675
Tanner Conner,MIA,TE,4.6,8,/players/C/ConnTa00.htm,0.575
Malachi Corley,NYJ,WR,6.2,9,/players/C/CorlMa00.htm,0.6888888888888889
Anthony Gould,IND,WR,3.3,8,/players/G/GoulAn00.htm,0.4125
Dallin Holker,NOR,TE,5.1,12,/players/H/HolkDa00.htm,0.425
Trenton Irwin,CIN,WR,4.5,7,/players/I/IrwiTr00.htm,0.6428571428571429
Mason Kinsey,TEN,WR,3.7,6,/players/K/KinsMa00.htm,0.6166666666666667
MarShawn Lloyd,GNB,RB,2.8,1,/players/L/LloyMa00.htm,2.8
Anthony Miller,BAL,WR,2.6,2,/players/M/MillAn02.htm,1.3
Aaron Shampklin,PIT,RB,1.7,3,/players/S/ShamAa00.htm,0.5666666666666667
Jamari Thrash,CLE,WR,5.2,9,/players/T/ThraJa01.htm,0.5777777777777778
Austin Trammell,JAX,WR,5.0,1,/players/T/TramAu00.htm,5.0
Jonathan Ward,PIT,RB,2.2,4,/players/W/WardJo00.htm,0.55
Blake Watson,DEN,RB,3.3,2,/players/W/WatsBl00.htm,1.65
Shane Zylstra,DET,TE,3.2,12,/players/Z/ZylsSh00.htm,0.26666666666666666
Kyle Allen,PIT,QB,0.8,1,/players/A/AlleKy00.htm,0.8
Robbie Chosen,MIA,WR,1.5,2,/players/A/AndeRo04.htm,0.75
Javon Baker,NWE,WR,2.2,11,/players/B/BakeJa00.htm,0.2
Chris Collier,2TM,RB,1.8,8,/players/C/CollCh01.htm,0.225
Jaelon Darden,2TM,WR,1.6,12,/players/D/DardJa00.htm,0.13333333333333333
Tyrion Davis-Price,PHI,RB,0.7,1,/players/D/DaviTy03.htm,0.7
Zach Davidson,BUF,TE,1.5,2,/players/D/DaviZa00.htm,0.75
Josiah Deguara,JAX,TE,4.4,15,/players/D/DeguJo00.htm,0.29333333333333333
Grant Dubose,MIA,WR,3.1,3,/players/D/DuboGr00.htm,1.0333333333333334
Ross Dwelley,ATL,TE,1.5,17,/players/D/DwelRo00.htm,0.08823529411764706
Jody Fortson,KAN,TE,1.5,3,/players/F/FortJo01.htm,0.5
Feleipe Franks,CAR,TE,2.2,16,/players/F/FranFe00.htm,0.1375
Myles Gaskin,MIN,RB,2.0,5,/players/G/GaskMy00.htm,0.4
Reggie Gilliam,BUF,FB,0.7,15,/players/G/GillRe00.htm,0.04666666666666666
Isaiah Hodgins,NYG,WR,3.2,3,/players/H/HodgIs00.htm,1.0666666666666667
George Holani,SEA,RB,1.9,5,/players/H/HolaGe00.htm,0.38
Brandon Johnson,PIT,WR,1.9,3,/players/J/JohnBr23.htm,0.6333333333333333
Collin Johnson,CHI,WR,1.6,9,/players/J/JohnCo01.htm,0.17777777777777778
Josh Johnson,BAL,QB,0.8,6,/players/J/JohnJo05.htm,0.13333333333333333
Kameron Johnson,TAM,WR,1.1,5,/players/J/JohnKa01.htm,0.22000000000000003
Brevin Jordan,HOU,TE,2.7,2,/players/J/JordBr00.htm,1.35
Ramel Keyton,LVR,WR,1.7,8,/players/K/KeytRa00.htm,0.2125
David Martin-Robinson,TEN,TE,1.6,5,/players/M/MartDa01.htm,0.32
Tyreik McAllister,LVR,WR,1.1,3,/players/M/McAlTy00.htm,0.3666666666666667
Nick Mullens,MIN,QB,1.3,4,/players/M/MullNi00.htm,0.325
Chris Oladokun,KAN,QB,0.5,1,/players/O/OladCh00.htm,0.5
Kendric Pryor,CIN,WR,1.9,1,/players/P/PryoKe00.htm,1.9
John Ross,PHI,WR,1.6,1,/players/R/RossJo00.htm,1.6
Cody Schrader,LAR,RB,1.9,1,/players/S/SchrCo00.htm,1.9
Tyler Scott,CHI,WR,1.5,11,/players/S/ScotTy00.htm,0.13636363636363635
John Samuel Shenker,LVR,TE,1.7,8,/players/S/ShenJo00.htm,0.2125
Jarrett Stidham,DEN,QB,0.5,3,/players/S/StidJa00.htm,0.16666666666666666
Jack Stoll,2TM,TE,3.0,11,/players/S/StolJa00.htm,0.2727272727272727
Geoff Swaim,CLE,TE,1.7,8,/players/S/SwaiGe00.htm,0.2125
Trent Taylor,SFO,WR,2.1,2,/players/T/TaylTr02.htm,1.05
Ian Thomas,CAR,TE,3.7,5,/players/T/ThomIa00.htm,0.74
Eric Tomlinson,LAC,TE,2.9,9,/players/T/TomlEr01.htm,0.3222222222222222
Casey Washington,ATL,WR,2.4,8,/players/W/WashCa01.htm,0.3
Mike White,BUF,QB,1.1,1,/players/W/WhitMi01.htm,1.1
Jared Wiley,KAN,TE,1.7,7,/players/W/WileJa00.htm,0.24285714285714285
Isaiah Williams,2TM,WR,2.6,8,/players/W/WillIs03.htm,0.325
Tyson Bagent,CHI,QB,-0.3,4,/players/B/BageTy00.htm,-0.075
British Brooks,HOU,RB,0.2,5,/players/B/BrooBr01.htm,0.04
Jake Browning,CIN,QB,-0.2,3,/players/B/BrowJa08.htm,-0.06666666666666667
Darrynton Evans,CHI,RB,0.3,5,/players/E/EvanDa02.htm,0.06
John FitzPatrick,GNB,TE,1.2,9,/players/F/FitzJo00.htm,0.13333333333333333
Jermaine Jackson,NOR,WR,-0.1,4,/players/J/JackJe01.htm,-0.025
Velus Jones Jr.,2TM,WR,1.9,3,/players/J/JoneVe00.htm,0.6333333333333333
Joshua Kelley,TEN,RB,0.2,3,/players/K/KellJo01.htm,0.06666666666666667
Marcedes Lewis,CHI,TE,1.2,17,/players/L/LewiMa00.htm,0.07058823529411765
James Proche,CLE,WR,4.1,9,/players/P/ProcJa00.htm,0.4555555555555555
Kyle Trask,TAM,QB,-0.2,4,/players/T/TrasKy00.htm,-0.05
Brycen Tremayne,WAS,WR,0.8,2,/players/T/TremBr00.htm,0.4
Ke'Shawn Vaughn,SFO,RB,0.4,3,/players/V/VaugKe00.htm,0.13333333333333333
Sam Howell,SEA,QB,0.2,2,/players/H/HoweSa00.htm,0.1
Dylan Laube,LVR,RB,-1.0,10,/players/L/LaubDy00.htm,-0.1
Steven Sims,2TM,WR,-1.0,9,/players/S/SimsSt00.htm,-0.1111111111111111
Kadarius Toney,CLE,WR,-1.4,3,/players/T/ToneKa00.htm,-0.4666666666666666
Clayton Tune,ARI,QB,-1.1,6,/players/T/TuneCl00.htm,-0.18333333333333335
Jha'Quan Jackson,TEN,WR,-0.7,12,/players/J/JackJh00.htm,-0.05833333333333333
