year,week,team_1,team_2,date,time,location,boxscore_url,won_toss,won_OT_toss,roof,surface,duration,attendance,vegas_line,over_under,temp,humidity,wind
2014,1,Seattle Seahawks,Green Bay Packers,2014-09-04,8:42PM,Seattle,/boxscores/201409040sea.htm,Seahawks (deferred),,outdoors,fieldturf ,2:56,"68,424",Seattle Seahawks -8.5,45.0 (over),71 degrees, relative humidity 52%," wind 11 mph, wind chill 0"
2014,1,Buffalo Bills,Chicago Bears,2014-09-07,1:00PM,Chicago,/boxscores/201409070chi.htm,Bears (deferred),Bears,outdoors,grass ,3:17,"62,425",Chicago Bears -7.0,47.0 (under),74 degrees, relative humidity 45%," wind 3 mph, wind chill 0"
2014,1,Minnesota Vikings,St. Louis Rams,2014-09-07,1:00PM,St. Louis,/boxscores/201409070ram.htm,Rams (deferred),,dome,astroplay,3:03,"55,919",St. Louis Rams -3.5,43.5 (under),,,
2014,1,Cincinnati Bengals,Baltimore Ravens,2014-09-07,1:02PM,Baltimore,/boxscores/201409070rav.htm,Ravens (deferred),,outdoors,sportturf,3:14,"70,925",Baltimore Ravens -2.0,43.0 (under),74 degrees, relative humidity 45%," wind 8 mph, wind chill 0"
2014,1,Pittsburgh Steelers,Cleveland Browns,2014-09-07,1:02PM,Pittsburgh,/boxscores/201409070pit.htm,Steelers,,outdoors,grass ,3:07,"64,598",Pittsburgh Steelers -7.0,41.5 (over),71 degrees, relative humidity 55%, wind 6 mph
2014,1,Philadelphia Eagles,Jacksonville Jaguars,2014-09-07,1:02PM,Philadelphia,/boxscores/201409070phi.htm,Eagles (deferred),,outdoors,grass ,3:23,"69,596",Philadelphia Eagles -10.5,52.0 (under),75 degrees, relative humidity 51%," wind 9 mph, wind chill 0"
2014,1,Tennessee Titans,Kansas City Chiefs,2014-09-07,1:02PM,Kansas City,/boxscores/201409070kan.htm,Titans (deferred),,outdoors,grass ,3:22,"73,569",Kansas City Chiefs -3.5,43.0 (under),69 degrees, relative humidity 57%," wind 7 mph, wind chill 0"
2014,1,New York Jets,Oakland Raiders,2014-09-07,1:02PM,New York,/boxscores/201409070nyj.htm,Raiders (deferred),,outdoors,fieldturf,2:58,"78,160",New York Jets -5.5,40.0 (under),76 degrees, relative humidity 47%," wind 12 mph, wind chill 0"
2014,1,Atlanta Falcons,New Orleans Saints,2014-09-07,1:03PM,Atlanta,/boxscores/201409070atl.htm,Saints,Saints,dome,fieldturf ,3:18,"70,706",New Orleans Saints -3.0,51.5 (over),,,
2014,1,Houston Texans,Washington Redskins,2014-09-07,1:03PM,Houston,/boxscores/201409070htx.htm,Redskins (deferred),,retractable roof (closed),grass ,2:56,"71,770",Houston Texans -3.0,45.0 (under),,,
2014,1,Miami Dolphins,New England Patriots,2014-09-07,1:03PM,Miami,/boxscores/201409070mia.htm,Dolphins (deferred),,outdoors,grass ,3:17,"70,630",New England Patriots -5.0,47.0 (over),89 degrees, relative humidity 61%," no wind, wind chill 0"
2014,1,Carolina Panthers,Tampa Bay Buccaneers,2014-09-07,4:25PM,Tampa Bay,/boxscores/201409070tam.htm,Buccaneers (deferred),,outdoors,grass ,2:54,"62,442",Tampa Bay Buccaneers -2.5,39.5 (under),88 degrees, relative humidity 29%, wind 6 mph
2014,1,San Francisco 49ers,Dallas Cowboys,2014-09-07,4:25PM,Dallas,/boxscores/201409070dal.htm,Cowboys,,retractable roof (closed),matrixturf,3:04,"91,174",San Francisco 49ers -4.5,51.0 (under),,,
2014,1,Denver Broncos,Indianapolis Colts,2014-09-07,8:30PM,Denver,/boxscores/201409070den.htm,Broncos (deferred),,outdoors,grass ,3:13,"76,939",Denver Broncos -7.5,55.0 (push),75 degrees, relative humidity 41%," wind 6 mph, wind chill 0"
2014,1,Detroit Lions,New York Giants,2014-09-08,7:11PM,Detroit,/boxscores/201409080det.htm,Lions,,dome,fieldturf ,2:56,"64,401",Detroit Lions -5.5,47.0 (over),,,
2014,1,Arizona Cardinals,San Diego Chargers,2014-09-08,9:20PM,Arizona,/boxscores/201409080crd.htm,Chargers (deferred),,retractable roof (closed),grass ,3:08,"61,292",Arizona Cardinals -3.0,45.0 (under),,,
2014,2,Baltimore Ravens,Pittsburgh Steelers,2014-09-11,8:28PM,Baltimore,/boxscores/201409110rav.htm,Ravens (deferred),,outdoors,sportturf,2:56,"71,181",Baltimore Ravens -2.5,44.0 (under),82 degrees, relative humidity 40%," wind 6 mph, wind chill 0"
2014,2,Buffalo Bills,Miami Dolphins,2014-09-14,1:02PM,Buffalo,/boxscores/201409140buf.htm,Dolphins (deferred),,outdoors,a_turf,3:07,"69,954",Buffalo Bills -1.5,42.5 (under),58 degrees, relative humidity 56%," wind 4 mph, wind chill 0"
2014,2,Cleveland Browns,New Orleans Saints,2014-09-14,1:03PM,Cleveland,/boxscores/201409140cle.htm,Browns (deferred),,outdoors,grass ,3:08,"67,407",New Orleans Saints -6.0,48.5 (over),61 degrees, relative humidity 62%, wind 6 mph
2014,2,Dallas Cowboys,Tennessee Titans,2014-09-14,1:03PM,Tennessee,/boxscores/201409140oti.htm,Cowboys,,outdoors,grass ,2:56,"69,143",Tennessee Titans -3.5,49.5 (under),75 degrees, relative humidity 45%, wind 2 mph
2014,2,Carolina Panthers,Detroit Lions,2014-09-14,1:04PM,Carolina,/boxscores/201409140car.htm,Panthers (deferred),,outdoors,grass ,3:05,"73,586",Carolina Panthers -2.5,44.0 (under),70 degrees, relative humidity 63%," wind 9 mph, wind chill 0"
2014,2,Arizona Cardinals,New York Giants,2014-09-14,1:04PM,New York,/boxscores/201409140nyg.htm,Cardinals,,outdoors,fieldturf,3:00,"78,344",Arizona Cardinals -2.0,42.5 (under),66 degrees, relative humidity 48%," wind 1 mph, wind chill 0"
2014,2,Cincinnati Bengals,Atlanta Falcons,2014-09-14,1:05PM,Cincinnati,/boxscores/201409140cin.htm,Bengals (deferred),,outdoors,fieldturf ,3:11,"58,574",Cincinnati Bengals -6.0,49.0 (under),66 degrees, relative humidity 48%," wind 4 mph, wind chill 0"
2014,2,Washington Redskins,Jacksonville Jaguars,2014-09-14,1:05PM,Washington,/boxscores/201409140was.htm,Jaguars (deferred),,outdoors,grass ,3:15,"80,037",Washington Redskins -6.0,42.5 (over),65 degrees, relative humidity 50%," wind 6 mph, wind chill 0"
2014,2,New England Patriots,Minnesota Vikings,2014-09-14,1:05PM,Minnesota,/boxscores/201409140min.htm,Patriots (deferred),,outdoors,fieldturf,3:03,"52,350",New England Patriots -5.5,48.5 (under),58 degrees, relative humidity 0%," no wind, wind chill 0"
2014,2,St. Louis Rams,Tampa Bay Buccaneers,2014-09-14,4:05PM,Tampa Bay,/boxscores/201409140tam.htm,Rams (deferred),,outdoors,grass ,3:41,"59,923",Tampa Bay Buccaneers -5.5,38.0 (under),88 degrees, relative humidity 47%, wind 8 mph
2014,2,San Diego Chargers,Seattle Seahawks,2014-09-14,4:05PM,San Diego,/boxscores/201409140sdg.htm,Chargers (deferred),,outdoors,grass ,3:05,"67,916",Seattle Seahawks -5.5,44.0 (over),94 degrees, relative humidity 33%," wind 8 mph, wind chill 0"
2014,2,Denver Broncos,Kansas City Chiefs,2014-09-14,4:25PM,Denver,/boxscores/201409140den.htm,Chiefs (deferred),,outdoors,grass ,3:08,"76,900",Denver Broncos -11.5,50.5 (under),85 degrees, relative humidity 16%," wind 7 mph, wind chill 0"
2014,2,Green Bay Packers,New York Jets,2014-09-14,4:25PM,Green Bay,/boxscores/201409140gnb.htm,Jets (deferred),,outdoors,grass ,3:21,"78,041",Green Bay Packers -7.5,46.0 (over),63 degrees, relative humidity 52%," wind 15 mph, wind chill 0"
2014,2,Houston Texans,Oakland Raiders,2014-09-14,4:25PM,Oakland,/boxscores/201409140rai.htm,Raiders (deferred),,outdoors,grass ,2:58,"54,063",Houston Texans -3.0,40.0 (over),67 degrees, relative humidity 69%," wind 16 mph, wind chill 0"
2014,2,Chicago Bears,San Francisco 49ers,2014-09-14,8:31PM,San Francisco,/boxscores/201409140sfo.htm,49ers (deferred),,outdoors,grass ,3:15,"70,799",San Francisco 49ers -7.0,47.5 (over),78 degrees, relative humidity 48%," wind 10 mph, wind chill 0"
2014,2,Philadelphia Eagles,Indianapolis Colts,2014-09-15,8:31PM,Indianapolis,/boxscores/201409150clt.htm,Eagles (deferred),,retractable roof (closed),fieldturf ,3:01,"64,871",Indianapolis Colts -3.0,54.0 (over),,,
2014,3,Atlanta Falcons,Tampa Bay Buccaneers,2014-09-18,8:26PM,Atlanta,/boxscores/201409180atl.htm,Buccaneers (deferred),,dome,fieldturf ,3:13,"70,318",Atlanta Falcons -6.0,46.0 (over),,,
2014,3,Dallas Cowboys,St. Louis Rams,2014-09-21,1:00PM,St. Louis,/boxscores/201409210ram.htm,Rams,,dome,astroplay,3:02,"58,739",Dallas Cowboys -1.5,44.0 (over),,,
2014,3,San Diego Chargers,Buffalo Bills,2014-09-21,1:02PM,Buffalo,/boxscores/201409210buf.htm,Chargers (deferred),,outdoors,a_turf,3:04,"68,611",Buffalo Bills -2.5,45.5 (under),72 degrees, relative humidity 73%," wind 24 mph, wind chill 0"
2014,3,Cincinnati Bengals,Tennessee Titans,2014-09-21,1:02PM,Cincinnati,/boxscores/201409210cin.htm,Bengals (deferred),,outdoors,fieldturf ,2:56,"56,743",Cincinnati Bengals -6.5,42.5 (under),74 degrees, relative humidity 66%," wind 20 mph, wind chill 0"
2014,3,Baltimore Ravens,Cleveland Browns,2014-09-21,1:02PM,Cleveland,/boxscores/201409210cle.htm,Ravens,,outdoors,grass ,2:57,"67,407",Baltimore Ravens -2.0,41.5 (over),71 degrees, relative humidity 70%, wind 23 mph
2014,3,Indianapolis Colts,Jacksonville Jaguars,2014-09-21,1:02PM,Jacksonville,/boxscores/201409210jax.htm,Jaguars (deferred),,outdoors,grass ,3:05,"60,601",Indianapolis Colts -7.0,45.0 (over),85 degrees, relative humidity 0%," wind 5 mph, wind chill 0"
2014,3,Detroit Lions,Green Bay Packers,2014-09-21,1:02PM,Detroit,/boxscores/201409210det.htm,Packers (deferred),,dome,fieldturf ,2:46,"62,418",Detroit Lions -2.5,52.5 (under),,,
2014,3,New York Giants,Houston Texans,2014-09-21,1:02PM,New York,/boxscores/201409210nyg.htm,Texans (deferred),,outdoors,fieldturf,2:55,"77,462",New York Giants -1.5,41.5 (over),70 degrees, relative humidity 94%," wind 4 mph, wind chill 0"
2014,3,New England Patriots,Oakland Raiders,2014-09-21,1:02PM,New England,/boxscores/201409210nwe.htm,Patriots (deferred),,outdoors,fieldturf ,2:52,"68,756",New England Patriots -14.0,46.5 (under),78 degrees, relative humidity 67%," wind 11 mph, wind chill 0"
2014,3,Philadelphia Eagles,Washington Redskins,2014-09-21,1:02PM,Philadelphia,/boxscores/201409210phi.htm,Eagles (deferred),,outdoors,grass ,3:33,"69,596",Philadelphia Eagles -6.0,50.5 (over),79 degrees, relative humidity 62%," wind 4 mph, wind chill 0"
2014,3,New Orleans Saints,Minnesota Vikings,2014-09-21,1:03PM,New Orleans,/boxscores/201409210nor.htm,Saints,,dome,sportturf,2:47,"73,005",New Orleans Saints -10.0,49.0 (under),,,
2014,3,Arizona Cardinals,San Francisco 49ers,2014-09-21,4:05PM,Arizona,/boxscores/201409210crd.htm,Cardinals,,retractable roof (closed),grass ,3:02,"61,572",San Francisco 49ers -3.0,42.0 (under),,,
2014,3,Seattle Seahawks,Denver Broncos,2014-09-21,4:25PM,Seattle,/boxscores/201409210sea.htm,Broncos (deferred),Seahawks,outdoors,fieldturf ,3:33,"68,447",Seattle Seahawks -4.5,48.5 (under),70 degrees, relative humidity 67%," wind 7 mph, wind chill 0"
2014,3,Kansas City Chiefs,Miami Dolphins,2014-09-21,4:25PM,Miami,/boxscores/201409210mia.htm,Chiefs (deferred),,outdoors,grass ,3:01,"70,313",Miami Dolphins -3.5,42.5 (over),88 degrees, relative humidity 56%," wind 4 mph, wind chill 0"
2014,3,Pittsburgh Steelers,Carolina Panthers,2014-09-21,8:31PM,Carolina,/boxscores/201409210car.htm,Panthers (deferred),,outdoors,grass ,3:13,"73,945",Carolina Panthers -3.0,42.0 (over),79 degrees, relative humidity 52%," wind 7 mph, wind chill 0"
2014,3,Chicago Bears,New York Jets,2014-09-22,8:30PM,New York,/boxscores/201409220nyj.htm,Bears (deferred),,outdoors,fieldturf,3:14,"78,160",New York Jets -2.5,44.0 (over),60 degrees, relative humidity 47%," wind 10 mph, wind chill 0"
2014,4,New York Giants,Washington Redskins,2014-09-25,8:26PM,Washington,/boxscores/201409250was.htm,Giants,,outdoors,grass ,3:10,"80,573",Washington Redskins -3.5,46.0 (over),64 degrees, relative humidity 88%," wind 4 mph, wind chill 0"
2014,4,Houston Texans,Buffalo Bills,2014-09-28,1:02PM,Houston,/boxscores/201409280htx.htm,Bills,,retractable roof (closed),grass ,3:24,"71,756",Houston Texans -3.0,42.5 (under),,,
2014,4,Baltimore Ravens,Carolina Panthers,2014-09-28,1:02PM,Baltimore,/boxscores/201409280rav.htm,Ravens (deferred),,outdoors,sportturf,2:55,"71,218",Baltimore Ravens -3.0,42.0 (over),78 degrees, relative humidity 0%," wind 4 mph, wind chill 0"
2014,4,Green Bay Packers,Chicago Bears,2014-09-28,1:02PM,Chicago,/boxscores/201409280chi.htm,Packers (deferred),,outdoors,grass ,2:56,"61,736",Green Bay Packers -1.5,51.5 (over),70 degrees, relative humidity 67%," wind 3 mph, wind chill 0"
2014,4,Detroit Lions,New York Jets,2014-09-28,1:02PM,New York,/boxscores/201409280nyj.htm,Lions (deferred),,outdoors,fieldturf,3:01,"78,160",Detroit Lions -1.5,45.0 (under),80 degrees, relative humidity 46%," no wind, wind chill 0"
2014,4,Indianapolis Colts,Tennessee Titans,2014-09-28,1:03PM,Indianapolis,/boxscores/201409280clt.htm,Colts,,retractable roof (open),fieldturf ,3:11,"64,757",Indianapolis Colts -7.5,46.0 (over),,,
2014,4,Tampa Bay Buccaneers,Pittsburgh Steelers,2014-09-28,1:03PM,Pittsburgh,/boxscores/201409280pit.htm,Buccaneers (deferred),,outdoors,grass ,3:23,"62,910",Pittsburgh Steelers -7.5,45.0 (over),74 degrees, relative humidity 54%, wind 3 mph
2014,4,Miami Dolphins,Oakland Raiders,2014-09-28,1:06PM,Oakland,/boxscores/201409280rai.htm,Dolphins (deferred),,outdoors,grass ,2:57,"83,436",Miami Dolphins -3.5,40.5 (over),74 degrees, relative humidity 56%," wind 6 mph, wind chill 0"
2014,4,San Diego Chargers,Jacksonville Jaguars,2014-09-28,4:05PM,San Diego,/boxscores/201409280sdg.htm,Jaguars,,outdoors,grass ,3:06,"56,553",San Diego Chargers -12.5,45.0 (over),73 degrees, relative humidity 54%," wind 8 mph, wind chill 0"
2014,4,Minnesota Vikings,Atlanta Falcons,2014-09-28,4:25PM,Minnesota,/boxscores/201409280min.htm,Falcons,,outdoors,fieldturf,3:19,"52,173",Atlanta Falcons -3.0,47.0 (over),82 degrees, relative humidity 0%," no wind, wind chill 0"
2014,4,San Francisco 49ers,Philadelphia Eagles,2014-09-28,4:25PM,San Francisco,/boxscores/201409280sfo.htm,49ers (deferred),,outdoors,grass ,3:25,"70,799",San Francisco 49ers -5.0,50.0 (under),72 degrees, relative humidity 51%," wind 4 mph, wind chill 0"
2014,4,Dallas Cowboys,New Orleans Saints,2014-09-28,8:31PM,Dallas,/boxscores/201409280dal.htm,Cowboys,,retractable roof (closed),matrixturf,3:00,"91,176",New Orleans Saints -3.0,53.5 (over),,,
2014,4,Kansas City Chiefs,New England Patriots,2014-09-29,8:31PM,Kansas City,/boxscores/201409290kan.htm,Patriots (deferred),,outdoors,grass ,2:48,"76,613",New England Patriots -3.0,46.0 (over),82 degrees, relative humidity 42%," wind 3 mph, wind chill 0"
2014,5,Green Bay Packers,Minnesota Vikings,2014-10-02,8:26PM,Green Bay,/boxscores/201410020gnb.htm,Packers,,outdoors,grass ,3:02,"78,054",Green Bay Packers -7.5,47.5 (over),62 degrees, relative humidity 98%," wind 6 mph, wind chill 0"
2014,5,Cleveland Browns,Tennessee Titans,2014-10-05,1:02PM,Tennessee,/boxscores/201410050oti.htm,Titans,,outdoors,grass ,3:23,"69,143",Tennessee Titans -1.0,44.0 (over),67 degrees, relative humidity 31%, wind 13 mph
2014,5,Pittsburgh Steelers,Jacksonville Jaguars,2014-10-05,1:02PM,Jacksonville,/boxscores/201410050jax.htm,Steelers,,outdoors,grass ,2:54,"66,198",Pittsburgh Steelers -6.0,47.5 (under),71 degrees, relative humidity 30%," wind 10 mph, wind chill 0"
2014,5,Philadelphia Eagles,St. Louis Rams,2014-10-05,1:02PM,Philadelphia,/boxscores/201410050phi.htm,Rams,,outdoors,grass ,3:13,"69,596",Philadelphia Eagles -6.5,47.5 (over),59 degrees, relative humidity 37%, wind 16 mph
2014,5,New York Giants,Atlanta Falcons,2014-10-05,1:03PM,New York,/boxscores/201410050nyg.htm,Giants,,outdoors,fieldturf,3:03,"80,307",New York Giants -4.0,50.0 (push),55 degrees, relative humidity 45%," wind 9 mph, wind chill 0"
2014,5,Buffalo Bills,Detroit Lions,2014-10-05,1:03PM,Detroit,/boxscores/201410050det.htm,Bills,,dome,fieldturf ,3:24,"62,775",Detroit Lions -6.5,43.0 (under),,,
2014,5,Carolina Panthers,Chicago Bears,2014-10-05,1:03PM,Carolina,/boxscores/201410050car.htm,Bears (deferred),,outdoors,grass ,3:10,"73,659",Carolina Panthers -2.5,45.5 (over),60 degrees, relative humidity 36%," wind 7 mph, wind chill 0"
2014,5,Indianapolis Colts,Baltimore Ravens,2014-10-05,1:03PM,Indianapolis,/boxscores/201410050clt.htm,Ravens (deferred),,retractable roof (open),fieldturf ,3:08,"65,258",Indianapolis Colts -3.0,49.0 (under),,,
2014,5,Dallas Cowboys,Houston Texans,2014-10-05,1:03PM,Dallas,/boxscores/201410050dal.htm,Texans,Texans,retractable roof (closed),matrixturf,3:11,"91,159",Dallas Cowboys -6.5,47.0 (under),,,
2014,5,New Orleans Saints,Tampa Bay Buccaneers,2014-10-05,1:03PM,New Orleans,/boxscores/201410050nor.htm,Saints,Saints,dome,sportturf,3:29,"73,004",New Orleans Saints -10.0,48.0 (over),,,
2014,5,Denver Broncos,Arizona Cardinals,2014-10-05,4:05PM,Denver,/boxscores/201410050den.htm,Broncos (deferred),,outdoors,grass ,3:16,"76,895",Denver Broncos -7.5,48.0 (over),71 degrees, relative humidity 20%," wind 10 mph, wind chill 0"
2014,5,San Francisco 49ers,Kansas City Chiefs,2014-10-05,4:25PM,San Francisco,/boxscores/201410050sfo.htm,49ers (deferred),,outdoors,grass ,2:55,"70,799",San Francisco 49ers -5.0,44.0 (under),85 degrees, relative humidity 28%," wind 1 mph, wind chill 0"
2014,5,San Diego Chargers,New York Jets,2014-10-05,4:25PM,San Diego,/boxscores/201410050sdg.htm,Chargers (deferred),,outdoors,grass ,3:11,"63,471",San Diego Chargers -6.5,43.5 (under),91 degrees, relative humidity 11%," wind 8 mph, wind chill 0"
2014,5,New England Patriots,Cincinnati Bengals,2014-10-05,8:43PM,New England,/boxscores/201410050nwe.htm,Bengals (deferred),,outdoors,fieldturf ,3:00,"68,756",Pick,46.0 (over),47 degrees, relative humidity 71%," wind 2 mph, wind chill 0"
2014,5,Seattle Seahawks,Washington Redskins,2014-10-06,8:30PM,Washington,/boxscores/201410060was.htm,Redskins (deferred),,outdoors,grass ,3:10,"79,522",Seattle Seahawks -7.0,45.5 (under),67 degrees, relative humidity 47%," wind 4 mph, wind chill 0"
2014,6,Indianapolis Colts,Houston Texans,2014-10-09,8:26PM,Houston,/boxscores/201410090htx.htm,Texans,,retractable roof (closed),grass ,3:15,"71,787",Indianapolis Colts -2.5,46.5 (over),,,
2014,6,Cleveland Browns,Pittsburgh Steelers,2014-10-12,1:02PM,Cleveland,/boxscores/201410120cle.htm,Steelers,,outdoors,grass ,3:07,"67,431",Cleveland Browns -1.5,46.5 (under),58 degrees, relative humidity 48%, wind 13 mph
2014,6,Denver Broncos,New York Jets,2014-10-12,1:02PM,New York,/boxscores/201410120nyj.htm,Jets (deferred),,outdoors,fieldturf,3:16,"78,160",Denver Broncos -9.5,47.5 (over),61 degrees, relative humidity 37%," wind 5 mph, wind chill 0"
2014,6,New England Patriots,Buffalo Bills,2014-10-12,1:02PM,Buffalo,/boxscores/201410120buf.htm,Patriots (deferred),,outdoors,a_turf,3:20,"70,185",Buffalo Bills -1.0,44.0 (over),55 degrees, relative humidity 45%," wind 6 mph, wind chill 0"
2014,6,Detroit Lions,Minnesota Vikings,2014-10-12,1:02PM,Minnesota,/boxscores/201410120min.htm,Vikings (deferred),,outdoors,fieldturf,3:02,"52,213",Minnesota Vikings -1.5,43.0 (under),53 degrees, relative humidity 0%," no wind, wind chill 0"
2014,6,Green Bay Packers,Miami Dolphins,2014-10-12,1:02PM,Miami,/boxscores/201410120mia.htm,Dolphins (deferred),,outdoors,grass ,3:18,"70,875",Green Bay Packers -1.5,47.0 (over),86 degrees, relative humidity 63%," wind 13 mph, wind chill 0"
2014,6,Tennessee Titans,Jacksonville Jaguars,2014-10-12,1:02PM,Tennessee,/boxscores/201410120oti.htm,Titans (deferred),,outdoors,grass ,3:05,"69,143",Tennessee Titans -4.0,42.5 (under),67 degrees, relative humidity 87%, wind 7 mph
2014,6,Baltimore Ravens,Tampa Bay Buccaneers,2014-10-12,1:02PM,Tampa Bay,/boxscores/201410120tam.htm,Buccaneers (deferred),,outdoors,grass ,3:01,"60,041",Baltimore Ravens -3.0,44.0 (over),84 degrees, relative humidity 62%, wind 6 mph
2014,6,Cincinnati Bengals,Carolina Panthers,2014-10-12,1:03PM,Cincinnati,/boxscores/201410120cin.htm,Bengals (deferred),Bengals,outdoors,fieldturf ,3:59,"57,053",Cincinnati Bengals -7.0,44.0 (over),60 degrees, relative humidity 61%," wind 5 mph, wind chill 0"
2014,6,San Diego Chargers,Oakland Raiders,2014-10-12,4:05PM,Oakland,/boxscores/201410120rai.htm,Raiders,,outdoors,grass ,3:08,"53,329",San Diego Chargers -7.5,44.0 (over),77 degrees, relative humidity 35%," wind 5 mph, wind chill 0"
2014,6,Arizona Cardinals,Washington Redskins,2014-10-12,4:25PM,Arizona,/boxscores/201410120crd.htm,Cardinals,,retractable roof (closed),grass ,3:20,"61,139",Arizona Cardinals -5.5,47.0 (over),,,
2014,6,Chicago Bears,Atlanta Falcons,2014-10-12,4:25PM,Atlanta,/boxscores/201410120atl.htm,Bears,,dome,fieldturf ,3:04,"70,712",Atlanta Falcons -3.5,55.5 (under),,,
2014,6,Dallas Cowboys,Seattle Seahawks,2014-10-12,4:26PM,Seattle,/boxscores/201410120sea.htm,Cowboys (deferred),,outdoors,fieldturf ,3:06,"68,432",Seattle Seahawks -9.5,47.0 (over),60 degrees, relative humidity 81%," wind 6 mph, wind chill 0"
2014,6,Philadelphia Eagles,New York Giants,2014-10-12,8:41PM,Philadelphia,/boxscores/201410120phi.htm,Eagles,,outdoors,grass ,2:52,"69,596",Philadelphia Eagles -1.5,51.0 (under),57 degrees, relative humidity 47%," wind 5 mph, wind chill 0"
2014,6,San Francisco 49ers,St. Louis Rams,2014-10-13,8:30PM,St. Louis,/boxscores/201410130ram.htm,49ers (deferred),,dome,astroplay,3:14,"56,851",San Francisco 49ers -3.5,44.5 (over),,,
2014,7,New England Patriots,New York Jets,2014-10-16,8:25PM,New England,/boxscores/201410160nwe.htm,Jets (deferred),,outdoors,fieldturf ,3:04,"68,756",New England Patriots -9.5,44.5 (over),64 degrees, relative humidity 93%," wind 9 mph, wind chill 0"
2014,7,St. Louis Rams,Seattle Seahawks,2014-10-19,1:00PM,St. Louis,/boxscores/201410190ram.htm,Rams,,dome,astroplay,3:02,"57,855",Seattle Seahawks -7.0,43.5 (over),,,
2014,7,Miami Dolphins,Chicago Bears,2014-10-19,1:00PM,Chicago,/boxscores/201410190chi.htm,Dolphins,,outdoors,grass ,2:50,"62,413",Chicago Bears -3.0,47.5 (under),50 degrees, relative humidity 64%, wind 10 mph
2014,7,Indianapolis Colts,Cincinnati Bengals,2014-10-19,1:02PM,Indianapolis,/boxscores/201410190clt.htm,Colts,,retractable roof (open),fieldturf ,3:06,"66,539",Indianapolis Colts -3.5,50.5 (under),,,
2014,7,Jacksonville Jaguars,Cleveland Browns,2014-10-19,1:02PM,Jacksonville,/boxscores/201410190jax.htm,Jaguars (deferred),,outdoors,grass ,3:16,"61,341",Cleveland Browns -4.0,45.0 (under),76 degrees, relative humidity 54%," wind 8 mph, wind chill 0"
2014,7,Baltimore Ravens,Atlanta Falcons,2014-10-19,1:02PM,Baltimore,/boxscores/201410190rav.htm,Ravens (deferred),,outdoors,sportturf,3:00,"71,184",Baltimore Ravens -6.5,49.5 (under),54 degrees, relative humidity 0%," wind 14 mph, wind chill 0"
2014,7,Buffalo Bills,Minnesota Vikings,2014-10-19,1:02PM,Buffalo,/boxscores/201410190buf.htm,Vikings,,outdoors,a_turf,3:10,"68,477",Buffalo Bills -6.5,43.5 (under),41 degrees, relative humidity 58%, wind 9 mph
2014,7,Green Bay Packers,Carolina Panthers,2014-10-19,1:02PM,Green Bay,/boxscores/201410190gnb.htm,Panthers (deferred),,outdoors,grass ,3:07,"78,106",Green Bay Packers -6.5,49.0 (over),48 degrees, relative humidity 73%, wind 12 mph
2014,7,Detroit Lions,New Orleans Saints,2014-10-19,1:02PM,Detroit,/boxscores/201410190det.htm,Lions,,dome,fieldturf ,3:11,"63,271",Detroit Lions -1.5,46.5 (over),,,
2014,7,Washington Redskins,Tennessee Titans,2014-10-19,1:02PM,Washington,/boxscores/201410190was.htm,Titans (deferred),,outdoors,grass ,3:06,"75,227",Washington Redskins -6.0,46.5 (under),55 degrees, relative humidity 43%, wind 13 mph
2014,7,Kansas City Chiefs,San Diego Chargers,2014-10-19,4:05PM,San Diego,/boxscores/201410190sdg.htm,Chiefs (deferred),,outdoors,grass ,3:04,"65,260",San Diego Chargers -3.0,46.0 (under),75 degrees, relative humidity 55%," wind 2 mph, wind chill 0"
2014,7,Arizona Cardinals,Oakland Raiders,2014-10-19,4:25PM,Oakland,/boxscores/201410190rai.htm,Raiders,,outdoors,grass ,2:57,"52,101",Arizona Cardinals -3.5,46.5 (under),69 degrees, relative humidity 71%," wind 6 mph, wind chill 0"
2014,7,Dallas Cowboys,New York Giants,2014-10-19,4:25PM,Dallas,/boxscores/201410190dal.htm,Cowboys,,retractable roof (closed),matrixturf,2:59,"91,028",Dallas Cowboys -5.5,47.0 (over),,,
2014,7,Denver Broncos,San Francisco 49ers,2014-10-19,8:30PM,Denver,/boxscores/201410190den.htm,Broncos (deferred),,outdoors,grass ,3:08,"77,047",Denver Broncos -6.5,48.5 (over),67 degrees, relative humidity 25%," wind 4 mph, wind chill 0"
2014,7,Pittsburgh Steelers,Houston Texans,2014-10-20,8:30PM,Pittsburgh,/boxscores/201410200pit.htm,Texans (deferred),,outdoors,grass ,3:07,"56,375",Pittsburgh Steelers -3.0,44.5 (over),57 degrees, relative humidity 57%, wind 6 mph
2014,8,Denver Broncos,San Diego Chargers,2014-10-23,8:26PM,Denver,/boxscores/201410230den.htm,Chargers (deferred),,outdoors,grass ,3:05,"76,907",Denver Broncos -9.0,51.0 (over),68 degrees, relative humidity 24%," wind 3 mph, wind chill 0"
2014,8,Detroit Lions,Atlanta Falcons,2014-10-26,9:37AM,Atlanta,/boxscores/201410260atl.htm,Lions (deferred),,outdoors,fieldturf ,3:00,"83,532",Detroit Lions -3.5,45.5 (under),59 degrees, relative humidity 0%," wind 13 mph, wind chill 0"
2014,8,Cincinnati Bengals,Baltimore Ravens,2014-10-26,1:02PM,Cincinnati,/boxscores/201410260cin.htm,Ravens (deferred),,outdoors,fieldturf ,2:59,"55,711",Baltimore Ravens -3.0,44.5 (over),62 degrees, relative humidity 32%," wind 6 mph, wind chill 0"
2014,8,Buffalo Bills,New York Jets,2014-10-26,1:02PM,New York,/boxscores/201410260nyj.htm,Jets,,outdoors,fieldturf,3:20,"78,160",New York Jets -3.0,40.5 (over),59 degrees, relative humidity 44%," wind 16 mph, wind chill 0"
2014,8,New England Patriots,Chicago Bears,2014-10-26,1:02PM,New England,/boxscores/201410260nwe.htm,Patriots (deferred),,outdoors,fieldturf ,3:02,"68,756",New England Patriots -6.0,52.0 (over),54 degrees, relative humidity 53%," wind 14 mph, wind chill 0"
2014,8,Miami Dolphins,Jacksonville Jaguars,2014-10-26,1:02PM,Jacksonville,/boxscores/201410260jax.htm,Dolphins (deferred),,outdoors,grass ,3:05,"65,633",Miami Dolphins -7.0,42.5 (under),76 degrees, relative humidity 45%," wind 6 mph, wind chill 0"
2014,8,Houston Texans,Tennessee Titans,2014-10-26,1:03PM,Tennessee,/boxscores/201410260oti.htm,Titans (deferred),,outdoors,grass ,2:58,"69,143",Houston Texans -3.5,43.0 (over),73 degrees, relative humidity 45%," wind 2 mph, wind chill 0"
2014,8,Minnesota Vikings,Tampa Bay Buccaneers,2014-10-26,1:03PM,Tampa Bay,/boxscores/201410260tam.htm,Vikings (deferred),Buccaneers,outdoors,grass ,3:09,"56,577",Tampa Bay Buccaneers -1.5,43.0 (under),77 degrees, relative humidity 34%, wind 5 mph
2014,8,Kansas City Chiefs,St. Louis Rams,2014-10-26,1:04PM,Kansas City,/boxscores/201410260kan.htm,Chiefs (deferred),,outdoors,grass ,2:59,"75,972",Kansas City Chiefs -7.0,44.0 (under),70 degrees, relative humidity 73%," wind 8 mph, wind chill 0"
2014,8,Seattle Seahawks,Carolina Panthers,2014-10-26,1:04PM,Carolina,/boxscores/201410260car.htm,Panthers (deferred),,outdoors,grass ,2:49,"74,042",Seattle Seahawks -6.0,45.0 (under),77 degrees, relative humidity 38%," wind 9 mph, wind chill 0"
2014,8,Arizona Cardinals,Philadelphia Eagles,2014-10-26,4:05PM,Arizona,/boxscores/201410260crd.htm,Eagles,,retractable roof (closed),grass ,3:39,"61,789",Philadelphia Eagles -1.0,48.5 (under),,,
2014,8,Cleveland Browns,Oakland Raiders,2014-10-26,4:25PM,Cleveland,/boxscores/201410260cle.htm,Browns (deferred),,outdoors,grass ,3:10,"67,431",Cleveland Browns -6.5,44.5 (under),55 degrees, relative humidity 53%, wind 20 mph
2014,8,Pittsburgh Steelers,Indianapolis Colts,2014-10-26,4:25PM,Pittsburgh,/boxscores/201410260pit.htm,Colts,,outdoors,grass ,3:31,"62,479",Indianapolis Colts -4.5,48.5 (over),62 degrees, relative humidity 28%, wind 12 mph
2014,8,New Orleans Saints,Green Bay Packers,2014-10-26,8:30PM,New Orleans,/boxscores/201410260nor.htm,Packers,,dome,sportturf,3:03,"73,146",New Orleans Saints -2.0,55.0 (over),,,
2014,8,Washington Redskins,Dallas Cowboys,2014-10-27,8:30PM,Dallas,/boxscores/201410270dal.htm,Redskins (deferred),Redskins,retractable roof (closed),matrixturf,3:13,"87,055",Dallas Cowboys -9.5,49.0 (under),,,
2014,9,New Orleans Saints,Carolina Panthers,2014-10-30,8:30PM,Carolina,/boxscores/201410300car.htm,Saints,,outdoors,grass ,2:53,"73,663",New Orleans Saints -3.0,49.0 (under),58 degrees, relative humidity 42%," wind 3 mph, wind chill 0"
2014,9,Cincinnati Bengals,Jacksonville Jaguars,2014-11-02,1:02PM,Cincinnati,/boxscores/201411020cin.htm,Bengals (deferred),,outdoors,fieldturf ,3:13,"60,057",Cincinnati Bengals -10.0,44.0 (over),42 degrees, relative humidity 42%, wind 3 mph
2014,9,Cleveland Browns,Tampa Bay Buccaneers,2014-11-02,1:02PM,Cleveland,/boxscores/201411020cle.htm,Browns (deferred),,outdoors,grass ,3:04,"67,431",Cleveland Browns -7.0,44.0 (under),42 degrees, relative humidity 67%, wind 8 mph
2014,9,Miami Dolphins,San Diego Chargers,2014-11-02,1:02PM,Miami,/boxscores/201411020mia.htm,Dolphins (deferred),,outdoors,grass ,2:58,"70,222",Miami Dolphins -3.0,45.0 (under),70 degrees, relative humidity 29%," wind 16 mph, wind chill 0"
2014,9,Kansas City Chiefs,New York Jets,2014-11-02,1:03PM,Kansas City,/boxscores/201411020kan.htm,Jets (deferred),,outdoors,grass ,2:47,"74,127",Kansas City Chiefs -8.5,41.5 (under),57 degrees, relative humidity 30%," wind 20 mph, wind chill 0"
2014,9,Philadelphia Eagles,Houston Texans,2014-11-02,1:03PM,Houston,/boxscores/201411020htx.htm,Texans (deferred),,retractable roof (closed),grass ,3:02,"71,780",Philadelphia Eagles -2.0,48.5 (over),,,
2014,9,Minnesota Vikings,Washington Redskins,2014-11-02,1:03PM,Minnesota,/boxscores/201411020min.htm,Redskins (deferred),,outdoors,fieldturf,3:11,"52,252",Pick,44.0 (over),50 degrees, relative humidity 0%," wind 10 mph, wind chill 0"
2014,9,Arizona Cardinals,Dallas Cowboys,2014-11-02,1:04PM,Dallas,/boxscores/201411020dal.htm,Cardinals,,retractable roof (closed),matrixturf,2:56,"85,688",Dallas Cowboys -1.5,45.0 (push),,,
2014,9,St. Louis Rams,San Francisco 49ers,2014-11-02,4:05PM,San Francisco,/boxscores/201411020sfo.htm,Rams (deferred),,outdoors,grass ,3:07,"70,799",San Francisco 49ers -10.5,44.0 (under),61 degrees, relative humidity 55%," wind 8 mph, wind chill 0"
2014,9,New England Patriots,Denver Broncos,2014-11-02,4:25PM,New England,/boxscores/201411020nwe.htm,Patriots (deferred),,outdoors,fieldturf ,3:32,"68,756",Denver Broncos -3.0,52.5 (over),35 degrees, relative humidity 63%," wind 19 mph, wind chill 0"
2014,9,Seattle Seahawks,Oakland Raiders,2014-11-02,4:26PM,Seattle,/boxscores/201411020sea.htm,Seahawks (deferred),,outdoors,fieldturf ,3:19,"68,337",Seattle Seahawks -13.5,44.0 (over),54 degrees, relative humidity 80%," wind 9 mph, wind chill 0"
2014,9,Pittsburgh Steelers,Baltimore Ravens,2014-11-02,8:30PM,Pittsburgh,/boxscores/201411020pit.htm,Steelers (deferred),,outdoors,grass ,3:39,"63,971",Pittsburgh Steelers -2.5,47.5 (over),38 degrees, relative humidity 57%, wind 6 mph
2014,9,Indianapolis Colts,New York Giants,2014-11-03,8:31PM,New York,/boxscores/201411030nyg.htm,Giants,,outdoors,fieldturf,3:23,"77,975",Indianapolis Colts -3.0,50.0 (over),55 degrees, relative humidity 26%," wind 6 mph, wind chill 0"
2014,10,Cleveland Browns,Cincinnati Bengals,2014-11-06,8:29PM,Cincinnati,/boxscores/201411060cin.htm,Browns (deferred),,outdoors,fieldturf ,3:14,"65,871",Cincinnati Bengals -6.5,46.0 (under),42 degrees, relative humidity 86%, wind 17 mph
2014,10,Kansas City Chiefs,Buffalo Bills,2014-11-09,1:02PM,Buffalo,/boxscores/201411090buf.htm,Bills (deferred),,outdoors,a_turf,3:02,"68,119",Buffalo Bills -1.5,42.0 (under),42 degrees, relative humidity 72%, wind 10 mph
2014,10,Detroit Lions,Miami Dolphins,2014-11-09,1:02PM,Detroit,/boxscores/201411090det.htm,Dolphins (deferred),,dome,fieldturf ,3:08,"63,179",Detroit Lions -3.0,43.0 (under),,,
2014,10,New York Jets,Pittsburgh Steelers,2014-11-09,1:02PM,New York,/boxscores/201411090nyj.htm,Steelers (deferred),,outdoors,fieldturf,2:58,"78,160",Pittsburgh Steelers -4.5,47.0 (under),58 degrees, relative humidity 36%," wind 8 mph, wind chill 0"
2014,10,San Francisco 49ers,New Orleans Saints,2014-11-09,1:03PM,New Orleans,/boxscores/201411090nor.htm,49ers (deferred),Saints,dome,sportturf,3:38,"73,129",New Orleans Saints -5.5,49.0 (over),,,
2014,10,Baltimore Ravens,Tennessee Titans,2014-11-09,1:03PM,Baltimore,/boxscores/201411090rav.htm,Ravens (deferred),,outdoors,sportturf,2:55,"70,914",Baltimore Ravens -10.5,44.5 (under),57 degrees, relative humidity 37%," wind 7 mph, wind chill 0"
2014,10,Atlanta Falcons,Tampa Bay Buccaneers,2014-11-09,1:04PM,Tampa Bay,/boxscores/201411090tam.htm,Buccaneers,,outdoors,grass ,3:13,"57,751",Atlanta Falcons -3.0,47.0 (under),64 degrees, relative humidity 73%, wind 5 mph
2014,10,Dallas Cowboys,Jacksonville Jaguars,2014-11-09,1:06PM,Jacksonville,/boxscores/201411090jax.htm,Jaguars (deferred),,outdoors,grass ,3:08,"83,603",Dallas Cowboys -7.5,45.0 (over),50 degrees, relative humidity 71%, wind 3 mph
2014,10,Denver Broncos,Oakland Raiders,2014-11-09,4:05PM,Oakland,/boxscores/201411090rai.htm,Raiders (deferred),,outdoors,grass ,3:08,"54,803",Denver Broncos -12.5,51.0 (over),68 degrees, relative humidity 65%," wind 6 mph, wind chill 0"
2014,10,Arizona Cardinals,St. Louis Rams,2014-11-09,4:25PM,Arizona,/boxscores/201411090crd.htm,Rams,,retractable roof (closed),grass ,3:02,"61,363",Arizona Cardinals -7.0,43.0 (over),,,
2014,10,Seattle Seahawks,New York Giants,2014-11-09,4:26PM,Seattle,/boxscores/201411090sea.htm,Giants,,outdoors,fieldturf ,2:56,"68,352",Seattle Seahawks -9.5,45.0 (over),50 degrees, relative humidity 88%," no wind, wind chill 0"
2014,10,Green Bay Packers,Chicago Bears,2014-11-09,8:30PM,Green Bay,/boxscores/201411090gnb.htm,Bears,,outdoors,grass ,3:22,"78,292",Green Bay Packers -9.5,54.0 (over),34 degrees, relative humidity 90%," wind 5 mph, wind chill 29"
2014,10,Philadelphia Eagles,Carolina Panthers,2014-11-10,8:32PM,Philadelphia,/boxscores/201411100phi.htm,Panthers,,outdoors,grass ,3:10,"69,596",Philadelphia Eagles -7.0,48.5 (over),52 degrees, relative humidity 61%, wind 5 mph
2014,11,Miami Dolphins,Buffalo Bills,2014-11-13,8:26PM,Miami,/boxscores/201411130mia.htm,Bills (deferred),,outdoors,grass ,2:58,"71,573",Miami Dolphins -5.0,42.0 (under),74 degrees, relative humidity 76%," wind 4 mph, wind chill 0"
2014,11,St. Louis Rams,Denver Broncos,2014-11-16,1:00PM,St. Louis,/boxscores/201411160ram.htm,Rams,,dome,astroplay,3:02,"59,401",Denver Broncos -9.5,51.0 (under),,,
2014,11,Chicago Bears,Minnesota Vikings,2014-11-16,1:02PM,Chicago,/boxscores/201411160chi.htm,Bears (deferred),,outdoors,grass ,2:56,"61,792",Chicago Bears -2.5,46.5 (under),31 degrees, relative humidity 76%," wind 12 mph, wind chill 22"
2014,11,Cincinnati Bengals,New Orleans Saints,2014-11-16,1:02PM,New Orleans,/boxscores/201411160nor.htm,Saints,,dome,sportturf,2:50,"73,073",New Orleans Saints -7.0,51.0 (under),,,
2014,11,Atlanta Falcons,Carolina Panthers,2014-11-16,1:03PM,Carolina,/boxscores/201411160car.htm,Falcons,,outdoors,grass ,3:07,"73,314",Atlanta Falcons -1.5,47.0 (under),48 degrees, relative humidity 28%, wind 3 mph
2014,11,Houston Texans,Cleveland Browns,2014-11-16,1:03PM,Cleveland,/boxscores/201411160cle.htm,Browns (deferred),,outdoors,grass ,3:10,"67,431",Cleveland Browns -3.5,41.0 (under),34 degrees, relative humidity 57%," wind 9 mph, wind chill 27"
2014,11,San Francisco 49ers,New York Giants,2014-11-16,1:03PM,New York,/boxscores/201411160nyg.htm,Giants (deferred),,outdoors,fieldturf,3:08,"80,352",San Francisco 49ers -4.0,44.5 (under),42 degrees, relative humidity 53%, no wind
2014,11,Tampa Bay Buccaneers,Washington Redskins,2014-11-16,1:03PM,Washington,/boxscores/201411160was.htm,Buccaneers (deferred),,outdoors,grass ,2:55,"77,442",Washington Redskins -7.5,45.5 (under),45 degrees, relative humidity 39%, wind 6 mph
2014,11,Kansas City Chiefs,Seattle Seahawks,2014-11-16,1:04PM,Kansas City,/boxscores/201411160kan.htm,Chiefs (deferred),,outdoors,grass ,3:04,"76,463",Pick,42.5 (over),21 degrees, relative humidity 65%," wind 8 mph, wind chill 10"
2014,11,San Diego Chargers,Oakland Raiders,2014-11-16,4:05PM,San Diego,/boxscores/201411160sdg.htm,Chargers (deferred),,outdoors,grass ,3:05,"66,720",San Diego Chargers -10.0,45.0 (under),72 degrees, relative humidity 40%," wind 13 mph, wind chill 0"
2014,11,Arizona Cardinals,Detroit Lions,2014-11-16,4:25PM,Arizona,/boxscores/201411160crd.htm,Cardinals,,retractable roof (closed),grass ,2:52,"62,487",Arizona Cardinals -1.0,41.0 (under),,,
2014,11,Green Bay Packers,Philadelphia Eagles,2014-11-16,4:25PM,Green Bay,/boxscores/201411160gnb.htm,Packers,,outdoors,grass ,3:04,"78,270",Green Bay Packers -5.5,55.0 (over),28 degrees, relative humidity 72%," wind 13 mph, wind chill 17"
2014,11,New England Patriots,Indianapolis Colts,2014-11-16,8:31PM,Indianapolis,/boxscores/201411160clt.htm,Patriots (deferred),,retractable roof (closed),fieldturf ,2:58,"66,751",Indianapolis Colts -3.0,57.0 (over),,,
2014,11,Pittsburgh Steelers,Tennessee Titans,2014-11-17,8:30PM,Tennessee,/boxscores/201411170oti.htm,Titans (deferred),,outdoors,grass ,2:47,"69,143",Pittsburgh Steelers -5.5,45.5 (over),25 degrees, relative humidity 64%," wind 9 mph, wind chill 16"
2014,12,Oakland Raiders,Kansas City Chiefs,2014-11-20,8:26PM,Oakland,/boxscores/201411200rai.htm,Raiders (deferred),,outdoors,grass ,3:12,"52,865",Kansas City Chiefs -7.0,42.5 (over),57 degrees, relative humidity 88%," wind 6 mph, wind chill 0"
2014,12,Cleveland Browns,Atlanta Falcons,2014-11-23,1:02PM,Atlanta,/boxscores/201411230atl.htm,Falcons,,dome,fieldturf ,3:05,"70,046",Atlanta Falcons -2.5,48.5 (over),,,
2014,12,Chicago Bears,Tampa Bay Buccaneers,2014-11-23,1:02PM,Chicago,/boxscores/201411230chi.htm,Buccaneers (deferred),,outdoors,grass ,3:17,"61,109",Chicago Bears -4.5,46.5 (under),54 degrees, relative humidity 75%," wind 12 mph, wind chill 0"
2014,12,Cincinnati Bengals,Houston Texans,2014-11-23,1:02PM,Houston,/boxscores/201411230htx.htm,Texans (deferred),,retractable roof (closed),grass ,3:02,"71,777",Houston Texans -2.5,44.5 (under),,,
2014,12,Indianapolis Colts,Jacksonville Jaguars,2014-11-23,1:02PM,Indianapolis,/boxscores/201411230clt.htm,Jaguars (deferred),,retractable roof (closed),fieldturf ,3:03,"64,328",Indianapolis Colts -13.5,49.0 (under),,,
2014,12,New England Patriots,Detroit Lions,2014-11-23,1:02PM,New England,/boxscores/201411230nwe.htm,Patriots (deferred),,outdoors,fieldturf ,3:18,"68,756",New England Patriots -7.0,47.5 (under),58 degrees, relative humidity 40%," wind 7 mph, wind chill 0"
2014,12,Philadelphia Eagles,Tennessee Titans,2014-11-23,1:02PM,Philadelphia,/boxscores/201411230phi.htm,Titans (deferred),,outdoors,grass ,3:34,"69,596",Philadelphia Eagles -11.0,49.0 (over),54 degrees, relative humidity 33%," wind 7 mph, wind chill 0"
2014,12,Green Bay Packers,Minnesota Vikings,2014-11-23,1:03PM,Minnesota,/boxscores/201411230min.htm,Vikings (deferred),,outdoors,fieldturf,2:57,"52,386",Green Bay Packers -7.5,50.0 (under),49 degrees, relative humidity 0%," no wind, wind chill 0"
2014,12,San Diego Chargers,St. Louis Rams,2014-11-23,4:05PM,San Diego,/boxscores/201411230sdg.htm,Rams (deferred),,outdoors,grass ,3:11,"66,040",San Diego Chargers -5.0,43.5 (over),72 degrees, relative humidity 40%," wind 5 mph, wind chill 0"
2014,12,Seattle Seahawks,Arizona Cardinals,2014-11-23,4:06PM,Seattle,/boxscores/201411230sea.htm,Cardinals,,outdoors,fieldturf ,2:45,"68,327",Seattle Seahawks -7.0,41.5 (under),51 degrees, relative humidity 79%," wind 10 mph, wind chill 0"
2014,12,Denver Broncos,Miami Dolphins,2014-11-23,4:25PM,Denver,/boxscores/201411230den.htm,Broncos (deferred),,outdoors,grass ,3:10,"76,987",Denver Broncos -7.0,47.5 (over),39 degrees, relative humidity 36%, wind 6 mph
2014,12,San Francisco 49ers,Washington Redskins,2014-11-23,4:25PM,San Francisco,/boxscores/201411230sfo.htm,49ers (deferred),,outdoors,grass ,2:56,"70,799",San Francisco 49ers -9.5,44.0 (under),62 degrees, relative humidity 44%," wind 9 mph, wind chill 0"
2014,12,Dallas Cowboys,New York Giants,2014-11-23,8:30PM,New York,/boxscores/201411230nyg.htm,Cowboys,,outdoors,fieldturf,3:18,"80,520",Dallas Cowboys -5.0,49.0 (over),51 degrees, relative humidity 58%," wind 2 mph, wind chill 0"
2014,12,Buffalo Bills,New York Jets,2014-11-24,7:05PM,Buffalo,/boxscores/201411240buf.htm,Bills (deferred),,dome,fieldturf ,2:50,"56,044",Buffalo Bills -2.5,42.5 (under),,,
2014,12,Baltimore Ravens,New Orleans Saints,2014-11-24,8:30PM,New Orleans,/boxscores/201411240nor.htm,Ravens (deferred),,dome,sportturf,3:08,"73,373",New Orleans Saints -3.0,51.0 (over),,,
2014,13,Detroit Lions,Chicago Bears,2014-11-27,12:39PM,Detroit,/boxscores/201411270det.htm,Bears (deferred),,dome,fieldturf ,3:11,"64,175",Detroit Lions -7.0,46.5 (over),,,
2014,13,Philadelphia Eagles,Dallas Cowboys,2014-11-27,4:36PM,Dallas,/boxscores/201411270dal.htm,Eagles,,retractable roof (closed),matrixturf,3:13,"91,379",Dallas Cowboys -3.5,57.0 (under),,,
2014,13,Seattle Seahawks,San Francisco 49ers,2014-11-27,8:31PM,San Francisco,/boxscores/201411270sfo.htm,Seahawks (deferred),,outdoors,grass ,3:01,"70,799",San Francisco 49ers -1.5,40.5 (under),68 degrees, relative humidity 45%," no wind, wind chill 0"
2014,13,St. Louis Rams,Oakland Raiders,2014-11-30,1:00PM,St. Louis,/boxscores/201411300ram.htm,Rams (deferred),,dome,astroplay,3:11,"55,650",St. Louis Rams -6.0,43.0 (over),,,
2014,13,Buffalo Bills,Cleveland Browns,2014-11-30,1:02PM,Buffalo,/boxscores/201411300buf.htm,Bills (deferred),,outdoors,a_turf,3:13,"68,576",Buffalo Bills -3.0,42.0 (under),57 degrees, relative humidity 61%," wind 17 mph, wind chill 0"
2014,13,Minnesota Vikings,Carolina Panthers,2014-11-30,1:02PM,Minnesota,/boxscores/201411300min.htm,Vikings (deferred),,outdoors,fieldturf,2:50,"52,016",Minnesota Vikings -2.5,41.5 (over),12 degrees, relative humidity 0%," wind 17 mph, wind chill -7"
2014,13,Cincinnati Bengals,Tampa Bay Buccaneers,2014-11-30,1:02PM,Tampa Bay,/boxscores/201411300tam.htm,Buccaneers (deferred),,outdoors,grass ,3:03,"56,340",Cincinnati Bengals -6.0,43.5 (under),77 degrees, relative humidity 54%, wind 7 mph
2014,13,Indianapolis Colts,Washington Redskins,2014-11-30,1:02PM,Indianapolis,/boxscores/201411300clt.htm,Colts,,retractable roof (closed),fieldturf ,3:21,"65,352",Indianapolis Colts -8.5,49.0 (over),,,
2014,13,Houston Texans,Tennessee Titans,2014-11-30,1:02PM,Houston,/boxscores/201411300htx.htm,Titans (deferred),,retractable roof (closed),grass ,3:00,"71,714",Houston Texans -7.0,43.0 (over),,,
2014,13,New Orleans Saints,Pittsburgh Steelers,2014-11-30,1:02PM,Pittsburgh,/boxscores/201411300pit.htm,Saints (deferred),,outdoors,grass ,3:18,"61,916",Pittsburgh Steelers -3.5,54.5 (over),63 degrees, relative humidity 55%, wind 15 mph
2014,13,San Diego Chargers,Baltimore Ravens,2014-11-30,1:02PM,Baltimore,/boxscores/201411300rav.htm,Chargers (deferred),,outdoors,sportturf,3:24,"71,060",Baltimore Ravens -6.5,45.5 (over),54 degrees, relative humidity 0%," wind 8 mph, wind chill 0"
2014,13,Jacksonville Jaguars,New York Giants,2014-11-30,1:03PM,Jacksonville,/boxscores/201411300jax.htm,Giants,,outdoors,grass ,3:09,"64,687",New York Giants -3.0,44.0 (over),71 degrees, relative humidity 0%," wind 5 mph, wind chill 0"
2014,13,Atlanta Falcons,Arizona Cardinals,2014-11-30,4:05PM,Atlanta,/boxscores/201411300atl.htm,Falcons,,dome,fieldturf ,3:02,"69,557",Arizona Cardinals -1.5,45.0 (over),,,
2014,13,Green Bay Packers,New England Patriots,2014-11-30,4:25PM,Green Bay,/boxscores/201411300gnb.htm,Packers,,outdoors,grass ,3:00,"78,431",Green Bay Packers -3.0,58.0 (under),28 degrees, relative humidity 60%," wind 14 mph, wind chill 17"
2014,13,Denver Broncos,Kansas City Chiefs,2014-11-30,8:32PM,Kansas City,/boxscores/201411300kan.htm,Broncos (deferred),,outdoors,grass ,3:05,"76,894",Pick,49.5 (under),27 degrees, relative humidity 48%," wind 18 mph, wind chill 14"
2014,13,Miami Dolphins,New York Jets,2014-12-01,8:30PM,New York,/boxscores/201412010nyj.htm,Dolphins (deferred),,outdoors,fieldturf,2:52,"78,160",Miami Dolphins -7.0,41.5 (under),42 degrees, relative humidity 75%, wind 6 mph
2014,14,Dallas Cowboys,Chicago Bears,2014-12-04,8:26PM,Chicago,/boxscores/201412040chi.htm,Cowboys,,outdoors,grass ,3:08,"61,558",Dallas Cowboys -4.0,50.5 (over),35 degrees, relative humidity 62%, wind 5 mph
2014,14,Pittsburgh Steelers,Cincinnati Bengals,2014-12-07,1:02PM,Cincinnati,/boxscores/201412070cin.htm,Bengals (deferred),,outdoors,fieldturf ,3:11,"65,512",Cincinnati Bengals -3.0,47.5 (over),39 degrees, relative humidity 70%, wind 8 mph
2014,14,Detroit Lions,Tampa Bay Buccaneers,2014-12-07,1:02PM,Detroit,/boxscores/201412070det.htm,Lions,,dome,fieldturf ,3:10,"61,489",Detroit Lions -10.5,42.0 (over),,,
2014,14,Baltimore Ravens,Miami Dolphins,2014-12-07,1:02PM,Miami,/boxscores/201412070mia.htm,Dolphins (deferred),,outdoors,grass ,3:05,"70,244",Miami Dolphins -3.0,45.0 (under),76 degrees, relative humidity 68%," wind 10 mph, wind chill 0"
2014,14,Minnesota Vikings,New York Jets,2014-12-07,1:02PM,Minnesota,/boxscores/201412070min.htm,Vikings (deferred),Jets,outdoors,fieldturf,3:17,"52,152",Minnesota Vikings -4.5,40.0 (over),32 degrees, relative humidity 0%," wind 17 mph, wind chill 21"
2014,14,Carolina Panthers,New Orleans Saints,2014-12-07,1:03PM,New Orleans,/boxscores/201412070nor.htm,Panthers,,dome,sportturf,3:16,"73,006",New Orleans Saints -9.0,50.5 (over),,,
2014,14,Indianapolis Colts,Cleveland Browns,2014-12-07,1:03PM,Cleveland,/boxscores/201412070cle.htm,Colts (deferred),,outdoors,grass ,3:28,"67,431",Indianapolis Colts -3.0,50.0 (under),37 degrees, relative humidity 61%," wind 10 mph, wind chill 30"
2014,14,Houston Texans,Jacksonville Jaguars,2014-12-07,1:03PM,Jacksonville,/boxscores/201412070jax.htm,Jaguars (deferred),,outdoors,grass ,3:00,"61,070",Houston Texans -6.5,42.0 (under),61 degrees, relative humidity 60%," wind 15 mph, wind chill 0"
2014,14,New York Giants,Tennessee Titans,2014-12-07,1:03PM,Tennessee,/boxscores/201412070oti.htm,Titans (deferred),,outdoors,grass ,3:04,"69,143",New York Giants -3.0,46.5 (under),45 degrees, relative humidity 57%, wind 6 mph
2014,14,St. Louis Rams,Washington Redskins,2014-12-07,1:03PM,Washington,/boxscores/201412070was.htm,Rams (deferred),,outdoors,grass ,2:49,"71,120",St. Louis Rams -3.0,44.5 (under),45 degrees, relative humidity 37%, wind 8 mph
2014,14,Denver Broncos,Buffalo Bills,2014-12-07,4:05PM,Denver,/boxscores/201412070den.htm,Broncos (deferred),,outdoors,grass ,3:07,"76,913",Denver Broncos -9.5,47.5 (under),63 degrees, relative humidity 15%," wind 3 mph, wind chill 0"
2014,14,Arizona Cardinals,Kansas City Chiefs,2014-12-07,4:05PM,Arizona,/boxscores/201412070crd.htm,Cardinals,,retractable roof (closed),grass ,3:10,"62,387",Kansas City Chiefs -2.5,41.0 (under),,,
2014,14,Seattle Seahawks,Philadelphia Eagles,2014-12-07,4:25PM,Philadelphia,/boxscores/201412070phi.htm,Eagles (deferred),,outdoors,grass ,3:17,"69,596",Seattle Seahawks -2.0,48.0 (under),45 degrees, relative humidity 32%, wind 15 mph
2014,14,Oakland Raiders,San Francisco 49ers,2014-12-07,4:25PM,Oakland,/boxscores/201412070rai.htm,Raiders (deferred),,outdoors,grass ,3:04,"55,300",San Francisco 49ers -9.0,40.5 (under),63 degrees, relative humidity 78%," no wind, wind chill 0"
2014,14,New England Patriots,San Diego Chargers,2014-12-07,8:30PM,San Diego,/boxscores/201412070sdg.htm,Patriots (deferred),,outdoors,grass ,3:06,"68,815",New England Patriots -4.0,54.0 (under),67 degrees, relative humidity 59%," wind 7 mph, wind chill 0"
2014,14,Green Bay Packers,Atlanta Falcons,2014-12-08,8:30PM,Green Bay,/boxscores/201412080gnb.htm,Packers,,outdoors,grass ,3:16,"77,512",Green Bay Packers -13.5,54.5 (over),33 degrees, relative humidity 96%," no wind, wind chill 0"
2014,15,Arizona Cardinals,St. Louis Rams,2014-12-11,8:25PM,St. Louis,/boxscores/201412110ram.htm,Cardinals,,dome,astroplay,3:09,"55,880",St. Louis Rams -4.5,40.5 (under),,,
2014,15,Pittsburgh Steelers,Atlanta Falcons,2014-12-14,1:02PM,Atlanta,/boxscores/201412140atl.htm,Steelers,,dome,fieldturf ,2:52,"71,161",Pittsburgh Steelers -3.0,55.0 (under),,,
2014,15,Buffalo Bills,Green Bay Packers,2014-12-14,1:02PM,Buffalo,/boxscores/201412140buf.htm,Packers,,outdoors,a_turf,3:14,"70,214",Green Bay Packers -4.0,50.0 (under),38 degrees, relative humidity 89%, wind 10 mph
2014,15,Cincinnati Bengals,Cleveland Browns,2014-12-14,1:02PM,Cleveland,/boxscores/201412140cle.htm,Browns (deferred),,outdoors,grass ,2:50,"67,431",Cleveland Browns -1.0,44.0 (under),43 degrees, relative humidity 94%, wind 7 mph
2014,15,Indianapolis Colts,Houston Texans,2014-12-14,1:02PM,Indianapolis,/boxscores/201412140clt.htm,Colts,,retractable roof (closed),fieldturf ,3:06,"65,148",Indianapolis Colts -6.5,49.0 (under),,,
2014,15,Baltimore Ravens,Jacksonville Jaguars,2014-12-14,1:02PM,Baltimore,/boxscores/201412140rav.htm,Ravens (deferred),,outdoors,sportturf,3:07,"70,801",Baltimore Ravens -13.5,45.0 (under),47 degrees, relative humidity 64%," wind 3 mph, wind chill 0"
2014,15,New England Patriots,Miami Dolphins,2014-12-14,1:02PM,New England,/boxscores/201412140nwe.htm,Patriots (deferred),,outdoors,fieldturf ,3:08,"68,756",New England Patriots -7.5,48.0 (over),43 degrees, relative humidity 55%, wind 9 mph
2014,15,New York Giants,Washington Redskins,2014-12-14,1:02PM,New York,/boxscores/201412140nyg.htm,Giants,,outdoors,fieldturf,3:06,"77,628",New York Giants -6.5,47.0 (under),43 degrees, relative humidity 63%, wind 9 mph
2014,15,Carolina Panthers,Tampa Bay Buccaneers,2014-12-14,1:03PM,Carolina,/boxscores/201412140car.htm,Buccaneers (deferred),,outdoors,grass ,3:10,"72,842",Carolina Panthers -3.0,41.0 (under),60 degrees, relative humidity 36%," no wind, wind chill 0"
2014,15,Kansas City Chiefs,Oakland Raiders,2014-12-14,1:03PM,Kansas City,/boxscores/201412140kan.htm,Raiders (deferred),,outdoors,grass ,3:24,"72,153",Kansas City Chiefs -10.0,41.5 (over),58 degrees, relative humidity 78%," wind 16 mph, wind chill 0"
2014,15,Denver Broncos,San Diego Chargers,2014-12-14,4:05PM,San Diego,/boxscores/201412140sdg.htm,Chargers,,outdoors,grass ,3:06,"68,682",Denver Broncos -4.5,50.5 (under),64 degrees, relative humidity 46%," wind 6 mph, wind chill 0"
2014,15,New York Jets,Tennessee Titans,2014-12-14,4:05PM,Tennessee,/boxscores/201412140oti.htm,Titans,,outdoors,grass ,3:15,"69,143",New York Jets -3.0,42.0 (under),54 degrees, relative humidity 58%, wind 6 mph
2014,15,Detroit Lions,Minnesota Vikings,2014-12-14,4:25PM,Detroit,/boxscores/201412140det.htm,Lions,,dome,fieldturf ,2:49,"62,490",Detroit Lions -7.5,41.5 (under),,,
2014,15,Seattle Seahawks,San Francisco 49ers,2014-12-14,4:26PM,Seattle,/boxscores/201412140sea.htm,Seahawks (deferred),,outdoors,fieldturf ,2:57,"68,526",Seattle Seahawks -9.5,38.0 (under),46 degrees, relative humidity 74%, wind 4 mph
2014,15,Dallas Cowboys,Philadelphia Eagles,2014-12-14,8:35PM,Philadelphia,/boxscores/201412140phi.htm,Eagles,,outdoors,grass ,3:04,"69,596",Philadelphia Eagles -3.0,55.0 (over),41 degrees, relative humidity 69%, wind 9 mph
2014,15,New Orleans Saints,Chicago Bears,2014-12-15,8:30PM,Chicago,/boxscores/201412150chi.htm,Saints (deferred),,outdoors,grass ,3:03,"60,996",New Orleans Saints -3.0,53.5 (under),44 degrees, relative humidity 93%, wind 5 mph
2014,16,Jacksonville Jaguars,Tennessee Titans,2014-12-18,8:26PM,Jacksonville,/boxscores/201412180jax.htm,Titans,,outdoors,grass ,2:49,"61,202",Jacksonville Jaguars -4.5,39.0 (under),58 degrees, relative humidity 0%," wind 2 mph, wind chill 0"
2014,16,Washington Redskins,Philadelphia Eagles,2014-12-20,4:30PM,Washington,/boxscores/201412200was.htm,Eagles,,outdoors,grass ,3:06,"78,897",Philadelphia Eagles -7.0,51.0 (push),37 degrees, relative humidity 56%," no wind, wind chill 0"
2014,16,San Diego Chargers,San Francisco 49ers,2014-12-20,8:26PM,San Francisco,/boxscores/201412200sfo.htm,Chargers (deferred),49ers,outdoors,grass ,3:51,"70,699",San Francisco 49ers -1.5,40.5 (over),61 degrees, relative humidity 75%," wind 5 mph, wind chill 0"
2014,16,Houston Texans,Baltimore Ravens,2014-12-21,1:02PM,Houston,/boxscores/201412210htx.htm,Ravens (deferred),,retractable roof (closed),grass ,3:30,"71,771",Baltimore Ravens -6.5,42.0 (under),,,
2014,16,Pittsburgh Steelers,Kansas City Chiefs,2014-12-21,1:02PM,Pittsburgh,/boxscores/201412210pit.htm,Steelers,,outdoors,grass ,3:01,"60,865",Pittsburgh Steelers -2.5,49.5 (under),36 degrees, relative humidity 50%, wind 1 mph
2014,16,New England Patriots,New York Jets,2014-12-21,1:02PM,New York,/boxscores/201412210nyj.htm,Patriots (deferred),,outdoors,fieldturf,2:51,"78,160",New England Patriots -10.0,47.0 (under),34 degrees, relative humidity 75%," wind 9 mph, wind chill 27"
2014,16,Atlanta Falcons,New Orleans Saints,2014-12-21,1:03PM,New Orleans,/boxscores/201412210nor.htm,Saints,,dome,sportturf,3:00,"73,164",New Orleans Saints -6.0,56.5 (under),,,
2014,16,Detroit Lions,Chicago Bears,2014-12-21,1:03PM,Chicago,/boxscores/201412210chi.htm,Bears,,outdoors,grass ,3:03,"61,420",Detroit Lions -10.0,44.5 (under),36 degrees, relative humidity 74%," wind 13 mph, wind chill 27"
2014,16,Green Bay Packers,Tampa Bay Buccaneers,2014-12-21,1:03PM,Tampa Bay,/boxscores/201412210tam.htm,Packers,,outdoors,grass ,2:44,"64,247",Green Bay Packers -12.0,49.0 (under),75 degrees, relative humidity 65%, wind 7 mph
2014,16,Miami Dolphins,Minnesota Vikings,2014-12-21,1:03PM,Miami,/boxscores/201412210mia.htm,Vikings (deferred),,outdoors,grass ,3:28,"66,203",Miami Dolphins -4.5,42.5 (over),80 degrees, relative humidity 58%," wind 9 mph, wind chill 0"
2014,16,Carolina Panthers,Cleveland Browns,2014-12-21,1:04PM,Carolina,/boxscores/201412210car.htm,Browns (deferred),,outdoors,grass ,3:02,"73,810",Carolina Panthers -6.0,40.0 (under),48 degrees, relative humidity 65%, wind 3 mph
2014,16,New York Giants,St. Louis Rams,2014-12-21,4:05PM,St. Louis,/boxscores/201412210ram.htm,Rams (deferred),,dome,astroplay,3:19,"55,851",St. Louis Rams -6.5,43.5 (over),,,
2014,16,Oakland Raiders,Buffalo Bills,2014-12-21,4:25PM,Oakland,/boxscores/201412210rai.htm,Bills (deferred),,outdoors,grass ,3:19,"53,436",Buffalo Bills -6.5,42.0 (over),64 degrees, relative humidity 84%," wind 10 mph, wind chill 0"
2014,16,Dallas Cowboys,Indianapolis Colts,2014-12-21,4:26PM,Dallas,/boxscores/201412210dal.htm,Colts (deferred),,retractable roof (closed),matrixturf,2:49,"91,899",Dallas Cowboys -3.0,54.0 (under),,,
2014,16,Seattle Seahawks,Arizona Cardinals,2014-12-21,8:30PM,Arizona,/boxscores/201412210crd.htm,Cardinals (deferred),,retractable roof (closed),grass ,3:14,"63,806",Seattle Seahawks -9.0,36.0 (over),,,
2014,16,Cincinnati Bengals,Denver Broncos,2014-12-22,8:30PM,Cincinnati,/boxscores/201412220cin.htm,Broncos (deferred),,outdoors,fieldturf ,3:20,"66,107",Denver Broncos -3.5,47.0 (over),47 degrees, relative humidity 70%, wind 8 mph
2014,17,Buffalo Bills,New England Patriots,2014-12-28,1:02PM,New England,/boxscores/201412280nwe.htm,Patriots (deferred),,outdoors,fieldturf ,2:43,"68,756",New England Patriots -6.5,44.0 (under),49 degrees, relative humidity 74%, wind 9 mph
2014,17,Minnesota Vikings,Chicago Bears,2014-12-28,1:02PM,Minnesota,/boxscores/201412280min.htm,Vikings (deferred),,outdoors,fieldturf,2:53,"52,364",Minnesota Vikings -7.0,46.5 (under),15 degrees, relative humidity 77%," no wind, wind chill 0"
2014,17,Baltimore Ravens,Cleveland Browns,2014-12-28,1:02PM,Baltimore,/boxscores/201412280rav.htm,Browns (deferred),,outdoors,sportturf,3:05,"71,070",Baltimore Ravens -13.5,39.5 (under),54 degrees, relative humidity 0%," wind 5 mph, wind chill 0"
2014,17,Indianapolis Colts,Tennessee Titans,2014-12-28,1:02PM,Tennessee,/boxscores/201412280oti.htm,Titans,,outdoors,grass ,2:58,"69,143",Indianapolis Colts -7.5,46.5 (under),40 degrees, relative humidity 99%, wind 6 mph
2014,17,New York Jets,Miami Dolphins,2014-12-28,1:02PM,Miami,/boxscores/201412280mia.htm,Dolphins,,outdoors,grass ,3:09,"70,220",Miami Dolphins -6.5,41.0 (over),80 degrees, relative humidity 68%," wind 12 mph, wind chill 0"
2014,17,Philadelphia Eagles,New York Giants,2014-12-28,1:02PM,New York,/boxscores/201412280nyg.htm,Giants,,outdoors,fieldturf,3:14,"79,150",Pick,52.0 (over),48 degrees, relative humidity 82%, wind 8 mph
2014,17,Houston Texans,Jacksonville Jaguars,2014-12-28,1:03PM,Houston,/boxscores/201412280htx.htm,Texans (deferred),,retractable roof (closed),grass ,3:07,"71,777",Houston Texans -7.5,38.0 (over),,,
2014,17,Kansas City Chiefs,San Diego Chargers,2014-12-28,1:03PM,Kansas City,/boxscores/201412280kan.htm,Chiefs (deferred),,outdoors,grass ,3:04,"73,952",Kansas City Chiefs -2.5,42.5 (under),31 degrees, relative humidity 63%," wind 7 mph, wind chill 24"
2014,17,New Orleans Saints,Tampa Bay Buccaneers,2014-12-28,1:03PM,Tampa Bay,/boxscores/201412280tam.htm,Saints (deferred),,outdoors,grass ,2:55,"59,952",New Orleans Saints -5.5,46.5 (under),79 degrees, relative humidity 74%, wind 6 mph
2014,17,Dallas Cowboys,Washington Redskins,2014-12-28,1:05PM,Washington,/boxscores/201412280was.htm,Cowboys,,outdoors,grass ,3:12,"80,897",Dallas Cowboys -6.0,47.5 (over),58 degrees, relative humidity 54%," no wind, wind chill 0"
2014,17,Carolina Panthers,Atlanta Falcons,2014-12-28,4:25PM,Atlanta,/boxscores/201412280atl.htm,Panthers,,dome,fieldturf ,2:51,"71,015",Atlanta Falcons -3.0,48.0 (under),,,
2014,17,San Francisco 49ers,Arizona Cardinals,2014-12-28,4:25PM,San Francisco,/boxscores/201412280sfo.htm,49ers (deferred),,outdoors,grass ,3:03,"70,699",San Francisco 49ers -6.5,37.5 (under),51 degrees, relative humidity 60%," wind 3 mph, wind chill 0"
2014,17,Denver Broncos,Oakland Raiders,2014-12-28,4:25PM,Denver,/boxscores/201412280den.htm,Broncos (deferred),,outdoors,grass ,3:18,"76,929",Denver Broncos -14.0,48.0 (over),40 degrees, relative humidity 28%, wind 7 mph
2014,17,Green Bay Packers,Detroit Lions,2014-12-28,4:25PM,Green Bay,/boxscores/201412280gnb.htm,Packers (deferred),,outdoors,grass ,3:16,"78,408",Green Bay Packers -7.0,46.5 (over),27 degrees, relative humidity 69%," wind 5 mph, wind chill 21"
2014,17,Seattle Seahawks,St. Louis Rams,2014-12-28,4:27PM,Seattle,/boxscores/201412280sea.htm,Seahawks (deferred),,outdoors,fieldturf ,2:57,"68,453",Seattle Seahawks -11.0,41.5 (under),43 degrees, relative humidity 81%, wind 5 mph
2014,17,Pittsburgh Steelers,Cincinnati Bengals,2014-12-28,8:30PM,Pittsburgh,/boxscores/201412280pit.htm,Steelers,,outdoors,grass ,3:00,"64,697",Pittsburgh Steelers -3.5,48.0 (under),37 degrees, relative humidity 68%, wind 5 mph
