year,week,team_1,team_2,date,time,location,boxscore_url,won_toss,won_OT_toss,roof,surface,duration,attendance,vegas_line,over_under,temp,humidity,wind
2020,1,Kansas City Chiefs,Houston Texans,2020-09-10,8:20PM,Kansas City,/boxscores/202009100kan.htm,Chiefs (deferred),,outdoors,grass,2:53,"15,895",Kansas City Chiefs -9.5,53.5 (over),56 degrees, relative humidity 95%, wind 7 mph
2020,1,Seattle Seahawks,Atlanta Falcons,2020-09-13,1:00PM,Atlanta,/boxscores/202009130atl.htm,Falcons,,retractable roof (closed),fieldturf,3:07,,Atlanta Falcons -1.0,49.5 (over),,,
2020,1,Buffalo Bills,New York Jets,2020-09-13,1:00PM,Buffalo,/boxscores/202009130buf.htm,Bills (deferred),,outdoors,astroturf,3:10,,Buffalo Bills -6.5,39.5 (over),67 degrees, relative humidity 93%, wind 15 mph
2020,1,Las Vegas Raiders,Carolina Panthers,2020-09-13,1:00PM,Carolina,/boxscores/202009130car.htm,Panthers (deferred),,outdoors,grass,3:00,,Las Vegas Raiders -3.0,48.0 (over),81 degrees, relative humidity 59%, wind 5 mph
2020,1,Chicago Bears,Detroit Lions,2020-09-13,1:00PM,Detroit,/boxscores/202009130det.htm,Lions (deferred),,dome,fieldturf,3:16,,Detroit Lions -2.5,42.5 (over),,,
2020,1,Baltimore Ravens,Cleveland Browns,2020-09-13,1:00PM,Baltimore,/boxscores/202009130rav.htm,Ravens (deferred),,outdoors,grass,3:01,,Baltimore Ravens -7.0,47.0 (under),76 degrees, relative humidity 72%, wind 5 mph
2020,1,Jacksonville Jaguars,Indianapolis Colts,2020-09-13,1:00PM,Jacksonville,/boxscores/202009130jax.htm,Jaguars (deferred),,outdoors,grass,2:53,"14,100",Indianapolis Colts -7.0,44.0 (over),80 degrees, relative humidity 85%, wind 3 mph
2020,1,Green Bay Packers,Minnesota Vikings,2020-09-13,1:00PM,Minnesota,/boxscores/202009130min.htm,Vikings (deferred),,dome,sportturf,3:12,,Minnesota Vikings -1.0,44.0 (over),,,
2020,1,New England Patriots,Miami Dolphins,2020-09-13,1:00PM,New England,/boxscores/202009130nwe.htm,Patriots (deferred),,outdoors,fieldturf,2:45,,New England Patriots -7.5,41.5 (under),70 degrees, relative humidity 62%, wind 8 mph
2020,1,Washington Football Team,Philadelphia Eagles,2020-09-13,1:00PM,Washington Football,/boxscores/202009130was.htm,Eagles (deferred),,outdoors,grass,3:15,,Philadelphia Eagles -5.5,41.5 (over),76 degrees, relative humidity 68%, wind 5 mph
2020,1,Los Angeles Chargers,Cincinnati Bengals,2020-09-13,4:05PM,Cincinnati,/boxscores/202009130cin.htm,Chargers (deferred),,outdoors,grass,3:17,,Los Angeles Chargers -2.5,41.5 (under),83 degrees, relative humidity 56%, wind 6 mph
2020,1,Arizona Cardinals,San Francisco 49ers,2020-09-13,4:25PM,San Francisco,/boxscores/202009130sfo.htm,Cardinals (deferred),,outdoors,grass,3:04,,San Francisco 49ers -7.0,48.5 (under),66 degrees, relative humidity 68%, wind 6 mph
2020,1,New Orleans Saints,Tampa Bay Buccaneers,2020-09-13,4:25PM,New Orleans,/boxscores/202009130nor.htm,Buccaneers (deferred),,dome,astroturf,3:21,,New Orleans Saints -4.0,48.5 (over),,,
2020,1,Los Angeles Rams,Dallas Cowboys,2020-09-13,8:20PM,Los Angeles,/boxscores/202009130ram.htm,Cowboys (deferred),,dome,matrixturf,2:56,,Los Angeles Rams -1.0,52.0 (under),,,
2020,1,Pittsburgh Steelers,New York Giants,2020-09-14,7:15PM,New York,/boxscores/202009140nyg.htm,Steelers (deferred),,outdoors,fieldturf ,2:55,,Pittsburgh Steelers -6.0,44.0 (under),71 degrees, relative humidity 44%, wind 5 mph
2020,1,Tennessee Titans,Denver Broncos,2020-09-14,10:10PM,Denver,/boxscores/202009140den.htm,Broncos (deferred),,outdoors,grass,3:06,,Tennessee Titans -3.5,41.5 (under),79 degrees, relative humidity 14%, wind 10 mph
2020,2,Cleveland Browns,Cincinnati Bengals,2020-09-17,8:20PM,Cleveland,/boxscores/202009170cle.htm,Browns (deferred),,outdoors,grass,3:21,"6,000",Cleveland Browns -6.0,44.5 (over),65 degrees, relative humidity 52%, wind 8 mph
2020,2,Dallas Cowboys,Atlanta Falcons,2020-09-20,1:00PM,Dallas,/boxscores/202009200dal.htm,Falcons,,retractable roof (closed),fieldturf,3:34,"21,708",Dallas Cowboys -3.0,53.0 (over),,,
2020,2,Buffalo Bills,Miami Dolphins,2020-09-20,1:00PM,Miami,/boxscores/202009200mia.htm,Dolphins (deferred),,outdoors,grass,3:40,"11,075",Buffalo Bills -5.5,42.5 (over),90 degrees, relative humidity 68%, wind 5 mph
2020,2,Tampa Bay Buccaneers,Carolina Panthers,2020-09-20,1:00PM,Tampa Bay,/boxscores/202009200tam.htm,Panthers (deferred),,outdoors,grass,3:14,,Tampa Bay Buccaneers -7.5,47.0 (over),85 degrees, relative humidity 72%, wind 17 mph
2020,2,Chicago Bears,New York Giants,2020-09-20,1:00PM,Chicago,/boxscores/202009200chi.htm,Giants (deferred),,outdoors,grass,3:01,,Chicago Bears -4.5,42.5 (under),66 degrees, relative humidity 41%, wind 12 mph
2020,2,Indianapolis Colts,Minnesota Vikings,2020-09-20,1:00PM,Indianapolis,/boxscores/202009200clt.htm,Colts (deferred),,retractable roof (closed),fieldturf,2:52,"2,500",Indianapolis Colts -3.5,49.0 (under),,,
2020,2,Pittsburgh Steelers,Denver Broncos,2020-09-20,1:00PM,Pittsburgh,/boxscores/202009200pit.htm,Steelers (deferred),,outdoors,grass,3:18,,Pittsburgh Steelers -6.0,41.0 (over),64 degrees, relative humidity 39%, wind 5 mph
2020,2,Green Bay Packers,Detroit Lions,2020-09-20,1:00PM,Green Bay,/boxscores/202009200gnb.htm,Packers (deferred),,outdoors,grass,3:07,,Green Bay Packers -7.0,51.0 (over),66 degrees, relative humidity 41%, wind 12 mph
2020,2,Tennessee Titans,Jacksonville Jaguars,2020-09-20,1:00PM,Tennessee,/boxscores/202009200oti.htm,Jaguars (deferred),,outdoors,grass,2:59,,Tennessee Titans -7.0,44.5 (over),72 degrees, relative humidity 60%, wind 5 mph
2020,2,San Francisco 49ers,New York Jets,2020-09-20,1:00PM,New York,/boxscores/202009200nyj.htm,Jets (deferred),,outdoors,fieldturf ,2:56,,San Francisco 49ers -7.0,41.5 (over),61 degrees, relative humidity 29%, wind 7 mph
2020,2,Los Angeles Rams,Philadelphia Eagles,2020-09-20,1:00PM,Philadelphia,/boxscores/202009200phi.htm,Rams (deferred),,outdoors,grass,3:08,,Philadelphia Eagles -2.0,46.0 (over),62 degrees, relative humidity 34%, wind 12 mph
2020,2,Arizona Cardinals,Washington Football Team,2020-09-20,4:05PM,Arizona,/boxscores/202009200crd.htm,Cardinals (deferred),,retractable roof (closed),grass,3:12,,Arizona Cardinals -7.5,46.5 (under),,,
2020,2,Baltimore Ravens,Houston Texans,2020-09-20,4:25PM,Houston,/boxscores/202009200htx.htm,Texans,,retractable roof (closed),grass,2:55,,Baltimore Ravens -7.5,49.5 (under),,,
2020,2,Kansas City Chiefs,Los Angeles Chargers,2020-09-20,4:25PM,Los Angeles,/boxscores/202009200sdg.htm,Chargers,Chargers,dome,matrixturf,3:19,,Kansas City Chiefs -8.5,47.0 (under),,,
2020,2,Seattle Seahawks,New England Patriots,2020-09-20,8:20PM,Seattle,/boxscores/202009200sea.htm,Patriots (deferred),,outdoors,fieldturf,3:07,,Seattle Seahawks -4.0,45.0 (over),70 degrees, relative humidity 57%, wind 5 mph
2020,2,Las Vegas Raiders,New Orleans Saints,2020-09-21,8:15PM,Las Vegas,/boxscores/202009210rai.htm,Raiders (deferred),,dome,grass,3:15,,New Orleans Saints -4.0,47.5 (over),,,
2020,3,Miami Dolphins,Jacksonville Jaguars,2020-09-24,8:20PM,Jacksonville,/boxscores/202009240jax.htm,Jaguars (deferred),,outdoors,grass,3:01,"16,563",Jacksonville Jaguars -2.5,49.5 (under),81 degrees, relative humidity 75%, wind 12 mph
2020,3,Chicago Bears,Atlanta Falcons,2020-09-27,1:00PM,Atlanta,/boxscores/202009270atl.htm,Falcons (deferred),,retractable roof (open),fieldturf,3:25,,Atlanta Falcons -2.5,46.0 (over),,,
2020,3,Buffalo Bills,Los Angeles Rams,2020-09-27,1:00PM,Buffalo,/boxscores/202009270buf.htm,Rams (deferred),,outdoors,astroturf,3:04,,Buffalo Bills -1.5,46.5 (over),79 degrees, relative humidity 52%, wind 16 mph
2020,3,Philadelphia Eagles,Cincinnati Bengals,2020-09-27,1:00PM,Philadelphia,/boxscores/202009270phi.htm,Eagles (deferred),Bengals,outdoors,grass,3:48,,Philadelphia Eagles -5.5,46.5 (under),76 degrees, relative humidity 82%, wind 5 mph
2020,3,Cleveland Browns,Washington Football Team,2020-09-27,1:00PM,Cleveland,/boxscores/202009270cle.htm,Football Team (deferred),,outdoors,grass,2:52,"6,000",Cleveland Browns -7.5,45.0 (over),73 degrees, relative humidity 64%, wind 18 mph
2020,3,Pittsburgh Steelers,Houston Texans,2020-09-27,1:00PM,Pittsburgh,/boxscores/202009270pit.htm,Steelers (deferred),,outdoors,grass,2:57,,Pittsburgh Steelers -3.5,46.5 (over),79 degrees, relative humidity 69%, wind 6 mph
2020,3,Tennessee Titans,Minnesota Vikings,2020-09-27,1:00PM,Minnesota,/boxscores/202009270min.htm,Vikings (deferred),,dome,sportturf,3:10,,Tennessee Titans -3.0,49.5 (over),,,
2020,3,New England Patriots,Las Vegas Raiders,2020-09-27,1:00PM,New England,/boxscores/202009270nwe.htm,Raiders (deferred),,outdoors,fieldturf,3:15,,New England Patriots -7.0,47.0 (over),73 degrees, relative humidity 81%, wind 8 mph
2020,3,San Francisco 49ers,New York Giants,2020-09-27,1:00PM,New York,/boxscores/202009270nyg.htm,Giants (deferred),,outdoors,fieldturf ,3:01,,San Francisco 49ers -3.0,44.0 (over),75 degrees, relative humidity 72%, wind 2 mph
2020,3,Carolina Panthers,Los Angeles Chargers,2020-09-27,4:05PM,Los Angeles,/boxscores/202009270sdg.htm,Chargers (deferred),,dome,matrixturf,3:04,,Los Angeles Chargers -6.0,43.5 (under),,,
2020,3,Indianapolis Colts,New York Jets,2020-09-27,4:05PM,Indianapolis,/boxscores/202009270clt.htm,Colts (deferred),,retractable roof (closed),fieldturf,2:49,"7,480",Indianapolis Colts -12.5,44.0 (under),,,
2020,3,Detroit Lions,Arizona Cardinals,2020-09-27,4:25PM,Arizona,/boxscores/202009270crd.htm,Cardinals (deferred),,retractable roof (closed),grass,3:00,,Arizona Cardinals -4.5,55.5 (under),,,
2020,3,Seattle Seahawks,Dallas Cowboys,2020-09-27,4:25PM,Seattle,/boxscores/202009270sea.htm,Cowboys (deferred),,outdoors,fieldturf,3:32,,Seattle Seahawks -5.5,58.0 (over),63 degrees, relative humidity 65%, wind 3 mph
2020,3,Tampa Bay Buccaneers,Denver Broncos,2020-09-27,4:25PM,Denver,/boxscores/202009270den.htm,Buccaneers (deferred),,outdoors,grass,2:59,"5,226",Tampa Bay Buccaneers -6.0,42.5 (under),55 degrees, relative humidity 39%, wind 7 mph
2020,3,Green Bay Packers,New Orleans Saints,2020-09-27,8:20PM,New Orleans,/boxscores/202009270nor.htm,Packers (deferred),,dome,astroturf,3:11,748,New Orleans Saints -3.5,52.0 (over),,,
2020,3,Kansas City Chiefs,Baltimore Ravens,2020-09-28,8:15PM,Baltimore,/boxscores/202009280rav.htm,Chiefs (deferred),,outdoors,grass,2:58,,Baltimore Ravens -3.5,55.0 (under),73 degrees, relative humidity 84%, wind 8 mph
2020,4,Denver Broncos,New York Jets,2020-10-01,8:20PM,New York,/boxscores/202010010nyj.htm,Broncos (deferred),,outdoors,fieldturf ,3:29,,New York Jets -1.0,41.0 (over),64 degrees, relative humidity 55%, wind 6 mph
2020,4,Carolina Panthers,Arizona Cardinals,2020-10-04,1:00PM,Carolina,/boxscores/202010040car.htm,Panthers (deferred),,outdoors,grass,3:02,"5,120",Arizona Cardinals -3.0,52.5 (under),68 degrees, relative humidity 48%, wind 8 mph
2020,4,Indianapolis Colts,Chicago Bears,2020-10-04,1:00PM,Chicago,/boxscores/202010040chi.htm,Colts (deferred),,outdoors,grass,3:09,,Indianapolis Colts -3.5,43.5 (under),52 degrees, relative humidity 54%, wind 10 mph
2020,4,Cincinnati Bengals,Jacksonville Jaguars,2020-10-04,1:00PM,Cincinnati,/boxscores/202010040cin.htm,Jaguars,,outdoors,grass,3:10,"6,243",Cincinnati Bengals -1.0,50.0 (over),64 degrees, relative humidity 58%, wind 6 mph
2020,4,Cleveland Browns,Dallas Cowboys,2020-10-04,1:00PM,Dallas,/boxscores/202010040dal.htm,Browns (deferred),,retractable roof (closed),fieldturf,3:20,"25,021",Dallas Cowboys -3.5,56.5 (over),,,
2020,4,New Orleans Saints,Detroit Lions,2020-10-04,1:00PM,Detroit,/boxscores/202010040det.htm,Saints (deferred),,dome,fieldturf,3:06,,New Orleans Saints -3.0,51.5 (over),,,
2020,4,Minnesota Vikings,Houston Texans,2020-10-04,1:00PM,Houston,/boxscores/202010040htx.htm,Vikings (deferred),,retractable roof (closed),grass,3:00,"12,102",Houston Texans -3.5,52.5 (over),,,
2020,4,Seattle Seahawks,Miami Dolphins,2020-10-04,1:00PM,Miami,/boxscores/202010040mia.htm,Seahawks (deferred),,outdoors,grass,3:05,"12,369",Seattle Seahawks -4.5,55.0 (under),86 degrees, relative humidity 71%, wind 13 mph
2020,4,Baltimore Ravens,Washington Football Team,2020-10-04,1:00PM,Washington Football,/boxscores/202010040was.htm,Ravens (deferred),,outdoors,grass,2:50,,Baltimore Ravens -14.5,45.0 (over),65 degrees, relative humidity 45%, wind 5 mph
2020,4,Tampa Bay Buccaneers,Los Angeles Chargers,2020-10-04,1:00PM,Tampa Bay,/boxscores/202010040tam.htm,Chargers (deferred),,outdoors,grass,3:09,"6,383",Tampa Bay Buccaneers -7.5,42.5 (over),75 degrees, relative humidity 87%, wind 6 mph
2020,4,Los Angeles Rams,New York Giants,2020-10-04,4:05PM,Los Angeles,/boxscores/202010040ram.htm,Rams (deferred),,dome,matrixturf,2:43,,Los Angeles Rams -13.5,50.0 (under),,,
2020,4,Buffalo Bills,Las Vegas Raiders,2020-10-04,4:25PM,Las Vegas,/boxscores/202010040rai.htm,Raiders (deferred),,dome,grass,3:12,,Buffalo Bills -3.0,53.0 (push),,,
2020,4,Philadelphia Eagles,San Francisco 49ers,2020-10-04,8:20PM,San Francisco,/boxscores/202010040sfo.htm,49ers (deferred),,outdoors,grass,3:09,,San Francisco 49ers -8.5,45.5 (under),84 degrees, relative humidity 30%, wind 12 mph
2020,4,Kansas City Chiefs,New England Patriots,2020-10-05,7:05PM,Kansas City,/boxscores/202010050kan.htm,Patriots (deferred),,outdoors,grass,2:42,"12,729",Kansas City Chiefs -11.0,48.5 (under),73 degrees, relative humidity 39%, wind 14 mph
2020,4,Green Bay Packers,Atlanta Falcons,2020-10-05,8:15PM,Green Bay,/boxscores/202010050gnb.htm,Falcons,,outdoors,grass,2:56,,Green Bay Packers -5.0,56.5 (under),53 degrees, relative humidity 46%, wind 9 mph
2020,5,Chicago Bears,Tampa Bay Buccaneers,2020-10-08,8:20PM,Chicago,/boxscores/202010080chi.htm,Bears (deferred),,outdoors,grass,3:10,,Tampa Bay Buccaneers -3.5,44.0 (under),57 degrees, relative humidity 74%, wind 7 mph
2020,5,Carolina Panthers,Atlanta Falcons,2020-10-11,1:00PM,Atlanta,/boxscores/202010110atl.htm,Falcons (deferred),,retractable roof (closed),fieldturf,2:56,"6,656",Atlanta Falcons -2.5,53.5 (under),,,
2020,5,Baltimore Ravens,Cincinnati Bengals,2020-10-11,1:00PM,Baltimore,/boxscores/202010110rav.htm,Bengals,,outdoors,grass,2:57,,Baltimore Ravens -12.5,49.0 (under),69 degrees, relative humidity 92%, wind 3 mph
2020,5,Arizona Cardinals,New York Jets,2020-10-11,1:00PM,New York,/boxscores/202010110nyj.htm,Cardinals (deferred),,outdoors,fieldturf ,3:12,,Arizona Cardinals -7.0,48.5 (under),64 degrees, relative humidity 57%, wind 8 mph
2020,5,Houston Texans,Jacksonville Jaguars,2020-10-11,1:00PM,Houston,/boxscores/202010110htx.htm,Jaguars,,retractable roof (closed),grass,2:55,"12,413",Houston Texans -6.5,55.0 (under),,,
2020,5,Las Vegas Raiders,Kansas City Chiefs,2020-10-11,1:00PM,Kansas City,/boxscores/202010110kan.htm,Raiders (deferred),,outdoors,grass,3:27,"13,311",Kansas City Chiefs -11.0,54.5 (over),80 degrees, relative humidity 57%, wind 16 mph
2020,5,Pittsburgh Steelers,Philadelphia Eagles,2020-10-11,1:00PM,Pittsburgh,/boxscores/202010110pit.htm,Steelers (deferred),,outdoors,grass,3:16,"4,708",Pittsburgh Steelers -7.5,44.0 (over),70 degrees, relative humidity 89%, wind 4 mph
2020,5,Los Angeles Rams,Washington Football Team,2020-10-11,1:00PM,Washington Football,/boxscores/202010110was.htm,Rams (deferred),,outdoors,grass,2:58,,Los Angeles Rams -7.0,45.0 (under),69 degrees, relative humidity 82%, wind 2 mph
2020,5,Miami Dolphins,San Francisco 49ers,2020-10-11,4:05PM,San Francisco,/boxscores/202010110sfo.htm,Dolphins (deferred),,outdoors,grass,3:03,,San Francisco 49ers -8.5,50.5 (over),73 degrees, relative humidity 41%, wind 6 mph
2020,5,Cleveland Browns,Indianapolis Colts,2020-10-11,4:25PM,Cleveland,/boxscores/202010110cle.htm,Colts (deferred),,outdoors,grass,3:05,"11,759",Cleveland Browns -1.0,48.5 (over),64 degrees, relative humidity 67%, wind 16 mph
2020,5,Dallas Cowboys,New York Giants,2020-10-11,4:25PM,Dallas,/boxscores/202010110dal.htm,Giants (deferred),,retractable roof (closed),fieldturf,3:18,"25,147",Dallas Cowboys -7.5,52.0 (over),,,
2020,5,Seattle Seahawks,Minnesota Vikings,2020-10-11,8:20PM,Seattle,/boxscores/202010110sea.htm,Seahawks (deferred),,outdoors,fieldturf,3:07,,Seattle Seahawks -6.5,54.0 (under),54 degrees, relative humidity 90%, wind 10 mph
2020,5,New Orleans Saints,Los Angeles Chargers,2020-10-12,8:15PM,New Orleans,/boxscores/202010120nor.htm,Chargers,Saints,dome,astroturf,3:20,749,New Orleans Saints -7.0,49.5 (over),,,
2020,5,Tennessee Titans,Buffalo Bills,2020-10-13,7:00PM,Tennessee,/boxscores/202010130oti.htm,Titans (deferred),,outdoors,grass,2:55,"8,403",Buffalo Bills -3.0,52.0 (over),73 degrees, relative humidity 32%, wind 3 mph
2020,6,Denver Broncos,New England Patriots,2020-10-18,1:00PM,New England,/boxscores/202010180nwe.htm,Patriots (deferred),,outdoors,fieldturf,2:55,,New England Patriots -7.0,43.5 (under),58 degrees, relative humidity 45%, wind 7 mph
2020,6,Detroit Lions,Jacksonville Jaguars,2020-10-18,1:00PM,Jacksonville,/boxscores/202010180jax.htm,Lions (deferred),,outdoors,grass,3:00,"14,513",Detroit Lions -3.0,52.5 (under),78 degrees, relative humidity 78%, wind 10 mph
2020,6,Atlanta Falcons,Minnesota Vikings,2020-10-18,1:00PM,Minnesota,/boxscores/202010180min.htm,Vikings,Vikings,dome,sportturf,3:03,,Minnesota Vikings -3.5,53.5 (over),,,
2020,6,Chicago Bears,Carolina Panthers,2020-10-18,1:00PM,Carolina,/boxscores/202010180car.htm,Bears (deferred),,outdoors,grass,3:08,"5,240",Carolina Panthers -2.0,45.0 (under),63 degrees, relative humidity 44%, wind 6 mph
2020,6,Indianapolis Colts,Cincinnati Bengals,2020-10-18,1:00PM,Indianapolis,/boxscores/202010180clt.htm,Bengals (deferred),,retractable roof (closed),fieldturf,3:10,"12,453",Indianapolis Colts -7.5,46.0 (over),,,
2020,6,Pittsburgh Steelers,Cleveland Browns,2020-10-18,1:00PM,Pittsburgh,/boxscores/202010180pit.htm,Browns (deferred),,outdoors,grass,2:58,"5,260",Pittsburgh Steelers -3.0,50.0 (under),61 degrees, relative humidity 43%, wind 9 mph
2020,6,Tennessee Titans,Houston Texans,2020-10-18,1:00PM,Tennessee,/boxscores/202010180oti.htm,Texans (deferred),Titans,outdoors,grass,3:12,"10,166",Tennessee Titans -4.0,52.0 (over),61 degrees, relative humidity 58%, wind 10 mph
2020,6,New York Giants,Washington Football Team,2020-10-18,1:00PM,New York,/boxscores/202010180nyg.htm,Giants (deferred),,outdoors,fieldturf ,3:02,,New York Giants -2.0,42.5 (under),62 degrees, relative humidity 48%, no wind
2020,6,Baltimore Ravens,Philadelphia Eagles,2020-10-18,1:00PM,Philadelphia,/boxscores/202010180phi.htm,Ravens (deferred),,outdoors,grass,3:31,,Baltimore Ravens -10.5,46.5 (over),61 degrees, relative humidity 52%, wind 7 mph
2020,6,Miami Dolphins,New York Jets,2020-10-18,4:05PM,Miami,/boxscores/202010180mia.htm,Dolphins (deferred),,outdoors,grass,2:59,"10,772",Miami Dolphins -10.0,46.0 (under),85 degrees, relative humidity 66%, wind 15 mph
2020,6,Tampa Bay Buccaneers,Green Bay Packers,2020-10-18,4:25PM,Tampa Bay,/boxscores/202010180tam.htm,Buccaneers (deferred),,outdoors,grass,3:05,"15,540",Green Bay Packers -3.0,55.0 (under),88 degrees, relative humidity 48%, wind 12 mph
2020,6,San Francisco 49ers,Los Angeles Rams,2020-10-18,8:20PM,San Francisco,/boxscores/202010180sfo.htm,Rams (deferred),,outdoors,grass,3:04,,Los Angeles Rams -2.5,51.0 (under),86 degrees, relative humidity 22%, wind 10 mph
2020,6,Kansas City Chiefs,Buffalo Bills,2020-10-19,5:00PM,Buffalo,/boxscores/202010190buf.htm,Chiefs (deferred),,outdoors,astroturf,2:53,,Kansas City Chiefs -5.5,55.0 (under),51 degrees, relative humidity 92%, wind 6 mph
2020,6,Arizona Cardinals,Dallas Cowboys,2020-10-19,8:15PM,Dallas,/boxscores/202010190dal.htm,Cowboys (deferred),,retractable roof (closed),fieldturf,3:06,"25,174",Dallas Cowboys -1.0,55.5 (under),,,
2020,7,Philadelphia Eagles,New York Giants,2020-10-22,8:20PM,Philadelphia,/boxscores/202010220phi.htm,Giants (deferred),,outdoors,grass,3:14,,Philadelphia Eagles -5.0,44.5 (under),70 degrees, relative humidity 75%, wind 4 mph
2020,7,Green Bay Packers,Houston Texans,2020-10-25,1:00PM,Houston,/boxscores/202010250htx.htm,Texans (deferred),,retractable roof (closed),grass,3:03,"12,618",Green Bay Packers -2.5,55.5 (under),,,
2020,7,Pittsburgh Steelers,Tennessee Titans,2020-10-25,1:00PM,Tennessee,/boxscores/202010250oti.htm,Steelers,,outdoors,grass,3:06,"10,355",Tennessee Titans -1.0,51.0 (push),55 degrees, relative humidity 88%, wind 3 mph
2020,7,Detroit Lions,Atlanta Falcons,2020-10-25,1:00PM,Atlanta,/boxscores/202010250atl.htm,Lions (deferred),,retractable roof (closed),fieldturf,3:09,"7,796",Atlanta Falcons -1.0,54.0 (under),,,
2020,7,Buffalo Bills,New York Jets,2020-10-25,1:00PM,New York,/boxscores/202010250nyj.htm,Jets,,outdoors,fieldturf ,2:59,,Buffalo Bills -9.5,47.0 (under),52 degrees, relative humidity 52%, wind 8 mph
2020,7,New Orleans Saints,Carolina Panthers,2020-10-25,1:00PM,New Orleans,/boxscores/202010250nor.htm,Panthers (deferred),,dome,astroturf,2:44,"3,000",New Orleans Saints -7.0,49.5 (over),,,
2020,7,Cleveland Browns,Cincinnati Bengals,2020-10-25,1:00PM,Cincinnati,/boxscores/202010250cin.htm,Browns (deferred),,outdoors,grass,3:12,"9,732",Cleveland Browns -4.5,50.0 (over),48 degrees, relative humidity 77%, wind 8 mph
2020,7,Washington Football Team,Dallas Cowboys,2020-10-25,1:00PM,Washington Football,/boxscores/202010250was.htm,Cowboys (deferred),,outdoors,grass,2:53,,Dallas Cowboys -1.0,44.5 (under),46 degrees, relative humidity 90%, wind 5 mph
2020,7,Tampa Bay Buccaneers,Las Vegas Raiders,2020-10-25,4:05PM,Las Vegas,/boxscores/202010250rai.htm,Raiders (deferred),,dome,grass,3:09,,Tampa Bay Buccaneers -3.5,51.5 (over),,,
2020,7,Kansas City Chiefs,Denver Broncos,2020-10-25,4:25PM,Denver,/boxscores/202010250den.htm,Broncos,,outdoors,grass,2:58,"5,314",Kansas City Chiefs -7.0,46.0 (over),14 degrees, relative humidity 78%, wind 11 mph
2020,7,San Francisco 49ers,New England Patriots,2020-10-25,4:25PM,New England,/boxscores/202010250nwe.htm,Patriots (deferred),,outdoors,fieldturf,2:44,,New England Patriots -3.0,44.5 (under),49 degrees, relative humidity 60%, wind 7 mph
2020,7,Los Angeles Chargers,Jacksonville Jaguars,2020-10-25,4:25PM,Los Angeles,/boxscores/202010250sdg.htm,Chargers (deferred),,dome,matrixturf,3:09,,Los Angeles Chargers -8.0,48.0 (over),,,
2020,7,Arizona Cardinals,Seattle Seahawks,2020-10-25,8:20PM,Arizona,/boxscores/202010250crd.htm,Cardinals (deferred),Seahawks,retractable roof (closed),grass,3:52,"1,200",Seattle Seahawks -3.5,55.5 (over),,,
2020,7,Los Angeles Rams,Chicago Bears,2020-10-26,8:15PM,Los Angeles,/boxscores/202010260ram.htm,Rams (deferred),,dome,matrixturf,3:07,,Los Angeles Rams -6.5,44.0 (under),,,
2020,8,Atlanta Falcons,Carolina Panthers,2020-10-29,8:20PM,Carolina,/boxscores/202010290car.htm,Panthers (deferred),,outdoors,grass,3:04,"5,240",Carolina Panthers -1.5,52.0 (under),76 degrees, relative humidity 76%, wind 8 mph
2020,8,Indianapolis Colts,Detroit Lions,2020-11-01,1:00PM,Detroit,/boxscores/202011010det.htm,Lions (deferred),,dome,fieldturf,3:01,,Indianapolis Colts -3.5,49.0 (over),,,
2020,8,Minnesota Vikings,Green Bay Packers,2020-11-01,1:00PM,Green Bay,/boxscores/202011010gnb.htm,Vikings (deferred),,outdoors,grass,3:11,,Green Bay Packers -5.5,47.0 (over),34 degrees, relative humidity 50%, wind 23 mph
2020,8,Miami Dolphins,Los Angeles Rams,2020-11-01,1:00PM,Miami,/boxscores/202011010mia.htm,Dolphins (deferred),,outdoors,grass,3:22,"12,397",Los Angeles Rams -3.5,46.5 (under),86 degrees, relative humidity 73%, wind 10 mph
2020,8,Pittsburgh Steelers,Baltimore Ravens,2020-11-01,1:00PM,Baltimore,/boxscores/202011010rav.htm,Steelers (deferred),,outdoors,grass,3:19,"4,345",Baltimore Ravens -4.0,44.0 (over),52 degrees, relative humidity 97%, wind 7 mph
2020,8,Buffalo Bills,New England Patriots,2020-11-01,1:00PM,Buffalo,/boxscores/202011010buf.htm,Bills (deferred),,outdoors,astroturf,2:50,,Buffalo Bills -4.0,41.0 (over),41 degrees, relative humidity 87%, wind 17 mph
2020,8,Cincinnati Bengals,Tennessee Titans,2020-11-01,1:00PM,Cincinnati,/boxscores/202011010cin.htm,Titans (deferred),,outdoors,grass,3:09,"9,712",Tennessee Titans -7.5,49.5 (over),48 degrees, relative humidity 52%, wind 24 mph
2020,8,Las Vegas Raiders,Cleveland Browns,2020-11-01,1:00PM,Cleveland,/boxscores/202011010cle.htm,Browns (deferred),,outdoors,grass,2:51,"10,972",Cleveland Browns -1.0,48.0 (under),49 degrees, relative humidity 56%, wind 35 mph
2020,8,Kansas City Chiefs,New York Jets,2020-11-01,1:00PM,Kansas City,/boxscores/202011010kan.htm,Jets (deferred),,outdoors,grass,2:56,"11,932",Kansas City Chiefs -20.0,49.0 (under),52 degrees, relative humidity 0%, wind 11 mph
2020,8,Denver Broncos,Los Angeles Chargers,2020-11-01,4:05PM,Denver,/boxscores/202011010den.htm,Chargers (deferred),,outdoors,grass,3:27,"5,231",Los Angeles Chargers -3.0,44.5 (over),64 degrees, relative humidity 23%, wind 10 mph
2020,8,Seattle Seahawks,San Francisco 49ers,2020-11-01,4:25PM,Seattle,/boxscores/202011010sea.htm,49ers (deferred),,outdoors,fieldturf,3:07,,Seattle Seahawks -1.0,54.5 (over),55 degrees, relative humidity 58%, wind 4 mph
2020,8,New Orleans Saints,Chicago Bears,2020-11-01,4:25PM,Chicago,/boxscores/202011010chi.htm,Bears (deferred),Saints,outdoors,grass,3:34,,New Orleans Saints -5.5,41.0 (over),40 degrees, relative humidity 41%, wind 20 mph
2020,8,Philadelphia Eagles,Dallas Cowboys,2020-11-01,8:20PM,Philadelphia,/boxscores/202011010phi.htm,Eagles (deferred),,outdoors,grass,3:08,,Philadelphia Eagles -10.5,43.0 (under),49 degrees, relative humidity 66%, wind 17 mph
2020,8,Tampa Bay Buccaneers,New York Giants,2020-11-02,8:15PM,New York,/boxscores/202011020nyg.htm,Giants (deferred),,outdoors,fieldturf ,3:08,,Tampa Bay Buccaneers -13.0,47.0 (over),39 degrees, relative humidity 46%, wind 8 mph
2020,9,Green Bay Packers,San Francisco 49ers,2020-11-05,8:20PM,San Francisco,/boxscores/202011050sfo.htm,49ers (deferred),,outdoors,grass,3:02,,Green Bay Packers -6.0,48.5 (over),78 degrees, relative humidity 83%, wind 5 mph
2020,9,Baltimore Ravens,Indianapolis Colts,2020-11-08,1:00PM,Indianapolis,/boxscores/202011080clt.htm,Ravens (deferred),,retractable roof (closed),fieldturf,3:03,"12,200",Indianapolis Colts -1.0,47.5 (under),,,
2020,9,Minnesota Vikings,Detroit Lions,2020-11-08,1:00PM,Minnesota,/boxscores/202011080min.htm,Vikings (deferred),,dome,sportturf,2:59,,Minnesota Vikings -3.0,51.5 (over),,,
2020,9,Houston Texans,Jacksonville Jaguars,2020-11-08,1:00PM,Jacksonville,/boxscores/202011080jax.htm,Jaguars,,outdoors,grass,3:11,"15,668",Houston Texans -7.0,49.0 (over),79 degrees, relative humidity 71%, wind 14 mph
2020,9,Atlanta Falcons,Denver Broncos,2020-11-08,1:00PM,Atlanta,/boxscores/202011080atl.htm,Broncos (deferred),,retractable roof (closed),fieldturf,3:14,"7,665",Atlanta Falcons -4.5,50.5 (over),,,
2020,9,Buffalo Bills,Seattle Seahawks,2020-11-08,1:00PM,Buffalo,/boxscores/202011080buf.htm,Seahawks (deferred),,outdoors,astroturf,3:15,,Seattle Seahawks -3.0,55.5 (over),69 degrees, relative humidity 41%, wind 4 mph
2020,9,Kansas City Chiefs,Carolina Panthers,2020-11-08,1:00PM,Kansas City,/boxscores/202011080kan.htm,Panthers,,outdoors,grass,3:20,"12,073",Kansas City Chiefs -10.0,51.5 (over),71 degrees, relative humidity 63%, wind 19 mph
2020,9,Tennessee Titans,Chicago Bears,2020-11-08,1:00PM,Tennessee,/boxscores/202011080oti.htm,Bears (deferred),,outdoors,grass,3:07,"13,871",Tennessee Titans -6.5,46.5 (under),77 degrees, relative humidity 55%, wind 14 mph
2020,9,New York Giants,Washington Football Team,2020-11-08,1:00PM,Washington Football,/boxscores/202011080was.htm,Football Team (deferred),,outdoors,grass,2:57,"3,000",Washington Football Team -3.0,43.5 (under),75 degrees, relative humidity 49%, wind 1 mph
2020,9,Las Vegas Raiders,Los Angeles Chargers,2020-11-08,4:05PM,Los Angeles,/boxscores/202011080sdg.htm,Raiders (deferred),,dome,matrixturf,3:08,,Las Vegas Raiders -1.0,52.5 (over),,,
2020,9,Miami Dolphins,Arizona Cardinals,2020-11-08,4:25PM,Arizona,/boxscores/202011080crd.htm,Cardinals (deferred),,retractable roof (closed),grass,3:09,"4,200",Arizona Cardinals -6.0,49.0 (over),,,
2020,9,Pittsburgh Steelers,Dallas Cowboys,2020-11-08,4:25PM,Dallas,/boxscores/202011080dal.htm,Cowboys (deferred),,retractable roof (closed),fieldturf,3:15,"31,700",Pittsburgh Steelers -14.0,44.0 (under),,,
2020,9,New Orleans Saints,Tampa Bay Buccaneers,2020-11-08,8:20PM,Tampa Bay,/boxscores/202011080tam.htm,Saints (deferred),,outdoors,grass,2:51,"15,740",Tampa Bay Buccaneers -3.0,51.0 (under),77 degrees, relative humidity 76%, wind 17 mph
2020,9,New England Patriots,New York Jets,2020-11-09,8:15PM,New York,/boxscores/202011090nyj.htm,Patriots (deferred),,outdoors,fieldturf ,2:54,,New England Patriots -9.0,42.0 (over),61 degrees, relative humidity 72%, wind 2 mph
2020,10,Indianapolis Colts,Tennessee Titans,2020-11-12,8:20PM,Tennessee,/boxscores/202011120oti.htm,Colts (deferred),,outdoors,grass,2:57,"13,949",Indianapolis Colts -1.0,49.5 (over),56 degrees, relative humidity 46%, wind 6 mph
2020,10,Cleveland Browns,Houston Texans,2020-11-15,1:00PM,Cleveland,/boxscores/202011150cle.htm,Texans (deferred),,outdoors,grass,2:35,"10,613",Cleveland Browns -4.5,46.5 (under),59 degrees, relative humidity 66%, wind 25 mph
2020,10,Detroit Lions,Washington Football Team,2020-11-15,1:00PM,Detroit,/boxscores/202011150det.htm,Lions (deferred),,dome,fieldturf,3:14,,Detroit Lions -2.5,45.5 (over),,,
2020,10,Green Bay Packers,Jacksonville Jaguars,2020-11-15,1:00PM,Green Bay,/boxscores/202011150gnb.htm,Jaguars (deferred),,outdoors,grass,3:15,,Green Bay Packers -13.5,47.5 (under),38 degrees, relative humidity 76%, wind 23 mph
2020,10,Tampa Bay Buccaneers,Carolina Panthers,2020-11-15,1:00PM,Carolina,/boxscores/202011150car.htm,Buccaneers (deferred),,outdoors,grass,3:12,"5,815",Tampa Bay Buccaneers -6.0,49.5 (over),65 degrees, relative humidity 90%, wind 15 mph
2020,10,New York Giants,Philadelphia Eagles,2020-11-15,1:00PM,New York,/boxscores/202011150nyg.htm,Eagles (deferred),,outdoors,fieldturf ,3:05,,Philadelphia Eagles -5.0,46.5 (under),56 degrees, relative humidity 60%, wind 18 mph
2020,10,Las Vegas Raiders,Denver Broncos,2020-11-15,4:05PM,Las Vegas,/boxscores/202011150rai.htm,Raiders (deferred),,dome,grass,3:19,,Las Vegas Raiders -3.5,50.0 (under),,,
2020,10,Miami Dolphins,Los Angeles Chargers,2020-11-15,4:05PM,Miami,/boxscores/202011150mia.htm,Dolphins (deferred),,outdoors,grass,2:56,"12,751",Miami Dolphins -1.5,49.0 (over),83 degrees, relative humidity 73%, wind 7 mph
2020,10,Arizona Cardinals,Buffalo Bills,2020-11-15,4:05PM,Arizona,/boxscores/202011150crd.htm,Bills (deferred),,retractable roof (closed),grass,3:25,"4,200",Arizona Cardinals -3.0,56.0 (over),,,
2020,10,Pittsburgh Steelers,Cincinnati Bengals,2020-11-15,4:25PM,Pittsburgh,/boxscores/202011150pit.htm,Bengals (deferred),,outdoors,grass,3:16,"5,909",Pittsburgh Steelers -6.5,46.0 (push),52 degrees, relative humidity 82%, wind 21 mph
2020,10,New Orleans Saints,San Francisco 49ers,2020-11-15,4:25PM,New Orleans,/boxscores/202011150nor.htm,Saints (deferred),,dome,astroturf,3:12,"5,979",New Orleans Saints -9.5,50.0 (under),,,
2020,10,Los Angeles Rams,Seattle Seahawks,2020-11-15,4:25PM,Los Angeles,/boxscores/202011150ram.htm,Seahawks (deferred),,dome,matrixturf,3:04,,Los Angeles Rams -3.0,55.0 (under),,,
2020,10,New England Patriots,Baltimore Ravens,2020-11-15,8:20PM,New England,/boxscores/202011150nwe.htm,Patriots (deferred),,outdoors,fieldturf,2:53,,Baltimore Ravens -7.0,44.0 (under),52 degrees, relative humidity 81%, wind 13 mph
2020,10,Minnesota Vikings,Chicago Bears,2020-11-16,8:15PM,Chicago,/boxscores/202011160chi.htm,Bears (deferred),,outdoors,grass,2:58,,Minnesota Vikings -3.5,44.5 (under),44 degrees, relative humidity 59%, wind 11 mph
2020,11,Seattle Seahawks,Arizona Cardinals,2020-11-19,8:20PM,Seattle,/boxscores/202011190sea.htm,Cardinals (deferred),,outdoors,fieldturf,3:12,,Seattle Seahawks -3.0,56.5 (under),48 degrees, relative humidity 74%, wind 11 mph
2020,11,New Orleans Saints,Atlanta Falcons,2020-11-22,1:00PM,New Orleans,/boxscores/202011220nor.htm,Saints (deferred),,dome,astroturf,3:12,"6,000",New Orleans Saints -3.5,49.5 (under),,,
2020,11,Washington Football Team,Cincinnati Bengals,2020-11-22,1:00PM,Washington Football,/boxscores/202011220was.htm,Bengals (deferred),,outdoors,grass,3:02,,Washington Football Team -2.0,48.0 (under),57 degrees, relative humidity 63%, wind 7 mph
2020,11,Cleveland Browns,Philadelphia Eagles,2020-11-22,1:00PM,Cleveland,/boxscores/202011220cle.htm,Eagles (deferred),,outdoors,grass,3:16,"11,133",Cleveland Browns -2.5,45.5 (under),38 degrees, relative humidity 88%, wind 8 mph
2020,11,Houston Texans,New England Patriots,2020-11-22,1:00PM,Houston,/boxscores/202011220htx.htm,Patriots (deferred),,retractable roof (closed),grass,3:05,"12,503",New England Patriots -2.5,49.5 (under),,,
2020,11,Pittsburgh Steelers,Jacksonville Jaguars,2020-11-22,1:00PM,Jacksonville,/boxscores/202011220jax.htm,Steelers (deferred),,outdoors,grass,3:04,"17,244",Pittsburgh Steelers -11.0,47.5 (under),72 degrees, relative humidity 84%, wind 3 mph
2020,11,Tennessee Titans,Baltimore Ravens,2020-11-22,1:00PM,Baltimore,/boxscores/202011220rav.htm,Titans (deferred),Ravens,outdoors,grass,3:13,,Baltimore Ravens -6.0,50.5 (over),53 degrees, relative humidity 67%, wind 6 mph
2020,11,Carolina Panthers,Detroit Lions,2020-11-22,1:00PM,Carolina,/boxscores/202011220car.htm,Lions (deferred),,outdoors,grass,2:52,"5,546",Detroit Lions -3.0,47.0 (under),65 degrees, relative humidity 67%, wind 7 mph
2020,11,Denver Broncos,Miami Dolphins,2020-11-22,4:05PM,Denver,/boxscores/202011220den.htm,Broncos (deferred),,outdoors,grass,3:04,"5,351",Miami Dolphins -4.0,46.0 (under),45 degrees, relative humidity 19%, wind 7 mph
2020,11,Los Angeles Chargers,New York Jets,2020-11-22,4:05PM,Los Angeles,/boxscores/202011220sdg.htm,Chargers,,dome,matrixturf,3:10,,Los Angeles Chargers -10.0,47.0 (over),,,
2020,11,Indianapolis Colts,Green Bay Packers,2020-11-22,4:25PM,Indianapolis,/boxscores/202011220clt.htm,Colts (deferred),Packers,retractable roof (closed),fieldturf,3:27,"12,495",Indianapolis Colts -1.5,52.5 (over),,,
2020,11,Dallas Cowboys,Minnesota Vikings,2020-11-22,4:25PM,Minnesota,/boxscores/202011220min.htm,Vikings (deferred),,dome,sportturf,3:03,,Minnesota Vikings -7.0,49.5 (over),,,
2020,11,Kansas City Chiefs,Las Vegas Raiders,2020-11-22,8:20PM,Las Vegas,/boxscores/202011220rai.htm,Chiefs (deferred),,dome,grass,3:04,,Kansas City Chiefs -7.5,56.5 (over),,,
2020,11,Los Angeles Rams,Tampa Bay Buccaneers,2020-11-23,8:15PM,Tampa Bay,/boxscores/202011230tam.htm,Rams (deferred),,outdoors,grass,3:06,"15,730",Tampa Bay Buccaneers -4.0,47.5 (over),69 degrees, relative humidity 65%, wind 5 mph
2020,12,Houston Texans,Detroit Lions,2020-11-26,12:30PM,Detroit,/boxscores/202011260det.htm,Lions (deferred),,dome,fieldturf,3:14,,Houston Texans -3.0,52.5 (over),,,
2020,12,Washington Football Team,Dallas Cowboys,2020-11-26,4:30PM,Dallas,/boxscores/202011260dal.htm,Cowboys (deferred),,retractable roof (closed),fieldturf,3:11,"30,048",Dallas Cowboys -2.5,46.0 (over),,,
2020,12,Atlanta Falcons,Las Vegas Raiders,2020-11-29,1:00PM,Atlanta,/boxscores/202011290atl.htm,Falcons,,retractable roof (closed),fieldturf,3:30,"9,124",Las Vegas Raiders -3.5,53.0 (under),,,
2020,12,Buffalo Bills,Los Angeles Chargers,2020-11-29,1:00PM,Buffalo,/boxscores/202011290buf.htm,Bills (deferred),,outdoors,astroturf,3:13,,Buffalo Bills -4.5,51.5 (under),48 degrees, relative humidity 52%, wind 7 mph
2020,12,New York Giants,Cincinnati Bengals,2020-11-29,1:00PM,Cincinnati,/boxscores/202011290cin.htm,Bengals (deferred),,outdoors,grass,2:58,"10,208",New York Giants -6.5,45.0 (under),52 degrees, relative humidity 50%, wind 4 mph
2020,12,Cleveland Browns,Jacksonville Jaguars,2020-11-29,1:00PM,Jacksonville,/boxscores/202011290jax.htm,Browns (deferred),,outdoors,grass,3:12,"15,926",Cleveland Browns -7.5,48.0 (over),70 degrees, relative humidity 83%, wind 1 mph
2020,12,Tennessee Titans,Indianapolis Colts,2020-11-29,1:00PM,Indianapolis,/boxscores/202011290clt.htm,Colts (deferred),,retractable roof (closed),fieldturf,3:24,"12,464",Indianapolis Colts -3.0,51.5 (over),,,
2020,12,New England Patriots,Arizona Cardinals,2020-11-29,1:00PM,New England,/boxscores/202011290nwe.htm,Cardinals (deferred),,outdoors,fieldturf,3:04,,Arizona Cardinals -1.0,51.0 (under),52 degrees, relative humidity 40%, wind 8 mph
2020,12,Miami Dolphins,New York Jets,2020-11-29,1:00PM,New York,/boxscores/202011290nyj.htm,Dolphins (deferred),,outdoors,fieldturf ,2:56,,Miami Dolphins -7.5,46.5 (under),54 degrees, relative humidity 32%, wind 2 mph
2020,12,Minnesota Vikings,Carolina Panthers,2020-11-29,1:00PM,Minnesota,/boxscores/202011290min.htm,Vikings (deferred),,dome,sportturf,3:20,,Minnesota Vikings -3.0,50.0 (over),,,
2020,12,New Orleans Saints,Denver Broncos,2020-11-29,4:05PM,Denver,/boxscores/202011290den.htm,Saints (deferred),,outdoors,grass,2:40,,New Orleans Saints -17.0,36.5 (under),38 degrees, relative humidity 33%, wind 6 mph
2020,12,San Francisco 49ers,Los Angeles Rams,2020-11-29,4:05PM,Los Angeles,/boxscores/202011290ram.htm,Rams (deferred),,dome,matrixturf,3:11,,Los Angeles Rams -5.0,45.0 (under),,,
2020,12,Kansas City Chiefs,Tampa Bay Buccaneers,2020-11-29,4:25PM,Tampa Bay,/boxscores/202011290tam.htm,Buccaneers (deferred),,outdoors,grass,3:03,"15,950",Kansas City Chiefs -3.5,56.0 (under),81 degrees, relative humidity 50%, wind 5 mph
2020,12,Green Bay Packers,Chicago Bears,2020-11-29,8:20PM,Green Bay,/boxscores/202011290gnb.htm,Bears (deferred),,outdoors,grass,3:05,,Green Bay Packers -7.5,44.0 (over),37 degrees, relative humidity 59%, wind 13 mph
2020,12,Seattle Seahawks,Philadelphia Eagles,2020-11-30,8:15PM,Philadelphia,/boxscores/202011300phi.htm,Seahawks (deferred),,outdoors,grass,3:14,,Seattle Seahawks -6.5,50.0 (under),60 degrees, relative humidity 94%, wind 16 mph
2020,12,Pittsburgh Steelers,Baltimore Ravens,2020-12-02,3:40PM,Pittsburgh,/boxscores/202012020pit.htm,Steelers (deferred),,outdoors,grass,3:05,,Pittsburgh Steelers -10.0,42.0 (under),36 degrees, relative humidity 68%, wind 14 mph
2020,13,New Orleans Saints,Atlanta Falcons,2020-12-06,1:00PM,Atlanta,/boxscores/202012060atl.htm,Saints (deferred),,retractable roof (closed),fieldturf,3:13,"8,713",New Orleans Saints -2.5,46.5 (under),,,
2020,13,Detroit Lions,Chicago Bears,2020-12-06,1:00PM,Chicago,/boxscores/202012060chi.htm,Lions (deferred),,outdoors,grass,4:06,,Chicago Bears -3.0,44.0 (over),35 degrees, relative humidity 80%, wind 5 mph
2020,13,Miami Dolphins,Cincinnati Bengals,2020-12-06,1:00PM,Miami,/boxscores/202012060mia.htm,Dolphins (deferred),,outdoors,grass,3:30,"12,577",Miami Dolphins -10.5,43.0 (under),81 degrees, relative humidity 64%, wind 5 mph
2020,13,Cleveland Browns,Tennessee Titans,2020-12-06,1:00PM,Tennessee,/boxscores/202012060oti.htm,Titans (deferred),,outdoors,grass,3:23,"13,986",Tennessee Titans -4.0,54.0 (over),52 degrees, relative humidity 68%, wind 1 mph
2020,13,Indianapolis Colts,Houston Texans,2020-12-06,1:00PM,Houston,/boxscores/202012060htx.htm,Texans,,retractable roof (closed),grass,3:10,"12,316",Indianapolis Colts -3.5,50.0 (under),,,
2020,13,Minnesota Vikings,Jacksonville Jaguars,2020-12-06,1:00PM,Minnesota,/boxscores/202012060min.htm,Vikings (deferred),Vikings,dome,sportturf,3:39,,Minnesota Vikings -10.5,51.5 (under),,,
2020,13,Las Vegas Raiders,New York Jets,2020-12-06,1:00PM,New York,/boxscores/202012060nyj.htm,Raiders (deferred),,outdoors,fieldturf ,3:11,,Las Vegas Raiders -7.5,48.5 (over),39 degrees, relative humidity 46%, wind 18 mph
2020,13,Los Angeles Rams,Arizona Cardinals,2020-12-06,4:05PM,Arizona,/boxscores/202012060crd.htm,Rams (deferred),,retractable roof (closed),grass,3:13,,Los Angeles Rams -2.5,49.0 (over),,,
2020,13,New York Giants,Seattle Seahawks,2020-12-06,4:05PM,Seattle,/boxscores/202012060sea.htm,Giants (deferred),,outdoors,fieldturf,3:04,,Seattle Seahawks -11.0,48.5 (under),51 degrees, relative humidity 83%, wind 4 mph
2020,13,Green Bay Packers,Philadelphia Eagles,2020-12-06,4:25PM,Green Bay,/boxscores/202012060gnb.htm,Packers (deferred),,outdoors,grass,2:59,,Green Bay Packers -8.0,50.0 (under),34 degrees, relative humidity 64%, wind 9 mph
2020,13,New England Patriots,Los Angeles Chargers,2020-12-06,4:25PM,Los Angeles,/boxscores/202012060sdg.htm,Chargers (deferred),,dome,matrixturf,2:59,,Los Angeles Chargers -2.0,46.5 (under),,,
2020,13,Kansas City Chiefs,Denver Broncos,2020-12-06,8:20PM,Kansas City,/boxscores/202012060kan.htm,Chiefs (deferred),,outdoors,grass,3:00,"12,578",Kansas City Chiefs -13.0,51.5 (under),41 degrees, relative humidity 70%, wind 9 mph
2020,13,Washington Football Team,Pittsburgh Steelers,2020-12-07,5:00PM,Pittsburgh,/boxscores/202012070pit.htm,Football Team (deferred),,outdoors,grass,3:25,,Pittsburgh Steelers -6.5,43.5 (under),34 degrees, relative humidity 58%, wind 10 mph
2020,13,Buffalo Bills,San Francisco 49ers,2020-12-07,8:15PM,San Francisco,/boxscores/202012070sfo.htm,49ers (deferred),,retractable roof (closed),grass,3:03,,San Francisco 49ers -1.5,48.0 (over),,,
2020,13,Baltimore Ravens,Dallas Cowboys,2020-12-08,8:05PM,Baltimore,/boxscores/202012080rav.htm,Ravens (deferred),,outdoors,grass,2:58,,Baltimore Ravens -8.0,45.5 (over),38 degrees, relative humidity 54%, wind 9 mph
2020,14,Los Angeles Rams,New England Patriots,2020-12-10,8:20PM,Los Angeles,/boxscores/202012100ram.htm,Patriots (deferred),,dome,matrixturf,2:47,,Los Angeles Rams -5.0,43.5 (under),,,
2020,14,Denver Broncos,Carolina Panthers,2020-12-13,1:00PM,Carolina,/boxscores/202012130car.htm,Panthers (deferred),,outdoors,grass,3:03,"5,768",Carolina Panthers -4.0,46.5 (over),70 degrees, relative humidity 67%, wind 7 mph
2020,14,Chicago Bears,Houston Texans,2020-12-13,1:00PM,Chicago,/boxscores/202012130chi.htm,Bears (deferred),,outdoors,grass,4:06,,Houston Texans -1.0,46.5 (under),34 degrees, relative humidity 70%, wind 1 mph
2020,14,Dallas Cowboys,Cincinnati Bengals,2020-12-13,1:00PM,Cincinnati,/boxscores/202012130cin.htm,Cowboys (deferred),,outdoors,grass,2:46,"10,322",Dallas Cowboys -3.0,44.0 (under),44 degrees, relative humidity 73%, wind 5 mph
2020,14,Arizona Cardinals,New York Giants,2020-12-13,1:00PM,New York,/boxscores/202012130nyg.htm,Cardinals (deferred),,outdoors,fieldturf ,3:07,,Arizona Cardinals -3.0,47.5 (under),59 degrees, relative humidity 58%, wind 15 mph
2020,14,Tennessee Titans,Jacksonville Jaguars,2020-12-13,1:00PM,Jacksonville,/boxscores/202012130jax.htm,Jaguars,,outdoors,grass,3:02,"15,896",Tennessee Titans -7.5,52.5 (under),69 degrees, relative humidity 83%, wind 2 mph
2020,14,Kansas City Chiefs,Miami Dolphins,2020-12-13,1:00PM,Miami,/boxscores/202012130mia.htm,Chiefs (deferred),,outdoors,grass,3:15,"13,057",Kansas City Chiefs -7.5,52.0 (over),81 degrees, relative humidity 56%, wind 8 mph
2020,14,Tampa Bay Buccaneers,Minnesota Vikings,2020-12-13,1:00PM,Tampa Bay,/boxscores/202012130tam.htm,Buccaneers (deferred),,outdoors,grass,2:53,"16,031",Tampa Bay Buccaneers -7.0,52.0 (under),78 degrees, relative humidity 63%, wind 5 mph
2020,14,Indianapolis Colts,Las Vegas Raiders,2020-12-13,4:05PM,Las Vegas,/boxscores/202012130rai.htm,Raiders (deferred),,dome,grass,2:59,,Indianapolis Colts -2.5,52.0 (over),,,
2020,14,Seattle Seahawks,New York Jets,2020-12-13,4:05PM,Seattle,/boxscores/202012130sea.htm,Seahawks (deferred),,outdoors,fieldturf,2:53,,Seattle Seahawks -16.5,50.5 (under),43 degrees, relative humidity 90%, wind 8 mph
2020,14,Los Angeles Chargers,Atlanta Falcons,2020-12-13,4:25PM,Los Angeles,/boxscores/202012130sdg.htm,Chargers (deferred),,dome,matrixturf,2:47,,Los Angeles Chargers -1.0,49.5 (under),,,
2020,14,Green Bay Packers,Detroit Lions,2020-12-13,4:25PM,Detroit,/boxscores/202012130det.htm,Packers (deferred),,dome,fieldturf,3:08,,Green Bay Packers -9.5,55.5 (under),,,
2020,14,Philadelphia Eagles,New Orleans Saints,2020-12-13,4:25PM,Philadelphia,/boxscores/202012130phi.htm,Eagles (deferred),,outdoors,grass,3:08,,New Orleans Saints -7.5,43.0 (over),57 degrees, relative humidity 49%, wind 10 mph
2020,14,Washington Football Team,San Francisco 49ers,2020-12-13,4:25PM,San Francisco,/boxscores/202012130sfo.htm,Football Team (deferred),,retractable roof (closed),grass,3:18,,San Francisco 49ers -3.0,43.5 (under),,,
2020,14,Buffalo Bills,Pittsburgh Steelers,2020-12-13,8:20PM,Buffalo,/boxscores/202012130buf.htm,Bills (deferred),,outdoors,astroturf,3:06,,Buffalo Bills -2.0,48.5 (under),35 degrees, relative humidity 71%, wind 11 mph
2020,14,Baltimore Ravens,Cleveland Browns,2020-12-14,8:15PM,Cleveland,/boxscores/202012140cle.htm,Ravens (deferred),,outdoors,grass,3:27,"11,974",Baltimore Ravens -3.0,46.0 (over),34 degrees, relative humidity 51%, wind 18 mph
2020,15,Los Angeles Chargers,Las Vegas Raiders,2020-12-17,8:20PM,Las Vegas,/boxscores/202012170rai.htm,Chargers (deferred),Raiders,dome,grass,3:18,,Las Vegas Raiders -3.5,52.5 (over),,,
2020,15,Buffalo Bills,Denver Broncos,2020-12-19,4:30PM,Denver,/boxscores/202012190den.htm,Bills (deferred),,outdoors,grass,3:20,,Buffalo Bills -5.5,49.0 (over),47 degrees, relative humidity 22%, wind 24 mph
2020,15,Green Bay Packers,Carolina Panthers,2020-12-19,8:15PM,Green Bay,/boxscores/202012190gnb.htm,Packers (deferred),,outdoors,grass,3:05,,Green Bay Packers -8.0,51.5 (under),33 degrees, relative humidity 85%, wind 5 mph
2020,15,Tampa Bay Buccaneers,Atlanta Falcons,2020-12-20,1:00PM,Atlanta,/boxscores/202012200atl.htm,Falcons,,retractable roof (closed),fieldturf,3:09,"10,703",Tampa Bay Buccaneers -6.0,49.5 (over),,,
2020,15,Chicago Bears,Minnesota Vikings,2020-12-20,1:00PM,Minnesota,/boxscores/202012200min.htm,Bears,,dome,sportturf,3:03,,Minnesota Vikings -2.5,47.5 (over),,,
2020,15,Indianapolis Colts,Houston Texans,2020-12-20,1:00PM,Indianapolis,/boxscores/202012200clt.htm,Colts (deferred),,retractable roof (closed),fieldturf,2:49,"9,992",Indianapolis Colts -7.5,52.5 (under),,,
2020,15,Dallas Cowboys,San Francisco 49ers,2020-12-20,1:00PM,Dallas,/boxscores/202012200dal.htm,Cowboys (deferred),,retractable roof (closed),fieldturf,3:25,"30,092",San Francisco 49ers -4.0,46.0 (over),,,
2020,15,Tennessee Titans,Detroit Lions,2020-12-20,1:00PM,Tennessee,/boxscores/202012200oti.htm,Lions (deferred),,outdoors,grass,3:00,"13,797",Tennessee Titans -9.5,54.5 (over),46 degrees, relative humidity 86%, wind 5 mph
2020,15,Baltimore Ravens,Jacksonville Jaguars,2020-12-20,1:00PM,Baltimore,/boxscores/202012200rav.htm,Jaguars (deferred),,outdoors,grass,2:57,,Baltimore Ravens -13.0,49.0 (over),39 degrees, relative humidity 78%, wind 3 mph
2020,15,Miami Dolphins,New England Patriots,2020-12-20,1:00PM,Miami,/boxscores/202012200mia.htm,Dolphins (deferred),,outdoors,grass,2:57,"13,354",New England Patriots -1.5,40.5 (under),79 degrees, relative humidity 65%, wind 9 mph
2020,15,Seattle Seahawks,Washington Football Team,2020-12-20,1:00PM,Washington Football,/boxscores/202012200was.htm,Seahawks (deferred),,outdoors,grass,3:03,,Seattle Seahawks -6.0,44.5 (under),43 degrees, relative humidity 69%, wind 8 mph
2020,15,Arizona Cardinals,Philadelphia Eagles,2020-12-20,4:05PM,Arizona,/boxscores/202012200crd.htm,Eagles (deferred),,retractable roof (closed),grass,3:27,,Arizona Cardinals -6.5,49.5 (over),,,
2020,15,New York Jets,Los Angeles Rams,2020-12-20,4:05PM,Los Angeles,/boxscores/202012200ram.htm,Jets (deferred),,dome,matrixturf,2:56,,Los Angeles Rams -17.5,44.5 (under),,,
2020,15,Kansas City Chiefs,New Orleans Saints,2020-12-20,4:25PM,New Orleans,/boxscores/202012200nor.htm,Saints (deferred),,dome,astroturf,3:30,"3,000",Kansas City Chiefs -2.5,54.0 (over),,,
2020,15,Cleveland Browns,New York Giants,2020-12-20,8:20PM,New York,/boxscores/202012200nyg.htm,Browns (deferred),,outdoors,fieldturf ,2:47,,Cleveland Browns -6.0,45.0 (under),36 degrees, relative humidity 82%, no wind
2020,15,Cincinnati Bengals,Pittsburgh Steelers,2020-12-21,8:15PM,Cincinnati,/boxscores/202012210cin.htm,Bengals (deferred),,outdoors,grass,3:05,"10,249",Pittsburgh Steelers -14.5,40.5 (over),43 degrees, relative humidity 63%, wind 10 mph
2020,16,New Orleans Saints,Minnesota Vikings,2020-12-25,4:30PM,New Orleans,/boxscores/202012250nor.htm,Vikings (deferred),,dome,astroturf,3:11,"3,000",New Orleans Saints -6.5,48.5 (over),,,
2020,16,Tampa Bay Buccaneers,Detroit Lions,2020-12-26,1:00PM,Detroit,/boxscores/202012260det.htm,Buccaneers,,dome,fieldturf,3:02,,Tampa Bay Buccaneers -9.5,54.0 (push),,,
2020,16,San Francisco 49ers,Arizona Cardinals,2020-12-26,4:30PM,Arizona,/boxscores/202012260crd.htm,49ers (deferred),,retractable roof (closed),grass,2:58,,Arizona Cardinals -5.0,48.5 (under),,,
2020,16,Miami Dolphins,Las Vegas Raiders,2020-12-26,8:15PM,Las Vegas,/boxscores/202012260rai.htm,Dolphins (deferred),,dome,grass,3:05,,Miami Dolphins -3.0,48.0 (over),,,
2020,16,Kansas City Chiefs,Atlanta Falcons,2020-12-27,1:00PM,Kansas City,/boxscores/202012270kan.htm,Chiefs (deferred),,outdoors,grass,2:53,"13,470",Kansas City Chiefs -11.0,54.0 (under),49 degrees, relative humidity 44%, wind 8 mph
2020,16,Chicago Bears,Jacksonville Jaguars,2020-12-27,1:00PM,Jacksonville,/boxscores/202012270jax.htm,Bears (deferred),,outdoors,grass,2:57,"17,445",Chicago Bears -9.5,47.0 (over),55 degrees, relative humidity 60%, wind 5 mph
2020,16,Cincinnati Bengals,Houston Texans,2020-12-27,1:00PM,Houston,/boxscores/202012270htx.htm,Bengals (deferred),,retractable roof (closed),grass,3:04,"12,344",Houston Texans -7.5,46.0 (over),,,
2020,16,New York Jets,Cleveland Browns,2020-12-27,1:00PM,New York,/boxscores/202012270nyj.htm,Jets (deferred),,outdoors,fieldturf ,3:17,,Cleveland Browns -6.5,45.0 (under),37 degrees, relative humidity 42%, wind 5 mph
2020,16,Pittsburgh Steelers,Indianapolis Colts,2020-12-27,1:00PM,Pittsburgh,/boxscores/202012270pit.htm,Colts (deferred),,outdoors,grass,3:10,,Indianapolis Colts -1.0,43.5 (over),37 degrees, relative humidity 65%, wind 6 mph
2020,16,Baltimore Ravens,New York Giants,2020-12-27,1:00PM,Baltimore,/boxscores/202012270rav.htm,Giants (deferred),,outdoors,grass,3:04,,Baltimore Ravens -10.0,43.0 (under),38 degrees, relative humidity 48%, wind 3 mph
2020,16,Carolina Panthers,Washington Football Team,2020-12-27,4:05PM,Washington Football,/boxscores/202012270was.htm,Panthers (deferred),,outdoors,grass,3:01,,Carolina Panthers -1.0,41.5 (under),41 degrees, relative humidity 46%, wind 6 mph
2020,16,Los Angeles Chargers,Denver Broncos,2020-12-27,4:05PM,Los Angeles,/boxscores/202012270sdg.htm,Broncos (deferred),,dome,matrixturf,3:00,,Los Angeles Chargers -2.5,47.5 (under),,,
2020,16,Dallas Cowboys,Philadelphia Eagles,2020-12-27,4:25PM,Dallas,/boxscores/202012270dal.htm,Cowboys (deferred),,retractable roof (closed),fieldturf,3:17,"30,131",Philadelphia Eagles -3.0,50.0 (over),,,
2020,16,Seattle Seahawks,Los Angeles Rams,2020-12-27,4:25PM,Seattle,/boxscores/202012270sea.htm,Seahawks (deferred),,outdoors,fieldturf,3:09,,Seattle Seahawks -1.5,47.5 (under),45 degrees, relative humidity 89%, wind 2 mph
2020,16,Green Bay Packers,Tennessee Titans,2020-12-27,8:20PM,Green Bay,/boxscores/202012270gnb.htm,Titans (deferred),,outdoors,grass,2:46,,Green Bay Packers -3.0,52.5 (over),28 degrees, relative humidity 88%, wind 15 mph
2020,16,Buffalo Bills,New England Patriots,2020-12-28,8:15PM,New England,/boxscores/202012280nwe.htm,Bills (deferred),,outdoors,fieldturf,2:51,,Buffalo Bills -7.0,47.5 (under),41 degrees, relative humidity 90%, wind 4 mph
2020,17,Tampa Bay Buccaneers,Atlanta Falcons,2021-01-03,1:00PM,Tampa Bay,/boxscores/202101030tam.htm,Buccaneers,,outdoors,grass,3:05,"16,009",Tampa Bay Buccaneers -7.5,51.5 (over),65 degrees, relative humidity 77%," wind 4 mph, wind chill 0"
2020,17,Buffalo Bills,Miami Dolphins,2021-01-03,1:00PM,Buffalo,/boxscores/202101030buf.htm,Dolphins (deferred),,outdoors,astroturf,3:13,,Miami Dolphins -3.5,43.0 (over),35 degrees, relative humidity 93%," wind 1 mph, wind chill 0"
2020,17,Baltimore Ravens,Cincinnati Bengals,2021-01-03,1:00PM,Cincinnati,/boxscores/202101030cin.htm,Bengals (deferred),,outdoors,grass,2:55,"10,499",Baltimore Ravens -13.5,46.0 (under),39 degrees, relative humidity 79%," wind 10 mph, wind chill 0"
2020,17,Cleveland Browns,Pittsburgh Steelers,2021-01-03,1:00PM,Cleveland,/boxscores/202101030cle.htm,Browns (deferred),,outdoors,grass,3:02,"11,989",Cleveland Browns -10.5,44.5 (over),38 degrees, relative humidity 91%," wind 7 mph, wind chill 0"
2020,17,New York Giants,Dallas Cowboys,2021-01-03,1:00PM,New York,/boxscores/202101030nyg.htm,Cowboys (deferred),,outdoors,fieldturf ,3:15,,Dallas Cowboys -1.5,44.5 (under),33 degrees, relative humidity 85%," wind 6 mph, wind chill 0"
2020,17,Minnesota Vikings,Detroit Lions,2021-01-03,1:00PM,Detroit,/boxscores/202101030det.htm,Vikings,,dome,fieldturf,3:07,,Minnesota Vikings -3.0,53.5 (over),,,
2020,17,New England Patriots,New York Jets,2021-01-03,1:00PM,New England,/boxscores/202101030nwe.htm,Jets (deferred),,outdoors,fieldturf,3:01,,New England Patriots -3.0,41.0 (over),33 degrees, relative humidity 75%," wind 5 mph, wind chill 0"
2020,17,New Orleans Saints,Carolina Panthers,2021-01-03,4:25PM,Carolina,/boxscores/202101030car.htm,Saints (deferred),,outdoors,grass,2:52,"1,500",New Orleans Saints -6.0,47.0 (under),57 degrees, relative humidity 80%," wind 2 mph, wind chill 0"
2020,17,Green Bay Packers,Chicago Bears,2021-01-03,4:25PM,Chicago,/boxscores/202101030chi.htm,Packers (deferred),,outdoors,grass,2:54,,Green Bay Packers -4.5,48.0 (over),32 degrees, relative humidity 85%," wind 7 mph, wind chill 0"
2020,17,Indianapolis Colts,Jacksonville Jaguars,2021-01-03,4:25PM,Indianapolis,/boxscores/202101030clt.htm,Colts (deferred),,retractable roof (closed),fieldturf,2:56,"9,976",Indianapolis Colts -15.5,47.5 (under),,,
2020,17,Los Angeles Rams,Arizona Cardinals,2021-01-03,4:25PM,Los Angeles,/boxscores/202101030ram.htm,Rams (deferred),,dome,matrixturf,2:52,,Los Angeles Rams -1.0,42.0 (under),,,
2020,17,Las Vegas Raiders,Denver Broncos,2021-01-03,4:25PM,Denver,/boxscores/202101030den.htm,Broncos (deferred),,outdoors,grass,3:29,,Las Vegas Raiders -2.5,50.5 (over),53 degrees, relative humidity 19%," wind 10 mph, wind chill 0"
2020,17,Tennessee Titans,Houston Texans,2021-01-03,4:25PM,Houston,/boxscores/202101030htx.htm,Texans,,retractable roof (closed),grass,3:13,"12,504",Tennessee Titans -7.0,55.5 (over),,,
2020,17,Los Angeles Chargers,Kansas City Chiefs,2021-01-03,4:25PM,Kansas City,/boxscores/202101030kan.htm,Chargers (deferred),,outdoors,grass,2:56,"13,240",Los Angeles Chargers -7.0,43.0 (over),35 degrees, relative humidity 88%," wind 6 mph, wind chill 0"
2020,17,Seattle Seahawks,San Francisco 49ers,2021-01-03,4:25PM,San Francisco,/boxscores/202101030sfo.htm,49ers (deferred),,retractable roof (closed),grass,3:03,,Seattle Seahawks -7.0,44.5 (over),,,
2020,17,Washington Football Team,Philadelphia Eagles,2021-01-03,8:20PM,Philadelphia,/boxscores/202101030phi.htm,Football Team (deferred),,outdoors,grass,3:02,,Washington Football Team -6.5,44.0 (under),38 degrees, relative humidity 92%," wind 10 mph, wind chill 0"
