year,week,team_1,team_2,date,time,location,boxscore_url,won_toss,won_OT_toss,roof,surface,duration,attendance,vegas_line,over_under,temp,humidity,wind
2012,1,Dallas Cowboys,New York Giants,2012-09-05,8:41PM,New York,/boxscores/201209050nyg.htm,Giants,,outdoors,fieldturf,2:53,"82,287",New York Giants -4.0,46.0 (under),77 degrees, relative humidity 63%," wind 5 mph, wind chill 0"
2012,1,Chicago Bears,Indianapolis Colts,2012-09-09,1:02PM,Chicago,/boxscores/201209090chi.htm,Colts (deferred),,outdoors,grass ,3:25,"62,341",Chicago Bears -10.0,42.5 (over),67 degrees, relative humidity 66%," wind 13 mph, wind chill 0"
2012,1,Atlanta Falcons,Kansas City Chiefs,2012-09-09,1:03PM,Kansas City,/boxscores/201209090kan.htm,Falcons,,outdoors,grass ,2:52,"71,180",Atlanta Falcons -2.5,43.0 (over),69 degrees, relative humidity 47%," wind 7 mph, wind chill 0"
2012,1,New York Jets,Buffalo Bills,2012-09-09,1:03PM,New York,/boxscores/201209090nyj.htm,Bills (deferred),,outdoors,fieldturf,3:18,"79,088",New York Jets -3.0,39.0 (over),74 degrees, relative humidity 48%," wind 1 mph, wind chill 0"
2012,1,Philadelphia Eagles,Cleveland Browns,2012-09-09,1:03PM,Cleveland,/boxscores/201209090cle.htm,Eagles,,outdoors,grass ,3:35,"68,693",Philadelphia Eagles -9.5,42.0 (under),68 degrees, relative humidity 57%," wind 9 mph, wind chill 0"
2012,1,Detroit Lions,St. Louis Rams,2012-09-09,1:03PM,Detroit,/boxscores/201209090det.htm,Rams (deferred),,dome,fieldturf ,3:09,"62,315",Detroit Lions -9.0,46.5 (over),,,
2012,1,Houston Texans,Miami Dolphins,2012-09-09,1:03PM,Houston,/boxscores/201209090htx.htm,Dolphins,,retractable roof (closed),grass ,2:59,"71,566",Houston Texans -13.5,41.5 (under),,,
2012,1,Washington Redskins,New Orleans Saints,2012-09-09,1:03PM,New Orleans,/boxscores/201209090nor.htm,Saints,,dome,sportturf,3:42,"72,180",New Orleans Saints -9.0,50.5 (over),,,
2012,1,New England Patriots,Tennessee Titans,2012-09-09,1:03PM,Tennessee,/boxscores/201209090oti.htm,Titans,,outdoors,grass ,3:00,"69,143",New England Patriots -6.5,48.0 (under),74 degrees, relative humidity 45%, wind 4 mph
2012,1,Minnesota Vikings,Jacksonville Jaguars,2012-09-09,1:05PM,Minnesota,/boxscores/201209090min.htm,Vikings,Vikings,dome,sportturf,3:15,"56,607",Minnesota Vikings -3.5,38.0 (over),,,
2012,1,Arizona Cardinals,Seattle Seahawks,2012-09-09,4:25PM,Arizona,/boxscores/201209090crd.htm,Cardinals,,retractable roof (closed),grass ,3:35,"60,032",Seattle Seahawks -3.0,41.0 (under),,,
2012,1,San Francisco 49ers,Green Bay Packers,2012-09-09,4:25PM,Green Bay,/boxscores/201209090gnb.htm,49ers,,outdoors,grass ,3:25,"70,523",Green Bay Packers -5.5,46.5 (over),72 degrees, relative humidity 40%," wind 11 mph, wind chill 0"
2012,1,Tampa Bay Buccaneers,Carolina Panthers,2012-09-09,4:26PM,Tampa Bay,/boxscores/201209090tam.htm,Buccaneers (deferred),,outdoors,grass ,3:01,"51,533",Carolina Panthers -3.0,45.5 (under),83 degrees, relative humidity 79%, wind 15 mph
2012,1,Denver Broncos,Pittsburgh Steelers,2012-09-09,8:31PM,Denver,/boxscores/201209090den.htm,Broncos,,outdoors,grass ,3:08,"76,823",Denver Broncos -2.0,45.5 (over),85 degrees, relative humidity 12%," wind 10 mph, wind chill 0"
2012,1,Baltimore Ravens,Cincinnati Bengals,2012-09-10,7:10PM,Baltimore,/boxscores/201209100rav.htm,Ravens,,outdoors,sportturf,3:04,"71,064",Baltimore Ravens -7.0,43.0 (over),74 degrees, relative humidity 37%," wind 10 mph, wind chill 0"
2012,1,San Diego Chargers,Oakland Raiders,2012-09-10,10:25PM,Oakland,/boxscores/201209100rai.htm,Raiders,,outdoors,grass ,3:06,"61,896",Oakland Raiders -1.0,47.5 (under),67 degrees, relative humidity 59%," wind 11 mph, wind chill 0"
2012,2,Green Bay Packers,Chicago Bears,2012-09-13,8:29PM,Green Bay,/boxscores/201209130gnb.htm,Bears (deferred),,outdoors,grass ,3:12,"70,543",Green Bay Packers -5.5,51.0 (under),60 degrees, relative humidity 67%," no wind, wind chill 0"
2012,2,Buffalo Bills,Kansas City Chiefs,2012-09-16,1:02PM,Buffalo,/boxscores/201209160buf.htm,Bills (deferred),,outdoors,a_turf,3:11,"69,402",Buffalo Bills -3.0,45.0 (over),66 degrees, relative humidity 55%," wind 11 mph, wind chill 0"
2012,2,Cincinnati Bengals,Cleveland Browns,2012-09-16,1:02PM,Cincinnati,/boxscores/201209160cin.htm,Bengals (deferred),,outdoors,fieldturf ,3:16,"63,036",Cincinnati Bengals -7.0,39.5 (over),76 degrees, relative humidity 37%," wind 5 mph, wind chill 0"
2012,2,Arizona Cardinals,New England Patriots,2012-09-16,1:02PM,New England,/boxscores/201209160nwe.htm,Patriots (deferred),,outdoors,fieldturf ,3:19,"68,756",New England Patriots -13.5,47.0 (under),64 degrees, relative humidity 55%," wind 2 mph, wind chill 0"
2012,2,Miami Dolphins,Oakland Raiders,2012-09-16,1:02PM,Miami,/boxscores/201209160mia.htm,Raiders (deferred),,outdoors,grass ,3:10,"54,245",Oakland Raiders -2.0,41.0 (over),80 degrees, relative humidity 75%," wind 8 mph, wind chill 0"
2012,2,Carolina Panthers,New Orleans Saints,2012-09-16,1:03PM,Carolina,/boxscores/201209160car.htm,Saints,,outdoors,grass ,3:09,"72,879",New Orleans Saints -3.0,54.0 (over),71 degrees, relative humidity 85%," wind 4 mph, wind chill 0"
2012,2,Indianapolis Colts,Minnesota Vikings,2012-09-16,1:03PM,Indianapolis,/boxscores/201209160clt.htm,Vikings,,retractable roof (open),fieldturf ,3:12,"63,912",Minnesota Vikings -3.0,45.5 (under),,,
2012,2,Houston Texans,Jacksonville Jaguars,2012-09-16,1:03PM,Jacksonville,/boxscores/201209160jax.htm,Texans,,outdoors,grass ,3:00,"62,907",Houston Texans -7.0,40.0 (under),83 degrees, relative humidity 66%," wind 5 mph, wind chill 0"
2012,2,New York Giants,Tampa Bay Buccaneers,2012-09-16,1:03PM,New York,/boxscores/201209160nyg.htm,Buccaneers (deferred),,outdoors,fieldturf,3:23,"76,964",New York Giants -8.0,43.5 (over),73 degrees, relative humidity 39%," wind 1 mph, wind chill 0"
2012,2,Philadelphia Eagles,Baltimore Ravens,2012-09-16,1:03PM,Philadelphia,/boxscores/201209160phi.htm,Eagles,,outdoors,grass ,3:38,"69,144",Philadelphia Eagles -3.0,47.0 (push),72 degrees, relative humidity 40%," wind 5 mph, wind chill 0"
2012,2,St. Louis Rams,Washington Redskins,2012-09-16,4:05PM,St. Louis,/boxscores/201209160ram.htm,Rams,,dome,astroplay,3:26,"53,979",Washington Redskins -3.5,42.5 (over),,,
2012,2,Seattle Seahawks,Dallas Cowboys,2012-09-16,4:06PM,Seattle,/boxscores/201209160sea.htm,Cowboys,,outdoors,fieldturf ,2:57,"68,008",Dallas Cowboys -3.0,43.0 (under),68 degrees, relative humidity 56%," wind 4 mph, wind chill 0"
2012,2,Pittsburgh Steelers,New York Jets,2012-09-16,4:25PM,Pittsburgh,/boxscores/201209160pit.htm,Steelers,,outdoors,grass ,3:08,"64,511",Pittsburgh Steelers -4.5,43.0 (under),71 degrees, relative humidity 36%, wind 2 mph
2012,2,San Diego Chargers,Tennessee Titans,2012-09-16,4:25PM,San Diego,/boxscores/201209160sdg.htm,Titans (deferred),,outdoors,grass ,3:03,"60,804",San Diego Chargers -6.0,43.5 (over),85 degrees, relative humidity 37%," wind 8 mph, wind chill 0"
2012,2,San Francisco 49ers,Detroit Lions,2012-09-16,8:30PM,San Francisco,/boxscores/201209160sfo.htm,Lions,,outdoors,grass ,3:06,"69,732",San Francisco 49ers -7.0,46.0 (push),62 degrees, relative humidity 62%," wind 15 mph, wind chill 0"
2012,2,Atlanta Falcons,Denver Broncos,2012-09-17,8:41PM,Atlanta,/boxscores/201209170atl.htm,Broncos,,dome,fieldturf ,3:27,"70,427",Atlanta Falcons -3.0,50.5 (under),,,
2012,3,New York Giants,Carolina Panthers,2012-09-20,8:20PM,Carolina,/boxscores/201209200car.htm,Giants,,outdoors,grass ,3:06,"73,951",Carolina Panthers -3.0,49.0 (under),75 degrees, relative humidity 56%," wind 3 mph, wind chill 0"
2012,3,Buffalo Bills,Cleveland Browns,2012-09-23,1:02PM,Cleveland,/boxscores/201209230cle.htm,Browns,,outdoors,grass ,3:10,"69,353",Buffalo Bills -3.0,45.0 (under),53 degrees, relative humidity 79%," wind 9 mph, wind chill 0"
2012,3,Kansas City Chiefs,New Orleans Saints,2012-09-23,1:02PM,New Orleans,/boxscores/201209230nor.htm,Saints,Chiefs,dome,sportturf,3:54,"72,226",New Orleans Saints -8.5,51.5 (under),,,
2012,3,Cincinnati Bengals,Washington Redskins,2012-09-23,1:03PM,Washington,/boxscores/201209230was.htm,Redskins (deferred),,outdoors,grass ,3:21,"80,060",Washington Redskins -3.0,49.5 (over),65 degrees, relative humidity 40%," wind 6 mph, wind chill 0"
2012,3,Jacksonville Jaguars,Indianapolis Colts,2012-09-23,1:03PM,Indianapolis,/boxscores/201209230clt.htm,Jaguars,,retractable roof (open),fieldturf ,3:25,"63,536",Indianapolis Colts -3.0,42.0 (under),,,
2012,3,Tennessee Titans,Detroit Lions,2012-09-23,1:03PM,Tennessee,/boxscores/201209230oti.htm,Lions,Titans,outdoors,grass ,3:51,"69,143",Detroit Lions -4.0,47.0 (over),68 degrees, relative humidity 32%, wind 5 mph
2012,3,New York Jets,Miami Dolphins,2012-09-23,1:03PM,Miami,/boxscores/201209230mia.htm,Dolphins (deferred),Jets,outdoors,grass ,4:00,"60,102",New York Jets -3.0,40.5 (over),83 degrees, relative humidity 76%," wind 4 mph, wind chill 0"
2012,3,Chicago Bears,St. Louis Rams,2012-09-23,1:04PM,Chicago,/boxscores/201209230chi.htm,Rams (deferred),,outdoors,grass ,3:06,"62,224",Chicago Bears -7.0,42.0 (under),56 degrees, relative humidity 42%," wind 10 mph, wind chill 0"
2012,3,Dallas Cowboys,Tampa Bay Buccaneers,2012-09-23,1:05PM,Dallas,/boxscores/201209230dal.htm,Buccaneers (deferred),,retractable roof (closed),matrixturf,3:22,"81,984",Dallas Cowboys -7.0,45.5 (under),,,
2012,3,Minnesota Vikings,San Francisco 49ers,2012-09-23,1:05PM,Minnesota,/boxscores/201209230min.htm,49ers (deferred),,dome,sportturf,3:13,"57,288",San Francisco 49ers -7.0,42.5 (under),,,
2012,3,Atlanta Falcons,San Diego Chargers,2012-09-23,4:05PM,San Diego,/boxscores/201209230sdg.htm,Falcons,,outdoors,grass ,2:55,"61,297",San Diego Chargers -3.0,47.5 (under),82 degrees, relative humidity 52%," wind 13 mph, wind chill 0"
2012,3,Arizona Cardinals,Philadelphia Eagles,2012-09-23,4:05PM,Arizona,/boxscores/201209230crd.htm,Eagles,,retractable roof (closed),grass ,3:06,"60,436",Philadelphia Eagles -3.0,42.0 (under),,,
2012,3,Houston Texans,Denver Broncos,2012-09-23,4:25PM,Denver,/boxscores/201209230den.htm,Broncos,,outdoors,grass ,3:27,"76,566",Houston Texans -1.5,43.5 (over),84 degrees, relative humidity 10%," wind 13 mph, wind chill 0"
2012,3,Oakland Raiders,Pittsburgh Steelers,2012-09-23,4:25PM,Oakland,/boxscores/201209230rai.htm,Steelers (deferred),,outdoors,grass ,3:39,"62,373",Pittsburgh Steelers -4.0,45.0 (over),69 degrees, relative humidity 53%," wind 10 mph, wind chill 0"
2012,3,Baltimore Ravens,New England Patriots,2012-09-23,8:31PM,Baltimore,/boxscores/201209230rav.htm,Ravens (deferred),,outdoors,sportturf,3:24,"71,269",Baltimore Ravens -3.0,48.0 (over),67 degrees, relative humidity 39%," wind 5 mph, wind chill 0"
2012,3,Seattle Seahawks,Green Bay Packers,2012-09-24,8:41PM,Seattle,/boxscores/201209240sea.htm,Packers (deferred),,outdoors,fieldturf ,3:16,"68,218",Green Bay Packers -3.5,45.5 (under),67 degrees, relative humidity 49%," wind 3 mph, wind chill 0"
2012,4,Baltimore Ravens,Cleveland Browns,2012-09-27,8:30PM,Baltimore,/boxscores/201209270rav.htm,Ravens (deferred),,outdoors,sportturf,3:15,"70,944",Baltimore Ravens -11.5,43.5 (under),77 degrees, relative humidity 64%," wind 5 mph, wind chill 0"
2012,4,St. Louis Rams,Seattle Seahawks,2012-09-30,1:00PM,St. Louis,/boxscores/201209300ram.htm,Rams (deferred),,dome,astroplay,2:56,"53,193",Seattle Seahawks -2.5,39.0 (under),,,
2012,4,New England Patriots,Buffalo Bills,2012-09-30,1:02PM,Buffalo,/boxscores/201209300buf.htm,Patriots (deferred),,outdoors,a_turf,3:17,"70,684",New England Patriots -4.5,48.5 (over),58 degrees, relative humidity 72%," wind 7 mph, wind chill 0"
2012,4,Atlanta Falcons,Carolina Panthers,2012-09-30,1:03PM,Atlanta,/boxscores/201209300atl.htm,Falcons,,dome,fieldturf ,3:21,"69,594",Atlanta Falcons -7.0,48.0 (over),,,
2012,4,Minnesota Vikings,Detroit Lions,2012-09-30,1:03PM,Detroit,/boxscores/201209300det.htm,Vikings,,dome,fieldturf ,3:01,"63,616",Detroit Lions -4.0,48.5 (under),,,
2012,4,Houston Texans,Tennessee Titans,2012-09-30,1:03PM,Houston,/boxscores/201209300htx.htm,Texans,,retractable roof (closed),grass ,2:54,"71,581",Houston Texans -13.5,45.0 (over),,,
2012,4,San Diego Chargers,Kansas City Chiefs,2012-09-30,1:03PM,Kansas City,/boxscores/201209300kan.htm,Chargers,,outdoors,grass ,3:14,"69,979",San Diego Chargers -2.5,43.5 (over),67 degrees, relative humidity 54%," no wind, wind chill 0"
2012,4,San Francisco 49ers,New York Jets,2012-09-30,1:03PM,New York,/boxscores/201209300nyj.htm,49ers,,outdoors,fieldturf,2:56,"79,088",San Francisco 49ers -4.0,41.0 (under),67 degrees, relative humidity 50%," wind 4 mph, wind chill 0"
2012,4,Cincinnati Bengals,Jacksonville Jaguars,2012-09-30,4:05PM,Jacksonville,/boxscores/201209300jax.htm,Bengals (deferred),,outdoors,grass ,2:46,"63,030",Jacksonville Jaguars -1.5,45.5 (under),86 degrees, relative humidity 62%," wind 7 mph, wind chill 0"
2012,4,Arizona Cardinals,Miami Dolphins,2012-09-30,4:05PM,Arizona,/boxscores/201209300crd.htm,Dolphins (deferred),Cardinals,retractable roof (closed),grass ,3:27,"60,183",Arizona Cardinals -4.0,39.5 (over),,,
2012,4,Denver Broncos,Oakland Raiders,2012-09-30,4:05PM,Denver,/boxscores/201209300den.htm,Raiders (deferred),,outdoors,grass ,2:55,"76,787",Denver Broncos -6.5,47.0 (under),72 degrees, relative humidity 26%," wind 6 mph, wind chill 0"
2012,4,Green Bay Packers,New Orleans Saints,2012-09-30,4:25PM,Green Bay,/boxscores/201209300gnb.htm,Packers,,outdoors,grass ,3:18,"70,571",Green Bay Packers -7.5,54.0 (over),64 degrees, relative humidity 58%," wind 7 mph, wind chill 0"
2012,4,Washington Redskins,Tampa Bay Buccaneers,2012-09-30,4:25PM,Tampa Bay,/boxscores/201209300tam.htm,Redskins (deferred),,outdoors,grass ,3:31,"58,191",Tampa Bay Buccaneers -2.0,45.0 (over),89 degrees, relative humidity 52%, wind 11 mph
2012,4,Philadelphia Eagles,New York Giants,2012-09-30,8:30PM,Philadelphia,/boxscores/201209300phi.htm,Giants,,outdoors,grass ,3:09,"69,144",Philadelphia Eagles -1.5,46.5 (under),63 degrees, relative humidity 59%," wind 6 mph, wind chill 0"
2012,4,Chicago Bears,Dallas Cowboys,2012-10-01,8:40PM,Dallas,/boxscores/201210010dal.htm,Bears (deferred),,retractable roof (closed),matrixturf,2:58,"90,080",Dallas Cowboys -3.0,41.5 (over),,,
2012,5,St. Louis Rams,Arizona Cardinals,2012-10-04,8:20PM,St. Louis,/boxscores/201210040ram.htm,Cardinals (deferred),,dome,astroplay,3:21,"54,653",Arizona Cardinals -1.5,38.0 (under),,,
2012,5,New York Giants,Cleveland Browns,2012-10-07,1:02PM,New York,/boxscores/201210070nyg.htm,Giants,,outdoors,fieldturf,3:05,"79,911",New York Giants -8.0,44.0 (over),51 degrees, relative humidity 84%," wind 2 mph, wind chill 0"
2012,5,Baltimore Ravens,Kansas City Chiefs,2012-10-07,1:02PM,Kansas City,/boxscores/201210070kan.htm,Chiefs,,outdoors,grass ,2:54,"68,803",Baltimore Ravens -6.5,47.0 (under),47 degrees, relative humidity 45%," no wind, wind chill 0"
2012,5,Pittsburgh Steelers,Philadelphia Eagles,2012-10-07,1:02PM,Pittsburgh,/boxscores/201210070pit.htm,Steelers (deferred),,outdoors,grass ,3:02,"64,737",Pittsburgh Steelers -4.0,44.0 (under),48 degrees, relative humidity 68%, wind 4 mph
2012,5,Indianapolis Colts,Green Bay Packers,2012-10-07,1:03PM,Indianapolis,/boxscores/201210070clt.htm,Colts,,retractable roof (closed),fieldturf ,3:38,"67,020",Green Bay Packers -6.5,49.0 (over),,,
2012,5,Miami Dolphins,Cincinnati Bengals,2012-10-07,1:03PM,Cincinnati,/boxscores/201210070cin.htm,Bengals (deferred),,outdoors,fieldturf ,3:06,"61,162",Cincinnati Bengals -3.0,45.0 (under),49 degrees, relative humidity 55%, wind 6 mph
2012,5,Atlanta Falcons,Washington Redskins,2012-10-07,1:04PM,Washington,/boxscores/201210070was.htm,Redskins (deferred),,outdoors,grass ,3:01,"75,337",Atlanta Falcons -3.0,51.0 (under),52 degrees, relative humidity 77%, wind 3 mph
2012,5,Seattle Seahawks,Carolina Panthers,2012-10-07,4:04PM,Carolina,/boxscores/201210070car.htm,Seahawks (deferred),,outdoors,grass ,2:54,"72,676",Carolina Panthers -2.0,42.0 (under),63 degrees, relative humidity 69%," wind 6 mph, wind chill 0"
2012,5,Chicago Bears,Jacksonville Jaguars,2012-10-07,4:05PM,Jacksonville,/boxscores/201210070jax.htm,Jaguars,,outdoors,grass ,3:02,"67,012",Chicago Bears -6.5,40.0 (over),88 degrees, relative humidity 53%," wind 3 mph, wind chill 0"
2012,5,Minnesota Vikings,Tennessee Titans,2012-10-07,4:15PM,Minnesota,/boxscores/201210070min.htm,Titans,,dome,sportturf,3:20,"57,652",Minnesota Vikings -6.0,44.0 (under),,,
2012,5,San Francisco 49ers,Buffalo Bills,2012-10-07,4:25PM,San Francisco,/boxscores/201210070sfo.htm,49ers,,outdoors,grass ,2:56,"69,732",San Francisco 49ers -10.0,45.0 (over),62 degrees, relative humidity 70%," wind 8 mph, wind chill 0"
2012,5,New England Patriots,Denver Broncos,2012-10-07,4:25PM,New England,/boxscores/201210070nwe.htm,Broncos,,outdoors,fieldturf ,3:03,"68,756",New England Patriots -6.0,51.5 (over),54 degrees, relative humidity 65%," wind 4 mph, wind chill 0"
2012,5,New Orleans Saints,San Diego Chargers,2012-10-07,8:31PM,New Orleans,/boxscores/201210070nor.htm,Chargers,,dome,sportturf,3:07,"73,109",New Orleans Saints -3.5,52.5 (over),,,
2012,5,Houston Texans,New York Jets,2012-10-08,8:40PM,New York,/boxscores/201210080nyj.htm,Jets (deferred),,outdoors,fieldturf,3:03,"79,088",Houston Texans -10.0,41.0 (under),52 degrees, relative humidity 69%," wind 4 mph, wind chill 0"
2012,6,Tennessee Titans,Pittsburgh Steelers,2012-10-11,8:29PM,Tennessee,/boxscores/201210110oti.htm,Steelers (deferred),,outdoors,grass ,3:20,"69,143",Pittsburgh Steelers -6.5,43.0 (over),64 degrees, relative humidity 52%, wind 2 mph
2012,6,Tampa Bay Buccaneers,Kansas City Chiefs,2012-10-14,1:00PM,Tampa Bay,/boxscores/201210140tam.htm,Buccaneers (deferred),,outdoors,grass ,3:04,"46,500",Tampa Bay Buccaneers -5.0,39.5 (over),85 degrees, relative humidity 55%, wind 9 mph
2012,6,Miami Dolphins,St. Louis Rams,2012-10-14,1:00PM,Miami,/boxscores/201210140mia.htm,Dolphins (deferred),,outdoors,grass ,3:08,"52,983",Miami Dolphins -5.0,38.0 (under),84 degrees, relative humidity 72%," wind 20 mph, wind chill 0"
2012,6,Atlanta Falcons,Oakland Raiders,2012-10-14,1:01PM,Atlanta,/boxscores/201210140atl.htm,Falcons,,dome,fieldturf ,2:59,"69,383",Atlanta Falcons -10.0,49.0 (under),,,
2012,6,New York Jets,Indianapolis Colts,2012-10-14,1:02PM,New York,/boxscores/201210140nyj.htm,Jets (deferred),,outdoors,fieldturf,2:58,"79,088",New York Jets -3.0,44.0 (push),65 degrees, relative humidity 55%," wind 14 mph, wind chill 0"
2012,6,Baltimore Ravens,Dallas Cowboys,2012-10-14,1:02PM,Baltimore,/boxscores/201210140rav.htm,Cowboys (deferred),,outdoors,sportturf,3:17,"71,384",Baltimore Ravens -3.0,45.0 (over),69 degrees, relative humidity 45%," wind 11 mph, wind chill 0"
2012,6,Cleveland Browns,Cincinnati Bengals,2012-10-14,1:02PM,Cleveland,/boxscores/201210140cle.htm,Browns (deferred),,outdoors,grass ,3:09,"67,060",Cincinnati Bengals -2.0,42.0 (over),70 degrees, relative humidity 65%," wind 19 mph, wind chill 0"
2012,6,Detroit Lions,Philadelphia Eagles,2012-10-14,1:03PM,Philadelphia,/boxscores/201210140phi.htm,Eagles (deferred),Eagles,outdoors,grass ,3:47,"69,144",Philadelphia Eagles -3.5,47.5 (over),66 degrees, relative humidity 58%," wind 15 mph, wind chill 0"
2012,6,Seattle Seahawks,New England Patriots,2012-10-14,4:04PM,Seattle,/boxscores/201210140sea.htm,Seahawks (deferred),,outdoors,fieldturf ,3:12,"68,137",New England Patriots -4.0,42.5 (over),63 degrees, relative humidity 80%," wind 9 mph, wind chill 0"
2012,6,Buffalo Bills,Arizona Cardinals,2012-10-14,4:05PM,Arizona,/boxscores/201210140crd.htm,Cardinals (deferred),Bills,retractable roof (closed),grass ,3:23,"60,385",Arizona Cardinals -5.0,44.0 (under),,,
2012,6,New York Giants,San Francisco 49ers,2012-10-14,4:23PM,San Francisco,/boxscores/201210140sfo.htm,49ers,,outdoors,grass ,3:01,"69,732",San Francisco 49ers -7.0,46.5 (under),61 degrees, relative humidity 80%," wind 7 mph, wind chill 0"
2012,6,Washington Redskins,Minnesota Vikings,2012-10-14,4:24PM,Washington,/boxscores/201210140was.htm,Redskins (deferred),,outdoors,grass ,3:02,"78,476",Minnesota Vikings -2.0,44.0 (over),74 degrees, relative humidity 40%," wind 14 mph, wind chill 0"
2012,6,Green Bay Packers,Houston Texans,2012-10-14,8:30PM,Houston,/boxscores/201210140htx.htm,Texans,,retractable roof (closed),grass ,3:07,"71,702",Houston Texans -4.0,46.5 (over),,,
2012,6,Denver Broncos,San Diego Chargers,2012-10-15,8:40PM,San Diego,/boxscores/201210150sdg.htm,Chargers,,outdoors,grass ,3:07,"68,604",Pick,47.5 (over),78 degrees, relative humidity 50%," wind 7 mph, wind chill 0"
2012,7,San Francisco 49ers,Seattle Seahawks,2012-10-18,8:29PM,San Francisco,/boxscores/201210180sfo.htm,Seahawks (deferred),,outdoors,grass ,2:57,"69,732",San Francisco 49ers -7.5,37.5 (under),80 degrees, relative humidity 30%," wind 15 mph, wind chill 0"
2012,7,Green Bay Packers,St. Louis Rams,2012-10-21,1:00PM,St. Louis,/boxscores/201210210ram.htm,Packers (deferred),,dome,astroplay,3:02,"64,359",Green Bay Packers -5.0,45.0 (over),,,
2012,7,New Orleans Saints,Tampa Bay Buccaneers,2012-10-21,1:02PM,Tampa Bay,/boxscores/201210210tam.htm,Buccaneers (deferred),,outdoors,grass ,3:21,"58,906",New Orleans Saints -1.5,49.5 (over),77 degrees, relative humidity 36%, wind 8 mph
2012,7,Tennessee Titans,Buffalo Bills,2012-10-21,1:02PM,Buffalo,/boxscores/201210210buf.htm,Bills (deferred),,outdoors,a_turf,3:04,"68,836",Buffalo Bills -4.5,46.5 (over),55 degrees, relative humidity 75%," wind 15 mph, wind chill 0"
2012,7,Indianapolis Colts,Cleveland Browns,2012-10-21,1:02PM,Indianapolis,/boxscores/201210210clt.htm,Browns (deferred),,retractable roof (open),fieldturf ,3:00,"64,560",Indianapolis Colts -1.0,46.5 (under),,,
2012,7,Houston Texans,Baltimore Ravens,2012-10-21,1:02PM,Houston,/boxscores/201210210htx.htm,Texans,,retractable roof (closed),grass ,3:10,"71,708",Houston Texans -6.5,47.5 (over),,,
2012,7,Dallas Cowboys,Carolina Panthers,2012-10-21,1:03PM,Carolina,/boxscores/201210210car.htm,Cowboys (deferred),,outdoors,grass ,3:06,"73,981",Dallas Cowboys -2.5,45.0 (under),62 degrees, relative humidity 43%," wind 8 mph, wind chill 0"
2012,7,New York Giants,Washington Redskins,2012-10-21,1:03PM,New York,/boxscores/201210210nyg.htm,Redskins (deferred),,outdoors,fieldturf,3:02,"81,352",New York Giants -6.5,51.5 (under),61 degrees, relative humidity 44%," wind 11 mph, wind chill 0"
2012,7,Minnesota Vikings,Arizona Cardinals,2012-10-21,1:05PM,Minnesota,/boxscores/201210210min.htm,Cardinals (deferred),,dome,sportturf,2:56,"61,068",Minnesota Vikings -6.5,39.5 (under),,,
2012,7,Oakland Raiders,Jacksonville Jaguars,2012-10-21,4:25PM,Oakland,/boxscores/201210210rai.htm,Jaguars,Jaguars,outdoors,grass ,3:24,"51,634",Oakland Raiders -6.0,44.0 (over),62 degrees, relative humidity 49%," wind 11 mph, wind chill 0"
2012,7,New England Patriots,New York Jets,2012-10-21,4:25PM,New England,/boxscores/201210210nwe.htm,Jets (deferred),Patriots,outdoors,fieldturf ,3:26,"68,752",New England Patriots -10.5,47.0 (over),62 degrees, relative humidity 39%," wind 13 mph, wind chill 0"
2012,7,Pittsburgh Steelers,Cincinnati Bengals,2012-10-21,8:30PM,Cincinnati,/boxscores/201210210cin.htm,Bengals (deferred),,outdoors,fieldturf ,3:01,"63,411",Cincinnati Bengals -1.0,45.5 (under),55 degrees, relative humidity 76%," wind 1 mph, wind chill 0"
2012,7,Chicago Bears,Detroit Lions,2012-10-22,8:40PM,Chicago,/boxscores/201210220chi.htm,Lions,,outdoors,grass ,3:13,"62,300",Chicago Bears -6.5,47.0 (under),63 degrees, relative humidity 89%," wind 8 mph, wind chill 0"
2012,8,Tampa Bay Buccaneers,Minnesota Vikings,2012-10-25,8:29PM,Minnesota,/boxscores/201210250min.htm,Buccaneers (deferred),,dome,sportturf,3:20,"60,860",Minnesota Vikings -5.5,43.0 (over),,,
2012,8,Pittsburgh Steelers,Washington Redskins,2012-10-28,1:02PM,Pittsburgh,/boxscores/201210280pit.htm,Steelers,,outdoors,grass ,2:52,"62,371",Pittsburgh Steelers -4.5,44.0 (under),45 degrees, relative humidity 88%, wind 10 mph
2012,8,Atlanta Falcons,Philadelphia Eagles,2012-10-28,1:03PM,Philadelphia,/boxscores/201210280phi.htm,Eagles (deferred),,outdoors,grass ,3:04,"69,144",Philadelphia Eagles -3.0,43.0 (over),58 degrees, relative humidity 75%," wind 16 mph, wind chill 0"
2012,8,Chicago Bears,Carolina Panthers,2012-10-28,1:03PM,Chicago,/boxscores/201210280chi.htm,Bears (deferred),,outdoors,grass ,3:06,"62,254",Chicago Bears -7.5,41.5 (over),49 degrees, relative humidity 51%, wind 18 mph
2012,8,Detroit Lions,Seattle Seahawks,2012-10-28,1:03PM,Detroit,/boxscores/201210280det.htm,Lions,,dome,fieldturf ,2:59,"63,497",Detroit Lions -3.0,42.5 (over),,,
2012,8,Green Bay Packers,Jacksonville Jaguars,2012-10-28,1:05PM,Green Bay,/boxscores/201210280gnb.htm,Packers (deferred),,outdoors,grass ,3:14,"70,464",Green Bay Packers -16.0,45.5 (under),44 degrees, relative humidity 47%, wind 10 mph
2012,8,Indianapolis Colts,Tennessee Titans,2012-10-28,1:06PM,Tennessee,/boxscores/201210280oti.htm,Titans,Colts,outdoors,grass ,3:07,"69,143",Tennessee Titans -3.0,47.0 (under),52 degrees, relative humidity 49%, wind 18 mph
2012,8,Miami Dolphins,New York Jets,2012-10-28,1:06PM,New York,/boxscores/201210280nyj.htm,Jets (deferred),,outdoors,fieldturf,3:07,"79,088",New York Jets -1.0,39.0 (push),60 degrees, relative humidity 62%," wind 9 mph, wind chill 0"
2012,8,Cleveland Browns,San Diego Chargers,2012-10-28,1:06PM,Cleveland,/boxscores/201210280cle.htm,Browns (deferred),,outdoors,grass ,2:57,"65,337",San Diego Chargers -3.0,41.0 (under),44 degrees, relative humidity 89%, wind 19 mph
2012,8,New England Patriots,St. Louis Rams,2012-10-28,1:06PM,St. Louis,/boxscores/201210280ram.htm,Patriots (deferred),,outdoors,astroplay,3:07,"84,004",New England Patriots -7.0,46.0 (over),49 degrees, relative humidity 84%, wind 9 mph
2012,8,Oakland Raiders,Kansas City Chiefs,2012-10-28,4:06PM,Kansas City,/boxscores/201210280kan.htm,Raiders,,outdoors,grass ,3:00,"74,730",Kansas City Chiefs -1.0,42.5 (under),50 degrees, relative humidity 40%, wind 3 mph
2012,8,New York Giants,Dallas Cowboys,2012-10-28,4:25PM,Dallas,/boxscores/201210280dal.htm,Giants,,retractable roof (open),matrixturf,3:25,"94,067",New York Giants -2.5,48.0 (over),,,
2012,8,Denver Broncos,New Orleans Saints,2012-10-28,8:30PM,Denver,/boxscores/201210280den.htm,Saints,,outdoors,grass ,3:03,"76,832",Denver Broncos -6.5,55.0 (under),59 degrees, relative humidity 30%," wind 5 mph, wind chill 0"
2012,8,San Francisco 49ers,Arizona Cardinals,2012-10-29,8:40PM,Arizona,/boxscores/201210290crd.htm,49ers,,retractable roof (closed),grass ,2:52,"62,810",San Francisco 49ers -7.0,38.5 (under),,,
2012,9,San Diego Chargers,Kansas City Chiefs,2012-11-01,8:27PM,San Diego,/boxscores/201211010sdg.htm,Chargers,,outdoors,grass ,2:55,"55,831",San Diego Chargers -7.0,41.0 (over),63 degrees, relative humidity 74%," wind 12 mph, wind chill 0"
2012,9,Houston Texans,Buffalo Bills,2012-11-04,1:02PM,Houston,/boxscores/201211040htx.htm,Texans,,retractable roof (closed),grass ,3:01,"71,698",Houston Texans -11.5,48.0 (under),,,
2012,9,Denver Broncos,Cincinnati Bengals,2012-11-04,1:02PM,Cincinnati,/boxscores/201211040cin.htm,Broncos (deferred),,outdoors,fieldturf ,3:08,"63,623",Denver Broncos -5.5,47.5 (over),48 degrees, relative humidity 59%," wind 1 mph, wind chill 0"
2012,9,Indianapolis Colts,Miami Dolphins,2012-11-04,1:02PM,Indianapolis,/boxscores/201211040clt.htm,Colts,,retractable roof (closed),fieldturf ,3:19,"66,479",Miami Dolphins -2.0,43.5 (under),,,
2012,9,Green Bay Packers,Arizona Cardinals,2012-11-04,1:02PM,Green Bay,/boxscores/201211040gnb.htm,Packers (deferred),,outdoors,grass ,3:14,"70,504",Green Bay Packers -10.5,43.5 (over),39 degrees, relative humidity 57%, wind 7 mph
2012,9,Baltimore Ravens,Cleveland Browns,2012-11-04,1:03PM,Cleveland,/boxscores/201211040cle.htm,Ravens (deferred),,outdoors,grass ,3:02,"65,449",Baltimore Ravens -3.5,44.0 (under),39 degrees, relative humidity 69%, wind 8 mph
2012,9,Chicago Bears,Tennessee Titans,2012-11-04,1:04PM,Tennessee,/boxscores/201211040oti.htm,Titans,,outdoors,grass ,3:07,"69,143",Chicago Bears -5.0,43.5 (over),50 degrees, relative humidity 63%, wind 6 mph
2012,9,Detroit Lions,Jacksonville Jaguars,2012-11-04,1:04PM,Jacksonville,/boxscores/201211040jax.htm,Lions,,outdoors,grass ,2:47,"63,050",Detroit Lions -6.0,44.0 (over),81 degrees, relative humidity 0%," wind 10 mph, wind chill 0"
2012,9,Carolina Panthers,Washington Redskins,2012-11-04,1:05PM,Washington,/boxscores/201211040was.htm,Redskins (deferred),,outdoors,grass ,3:17,"79,767",Washington Redskins -3.0,48.5 (under),50 degrees, relative humidity 44%, wind 3 mph
2012,9,Tampa Bay Buccaneers,Oakland Raiders,2012-11-04,4:05PM,Oakland,/boxscores/201211040rai.htm,Buccaneers (deferred),,outdoors,grass ,3:32,"52,055",Oakland Raiders -1.0,47.5 (over),71 degrees, relative humidity 55%," wind 7 mph, wind chill 0"
2012,9,Seattle Seahawks,Minnesota Vikings,2012-11-04,4:06PM,Seattle,/boxscores/201211040sea.htm,Vikings,,outdoors,fieldturf ,3:00,"67,584",Seattle Seahawks -4.0,38.5 (over),60 degrees, relative humidity 89%," wind 5 mph, wind chill 0"
2012,9,Pittsburgh Steelers,New York Giants,2012-11-04,4:26PM,New York,/boxscores/201211040nyg.htm,Giants,,outdoors,fieldturf,3:03,"80,991",New York Giants -3.5,47.5 (under),44 degrees, relative humidity 58%, wind 5 mph
2012,9,Atlanta Falcons,Dallas Cowboys,2012-11-04,8:31PM,Atlanta,/boxscores/201211040atl.htm,Cowboys (deferred),,dome,fieldturf ,2:54,"70,840",Atlanta Falcons -4.5,47.5 (under),,,
2012,9,New Orleans Saints,Philadelphia Eagles,2012-11-05,8:40PM,New Orleans,/boxscores/201211050nor.htm,Eagles,,dome,sportturf,3:00,"73,099",New Orleans Saints -3.0,52.0 (under),,,
2012,10,Indianapolis Colts,Jacksonville Jaguars,2012-11-08,8:30PM,Jacksonville,/boxscores/201211080jax.htm,Jaguars,,outdoors,grass ,3:03,"63,272",Indianapolis Colts -3.5,43.5 (under),50 degrees, relative humidity 0%, no wind
2012,10,New Orleans Saints,Atlanta Falcons,2012-11-11,1:02PM,New Orleans,/boxscores/201211110nor.htm,Falcons,,dome,sportturf,3:03,"73,126",Atlanta Falcons -1.5,54.0 (over),,,
2012,10,New England Patriots,Buffalo Bills,2012-11-11,1:02PM,New England,/boxscores/201211110nwe.htm,Patriots (deferred),,outdoors,fieldturf ,3:12,"68,756",New England Patriots -13.5,54.0 (over),60 degrees, relative humidity 55%," wind 12 mph, wind chill 0"
2012,10,Denver Broncos,Carolina Panthers,2012-11-11,1:02PM,Carolina,/boxscores/201211110car.htm,Broncos (deferred),,outdoors,grass ,3:11,"73,939",Denver Broncos -4.0,47.0 (over),71 degrees, relative humidity 38%," wind 5 mph, wind chill 0"
2012,10,Baltimore Ravens,Oakland Raiders,2012-11-11,1:02PM,Baltimore,/boxscores/201211110rav.htm,Raiders,,outdoors,sportturf,3:06,"71,339",Baltimore Ravens -7.5,47.5 (over),61 degrees, relative humidity 56%," wind 6 mph, wind chill 0"
2012,10,Cincinnati Bengals,New York Giants,2012-11-11,1:03PM,Cincinnati,/boxscores/201211110cin.htm,Giants (deferred),,outdoors,fieldturf ,3:01,"56,614",New York Giants -4.5,47.5 (under),69 degrees, relative humidity 30%," wind 16 mph, wind chill 0"
2012,10,Tennessee Titans,Miami Dolphins,2012-11-11,1:03PM,Miami,/boxscores/201211110mia.htm,Titans (deferred),,outdoors,grass ,2:54,"60,165",Miami Dolphins -7.0,44.0 (under),78 degrees, relative humidity 52%," wind 20 mph, wind chill 0"
2012,10,Tampa Bay Buccaneers,San Diego Chargers,2012-11-11,1:03PM,Tampa Bay,/boxscores/201211110tam.htm,Buccaneers (deferred),,outdoors,grass ,2:55,"54,813",Tampa Bay Buccaneers -3.0,47.0 (over),80 degrees, relative humidity 51%, wind 10 mph
2012,10,Minnesota Vikings,Detroit Lions,2012-11-11,1:05PM,Minnesota,/boxscores/201211110min.htm,Vikings (deferred),,dome,sportturf,2:58,"64,059",Detroit Lions -3.0,45.5 (over),,,
2012,10,Seattle Seahawks,New York Jets,2012-11-11,4:06PM,Seattle,/boxscores/201211110sea.htm,Jets,,outdoors,fieldturf ,2:54,"67,841",Seattle Seahawks -5.5,38.5 (under),43 degrees, relative humidity 66%," wind 2 mph, wind chill 0"
2012,10,Dallas Cowboys,Philadelphia Eagles,2012-11-11,4:25PM,Philadelphia,/boxscores/201211110phi.htm,Cowboys (deferred),,outdoors,grass ,3:12,"69,144",Dallas Cowboys -2.5,44.5 (over),63 degrees, relative humidity 45%," wind 7 mph, wind chill 0"
2012,10,San Francisco 49ers,St. Louis Rams,2012-11-11,4:25PM,San Francisco,/boxscores/201211110sfo.htm,Rams (deferred),Rams,outdoors,grass ,3:50,"69,732",San Francisco 49ers -13.0,38.0 (over),55 degrees, relative humidity 59%," wind 5 mph, wind chill 0"
2012,10,Houston Texans,Chicago Bears,2012-11-11,8:31PM,Chicago,/boxscores/201211110chi.htm,Bears (deferred),,outdoors,grass ,3:01,"62,410",Chicago Bears -1.0,40.0 (under),54 degrees, relative humidity 90%," wind 8 mph, wind chill 0"
2012,10,Pittsburgh Steelers,Kansas City Chiefs,2012-11-12,8:40PM,Pittsburgh,/boxscores/201211120pit.htm,Steelers (deferred),Chiefs,outdoors,grass ,3:05,"57,644",Pittsburgh Steelers -13.0,40.0 (under),45 degrees, relative humidity 84%, wind 16 mph
2012,11,Buffalo Bills,Miami Dolphins,2012-11-15,8:29PM,Buffalo,/boxscores/201211150buf.htm,Bills (deferred),,outdoors,a_turf,3:04,"69,118",Buffalo Bills -2.5,46.0 (under),35 degrees, relative humidity 73%, wind 5 mph
2012,11,New York Jets,St. Louis Rams,2012-11-18,1:00PM,St. Louis,/boxscores/201211180ram.htm,Rams (deferred),,dome,astroplay,2:59,"57,711",St. Louis Rams -3.5,38.5 (over),,,
2012,11,Green Bay Packers,Detroit Lions,2012-11-18,1:02PM,Detroit,/boxscores/201211180det.htm,Lions,,dome,fieldturf ,3:15,"63,716",Green Bay Packers -3.0,53.5 (under),,,
2012,11,Atlanta Falcons,Arizona Cardinals,2012-11-18,1:03PM,Atlanta,/boxscores/201211180atl.htm,Cardinals (deferred),,dome,fieldturf ,3:12,"69,630",Atlanta Falcons -9.5,44.0 (under),,,
2012,11,Cincinnati Bengals,Kansas City Chiefs,2012-11-18,1:03PM,Kansas City,/boxscores/201211180kan.htm,Bengals (deferred),,outdoors,grass ,2:56,"63,336",Cincinnati Bengals -3.0,42.5 (under),59 degrees, relative humidity 37%," wind 15 mph, wind chill 0"
2012,11,Houston Texans,Jacksonville Jaguars,2012-11-18,1:03PM,Houston,/boxscores/201211180htx.htm,Texans,Texans,retractable roof (closed),grass ,3:49,"71,676",Houston Texans -15.5,40.5 (over),,,
2012,11,Washington Redskins,Philadelphia Eagles,2012-11-18,1:03PM,Washington,/boxscores/201211180was.htm,Eagles,,outdoors,grass ,3:09,"79,327",Washington Redskins -3.5,46.0 (under),52 degrees, relative humidity 55%," wind 9 mph, wind chill 0"
2012,11,Tampa Bay Buccaneers,Carolina Panthers,2012-11-18,1:04PM,Carolina,/boxscores/201211180car.htm,Buccaneers (deferred),Buccaneers,outdoors,grass ,3:38,"72,603",Tampa Bay Buccaneers -1.5,47.0 (over),53 degrees, relative humidity 15%," wind 9 mph, wind chill 0"
2012,11,Dallas Cowboys,Cleveland Browns,2012-11-18,1:04PM,Dallas,/boxscores/201211180dal.htm,Browns (deferred),Cowboys,retractable roof (closed),matrixturf,3:47,"81,936",Dallas Cowboys -7.0,43.5 (under),,,
2012,11,New Orleans Saints,Oakland Raiders,2012-11-18,4:05PM,Oakland,/boxscores/201211180rai.htm,Raiders,,outdoors,grass ,3:11,"56,880",New Orleans Saints -6.5,56.0 (under),61 degrees, relative humidity 62%," wind 3 mph, wind chill 0"
2012,11,New England Patriots,Indianapolis Colts,2012-11-18,4:25PM,New England,/boxscores/201211180nwe.htm,Patriots (deferred),,outdoors,fieldturf ,3:03,"68,756",New England Patriots -10.0,55.0 (over),42 degrees, relative humidity 62%, wind 14 mph
2012,11,Denver Broncos,San Diego Chargers,2012-11-18,4:25PM,Denver,/boxscores/201211180den.htm,Broncos (deferred),,outdoors,grass ,3:23,"76,769",Denver Broncos -7.5,48.0 (over),62 degrees, relative humidity 22%," wind 3 mph, wind chill 0"
2012,11,Baltimore Ravens,Pittsburgh Steelers,2012-11-18,8:30PM,Pittsburgh,/boxscores/201211180pit.htm,Ravens (deferred),,outdoors,grass ,3:06,"63,446",Baltimore Ravens -3.0,40.5 (under),46 degrees, relative humidity 52%, wind 5 mph
2012,11,San Francisco 49ers,Chicago Bears,2012-11-19,8:40PM,San Francisco,/boxscores/201211190sfo.htm,Bears (deferred),,outdoors,grass ,2:53,"69,732",San Francisco 49ers -5.0,35.0 (over),64 degrees, relative humidity 52%," wind 12 mph, wind chill 0"
2012,12,Houston Texans,Detroit Lions,2012-11-22,12:39PM,Detroit,/boxscores/201211220det.htm,Lions,Lions,dome,fieldturf ,4:00,"64,827",Houston Texans -4.0,49.0 (over),,,
2012,12,Washington Redskins,Dallas Cowboys,2012-11-22,4:41PM,Dallas,/boxscores/201211220dal.htm,Redskins,,retractable roof (closed),matrixturf,3:29,"90,166",Dallas Cowboys -3.5,47.5 (over),,,
2012,12,New England Patriots,New York Jets,2012-11-22,8:31PM,New York,/boxscores/201211220nyj.htm,Jets (deferred),,outdoors,fieldturf,3:02,"79,088",New England Patriots -7.0,48.5 (over),46 degrees, relative humidity 72%," wind 2 mph, wind chill 0"
2012,12,Chicago Bears,Minnesota Vikings,2012-11-25,1:00PM,Chicago,/boxscores/201211250chi.htm,Bears (deferred),,outdoors,grass ,3:08,"62,306",Chicago Bears -6.5,39.0 (under),41 degrees, relative humidity 26%, wind 5 mph
2012,12,Atlanta Falcons,Tampa Bay Buccaneers,2012-11-25,1:02PM,Tampa Bay,/boxscores/201211250tam.htm,Buccaneers (deferred),,outdoors,grass ,2:52,"54,400",Atlanta Falcons -1.5,51.5 (under),65 degrees, relative humidity 30%, wind 7 mph
2012,12,Cincinnati Bengals,Oakland Raiders,2012-11-25,1:02PM,Cincinnati,/boxscores/201211250cin.htm,Bengals (deferred),,outdoors,fieldturf ,3:11,"56,503",Cincinnati Bengals -8.0,51.0 (under),41 degrees, relative humidity 47%, wind 9 mph
2012,12,Cleveland Browns,Pittsburgh Steelers,2012-11-25,1:02PM,Cleveland,/boxscores/201211250cle.htm,Steelers (deferred),,outdoors,grass ,3:09,"69,661",Pittsburgh Steelers -2.0,33.5 (over),34 degrees, relative humidity 65%," wind 10 mph, wind chill 26"
2012,12,Indianapolis Colts,Buffalo Bills,2012-11-25,1:03PM,Indianapolis,/boxscores/201211250clt.htm,Bills (deferred),,retractable roof (closed),fieldturf ,3:08,"64,366",Indianapolis Colts -3.0,51.5 (under),,,
2012,12,Denver Broncos,Kansas City Chiefs,2012-11-25,1:03PM,Kansas City,/boxscores/201211250kan.htm,Chiefs,,outdoors,grass ,2:59,"74,244",Denver Broncos -10.5,42.5 (under),52 degrees, relative humidity 38%," wind 5 mph, wind chill 0"
2012,12,Jacksonville Jaguars,Tennessee Titans,2012-11-25,1:03PM,Jacksonville,/boxscores/201211250jax.htm,Jaguars,,outdoors,grass ,3:03,"63,323",Tennessee Titans -3.5,45.0 (under),60 degrees, relative humidity 0%," wind 4 mph, wind chill 0"
2012,12,Miami Dolphins,Seattle Seahawks,2012-11-25,1:03PM,Miami,/boxscores/201211250mia.htm,Dolphins (deferred),,outdoors,grass ,2:55,"51,295",Seattle Seahawks -3.0,38.0 (over),72 degrees, relative humidity 51%," wind 6 mph, wind chill 0"
2012,12,Baltimore Ravens,San Diego Chargers,2012-11-25,4:05PM,San Diego,/boxscores/201211250sdg.htm,Ravens (deferred),Chargers,outdoors,grass ,3:49,"57,882",Baltimore Ravens -1.0,47.0 (under),59 degrees, relative humidity 82%," wind 1 mph, wind chill 0"
2012,12,St. Louis Rams,Arizona Cardinals,2012-11-25,4:25PM,Arizona,/boxscores/201211250crd.htm,Cardinals (deferred),,retractable roof (closed),grass ,3:08,"60,062",Arizona Cardinals -1.0,36.5 (over),,,
2012,12,San Francisco 49ers,New Orleans Saints,2012-11-25,4:25PM,New Orleans,/boxscores/201211250nor.htm,Saints,,dome,sportturf,3:18,"73,147",San Francisco 49ers -1.5,50.0 (over),,,
2012,12,New York Giants,Green Bay Packers,2012-11-25,8:30PM,New York,/boxscores/201211250nyg.htm,Giants,,outdoors,fieldturf,3:00,"80,365",New York Giants -2.5,51.5 (under),34 degrees, relative humidity 60%," wind 17 mph, wind chill 23"
2012,12,Carolina Panthers,Philadelphia Eagles,2012-11-26,8:32PM,Philadelphia,/boxscores/201211260phi.htm,Eagles,,outdoors,grass ,3:03,"69,144",Carolina Panthers -3.0,42.0 (over),36 degrees, relative humidity 42%," wind 2 mph, wind chill 0"
2012,13,Atlanta Falcons,New Orleans Saints,2012-11-29,8:29PM,Atlanta,/boxscores/201211290atl.htm,Falcons,,dome,fieldturf ,3:09,"70,514",Atlanta Falcons -3.5,55.0 (under),,,
2012,13,St. Louis Rams,San Francisco 49ers,2012-12-02,1:00PM,St. Louis,/boxscores/201212020ram.htm,Rams,Rams,dome,astroplay,3:36,"57,279",San Francisco 49ers -8.0,41.0 (under),,,
2012,13,Buffalo Bills,Jacksonville Jaguars,2012-12-02,1:02PM,Buffalo,/boxscores/201212020buf.htm,Bills (deferred),,outdoors,a_turf,3:06,"53,971",Buffalo Bills -6.0,42.0 (over),52 degrees, relative humidity 87%," wind 17 mph, wind chill 0"
2012,13,Green Bay Packers,Minnesota Vikings,2012-12-02,1:02PM,Green Bay,/boxscores/201212020gnb.htm,Vikings (deferred),,outdoors,grass ,2:58,"70,567",Green Bay Packers -7.5,47.0 (under),45 degrees, relative humidity 79%, wind 8 mph
2012,13,Houston Texans,Tennessee Titans,2012-12-02,1:02PM,Tennessee,/boxscores/201212020oti.htm,Texans,,outdoors,grass ,3:09,"69,143",Houston Texans -7.0,47.0 (under),66 degrees, relative humidity 60%, wind 19 mph
2012,13,New England Patriots,Miami Dolphins,2012-12-02,1:02PM,Miami,/boxscores/201212020mia.htm,Patriots (deferred),,outdoors,grass ,3:08,"72,114",New England Patriots -9.0,51.5 (under),77 degrees, relative humidity 66%," wind 18 mph, wind chill 0"
2012,13,Kansas City Chiefs,Carolina Panthers,2012-12-02,1:03PM,Kansas City,/boxscores/201212020kan.htm,Chiefs,,outdoors,grass ,2:56,"62,860",Carolina Panthers -6.0,41.0 (over),61 degrees, relative humidity 60%," no wind, wind chill 0"
2012,13,Seattle Seahawks,Chicago Bears,2012-12-02,1:03PM,Chicago,/boxscores/201212020chi.htm,Bears (deferred),Seahawks,outdoors,grass ,3:19,"62,264",Chicago Bears -3.5,37.0 (over),61 degrees, relative humidity 76%," wind 4 mph, wind chill 0"
2012,13,Indianapolis Colts,Detroit Lions,2012-12-02,1:03PM,Detroit,/boxscores/201212020det.htm,Lions,,dome,fieldturf ,3:29,"63,887",Detroit Lions -7.0,51.0 (over),,,
2012,13,New York Jets,Arizona Cardinals,2012-12-02,1:03PM,New York,/boxscores/201212020nyj.htm,Jets (deferred),,outdoors,fieldturf,2:58,"79,088",New York Jets -6.0,36.5 (under),46 degrees, relative humidity 89%, wind 6 mph
2012,13,Denver Broncos,Tampa Bay Buccaneers,2012-12-02,4:05PM,Denver,/boxscores/201212020den.htm,Broncos (deferred),,outdoors,grass ,3:12,"76,432",Denver Broncos -7.5,50.0 (over),64 degrees, relative humidity 16%," wind 4 mph, wind chill 0"
2012,13,Cincinnati Bengals,San Diego Chargers,2012-12-02,4:25PM,San Diego,/boxscores/201212020sdg.htm,Chargers (deferred),,outdoors,grass ,3:11,"54,980",Cincinnati Bengals -2.5,46.0 (under),66 degrees, relative humidity 65%," wind 14 mph, wind chill 0"
2012,13,Cleveland Browns,Oakland Raiders,2012-12-02,4:25PM,Oakland,/boxscores/201212020rai.htm,Browns (deferred),,outdoors,grass ,3:03,"43,641",Cleveland Browns -2.5,39.5 (under),61 degrees, relative humidity 84%," wind 21 mph, wind chill 0"
2012,13,Pittsburgh Steelers,Baltimore Ravens,2012-12-02,4:25PM,Baltimore,/boxscores/201212020rav.htm,Steelers (deferred),,outdoors,sportturf,3:02,"71,442",Baltimore Ravens -7.5,36.5 (over),57 degrees, relative humidity 62%," wind 9 mph, wind chill 0"
2012,13,Dallas Cowboys,Philadelphia Eagles,2012-12-02,8:20PM,Dallas,/boxscores/201212020dal.htm,Eagles,,retractable roof (closed),matrixturf,3:17,"81,851",Dallas Cowboys -10.5,44.0 (over),,,
2012,13,Washington Redskins,New York Giants,2012-12-03,8:40PM,Washington,/boxscores/201212030was.htm,Redskins,,outdoors,grass ,3:02,"80,246",New York Giants -3.0,50.0 (under),55 degrees, relative humidity 98%," wind 1 mph, wind chill 0"
2012,14,Denver Broncos,Oakland Raiders,2012-12-06,8:30PM,Oakland,/boxscores/201212060rai.htm,Raiders (deferred),,outdoors,grass ,2:59,"53,807",Denver Broncos -10.5,47.0 (under),57 degrees, relative humidity 73%," wind 7 mph, wind chill 0"
2012,14,St. Louis Rams,Buffalo Bills,2012-12-09,1:02PM,Buffalo,/boxscores/201212090buf.htm,Rams (deferred),,outdoors,a_turf,2:57,"68,109",Buffalo Bills -3.0,42.5 (under),37 degrees, relative humidity 74%," wind 14 mph, wind chill 28"
2012,14,Cleveland Browns,Kansas City Chiefs,2012-12-09,1:02PM,Cleveland,/boxscores/201212090cle.htm,Browns (deferred),,outdoors,grass ,2:52,"62,422",Cleveland Browns -7.0,38.0 (under),44 degrees, relative humidity 70%, wind 5 mph
2012,14,Indianapolis Colts,Tennessee Titans,2012-12-09,1:02PM,Indianapolis,/boxscores/201212090clt.htm,Titans,,retractable roof (closed),fieldturf ,3:05,"64,688",Indianapolis Colts -4.0,47.0 (over),,,
2012,14,New York Jets,Jacksonville Jaguars,2012-12-09,1:02PM,Jacksonville,/boxscores/201212090jax.htm,Jaguars (deferred),,outdoors,grass ,3:06,"67,027",New York Jets -3.0,39.0 (under),67 degrees, relative humidity 0%," wind 10 mph, wind chill 0"
2012,14,San Diego Chargers,Pittsburgh Steelers,2012-12-09,1:02PM,Pittsburgh,/boxscores/201212090pit.htm,Chargers (deferred),,outdoors,grass ,3:24,"61,359",Pittsburgh Steelers -7.5,38.0 (over),45 degrees, relative humidity 80%, wind 10 mph
2012,14,Dallas Cowboys,Cincinnati Bengals,2012-12-09,1:03PM,Cincinnati,/boxscores/201212090cin.htm,Cowboys,,outdoors,fieldturf ,3:16,"63,590",Cincinnati Bengals -3.5,46.0 (under),53 degrees, relative humidity 96%," wind 6 mph, wind chill 0"
2012,14,Philadelphia Eagles,Tampa Bay Buccaneers,2012-12-09,1:03PM,Tampa Bay,/boxscores/201212090tam.htm,Eagles,,outdoors,grass ,3:24,"64,941",Tampa Bay Buccaneers -7.0,48.0 (under),69 degrees, relative humidity 92%, wind 1 mph
2012,14,Washington Redskins,Baltimore Ravens,2012-12-09,1:03PM,Washington,/boxscores/201212090was.htm,Ravens (deferred),Ravens,outdoors,grass ,3:19,"81,178",Washington Redskins -1.5,48.0 (over),51 degrees, relative humidity 95%," wind 7 mph, wind chill 0"
2012,14,Carolina Panthers,Atlanta Falcons,2012-12-09,1:04PM,Carolina,/boxscores/201212090car.htm,Panthers,,outdoors,grass ,2:58,"73,292",Atlanta Falcons -3.5,47.0 (over),70 degrees, relative humidity 50%," wind 4 mph, wind chill 0"
2012,14,Minnesota Vikings,Chicago Bears,2012-12-09,1:05PM,Minnesota,/boxscores/201212090min.htm,Vikings,,dome,sportturf,3:07,"64,134",Chicago Bears -1.5,40.5 (under),,,
2012,14,San Francisco 49ers,Miami Dolphins,2012-12-09,4:05PM,San Francisco,/boxscores/201212090sfo.htm,Dolphins (deferred),,outdoors,grass ,2:56,"69,732",San Francisco 49ers -10.5,38.5 (over),62 degrees, relative humidity 44%," wind 3 mph, wind chill 0"
2012,14,Seattle Seahawks,Arizona Cardinals,2012-12-09,4:26PM,Seattle,/boxscores/201212090sea.htm,Seahawks (deferred),,outdoors,fieldturf ,3:08,"67,685",Seattle Seahawks -10.0,36.0 (over),48 degrees, relative humidity 82%, wind 8 mph
2012,14,New York Giants,New Orleans Saints,2012-12-09,4:26PM,New York,/boxscores/201212090nyg.htm,Giants,,outdoors,fieldturf,3:12,"81,437",New York Giants -4.5,51.5 (over),42 degrees, relative humidity 88%, wind 1 mph
2012,14,Green Bay Packers,Detroit Lions,2012-12-09,8:30PM,Green Bay,/boxscores/201212090gnb.htm,Lions,,outdoors,grass ,3:08,"70,382",Green Bay Packers -6.5,49.0 (under),33 degrees, relative humidity 92%," wind 10 mph, wind chill 25"
2012,14,New England Patriots,Houston Texans,2012-12-10,8:40PM,New England,/boxscores/201212100nwe.htm,Patriots (deferred),,outdoors,fieldturf ,2:58,"68,756",New England Patriots -5.5,51.0 (over),59 degrees, relative humidity 91%," wind 7 mph, wind chill 0"
2012,15,Cincinnati Bengals,Philadelphia Eagles,2012-12-13,8:30PM,Philadelphia,/boxscores/201212130phi.htm,Eagles,,outdoors,grass ,3:16,"69,144",Cincinnati Bengals -5.0,45.0 (over),36 degrees, relative humidity 55%," wind 1 mph, wind chill 0"
2012,15,Minnesota Vikings,St. Louis Rams,2012-12-16,1:00PM,St. Louis,/boxscores/201212160ram.htm,Vikings (deferred),,dome,astroplay,3:12,"55,751",St. Louis Rams -2.5,39.5 (over),,,
2012,15,Houston Texans,Indianapolis Colts,2012-12-16,1:02PM,Houston,/boxscores/201212160htx.htm,Texans,,retractable roof (closed),grass ,3:04,"71,702",Houston Texans -10.5,48.0 (under),,,
2012,15,Denver Broncos,Baltimore Ravens,2012-12-16,1:02PM,Baltimore,/boxscores/201212160rav.htm,Ravens (deferred),,outdoors,sportturf,3:05,"71,317",Denver Broncos -3.0,48.0 (over),53 degrees, relative humidity 74%," wind 7 mph, wind chill 0"
2012,15,Atlanta Falcons,New York Giants,2012-12-16,1:03PM,Atlanta,/boxscores/201212160atl.htm,Giants,,dome,fieldturf ,2:46,"70,741",Pick,50.0 (under),,,
2012,15,Green Bay Packers,Chicago Bears,2012-12-16,1:03PM,Chicago,/boxscores/201212160chi.htm,Packers (deferred),,outdoors,grass ,2:58,"62,534",Green Bay Packers -3.0,43.5 (under),44 degrees, relative humidity 79%, wind 9 mph
2012,15,Washington Redskins,Cleveland Browns,2012-12-16,1:03PM,Cleveland,/boxscores/201212160cle.htm,Browns (deferred),,outdoors,grass ,3:06,"65,083",Cleveland Browns -4.0,40.5 (over),59 degrees, relative humidity 67%, wind 18 mph
2012,15,Miami Dolphins,Jacksonville Jaguars,2012-12-16,1:03PM,Miami,/boxscores/201212160mia.htm,Dolphins (deferred),,outdoors,grass ,2:56,"53,667",Miami Dolphins -7.5,38.0 (under),80 degrees, relative humidity 60%," wind 13 mph, wind chill 0"
2012,15,New Orleans Saints,Tampa Bay Buccaneers,2012-12-16,1:03PM,New Orleans,/boxscores/201212160nor.htm,Saints,,dome,sportturf,3:05,"73,096",New Orleans Saints -3.5,55.0 (under),,,
2012,15,Seattle Seahawks,Buffalo Bills,2012-12-16,4:05PM,Buffalo,/boxscores/201212160buf.htm,Bills (deferred),,dome,a_turf,3:05,"40,770",Seattle Seahawks -5.0,44.0 (over),,,
2012,15,Carolina Panthers,San Diego Chargers,2012-12-16,4:05PM,San Diego,/boxscores/201212160sdg.htm,Panthers,,outdoors,grass ,2:57,"53,832",San Diego Chargers -3.0,45.5 (under),59 degrees, relative humidity 64%," wind 6 mph, wind chill 0"
2012,15,Arizona Cardinals,Detroit Lions,2012-12-16,4:05PM,Arizona,/boxscores/201212160crd.htm,Lions (deferred),,retractable roof (closed),grass ,3:12,"60,483",Detroit Lions -6.5,43.5 (over),,,
2012,15,Dallas Cowboys,Pittsburgh Steelers,2012-12-16,4:25PM,Dallas,/boxscores/201212160dal.htm,Steelers,Steelers,retractable roof (closed),matrixturf,3:26,"95,595",Pittsburgh Steelers -2.5,46.0 (over),,,
2012,15,Oakland Raiders,Kansas City Chiefs,2012-12-16,4:25PM,Oakland,/boxscores/201212160rai.htm,Chiefs (deferred),,outdoors,grass ,2:50,"51,446",Oakland Raiders -4.5,44.0 (under),54 degrees, relative humidity 77%," wind 2 mph, wind chill 0"
2012,15,San Francisco 49ers,New England Patriots,2012-12-16,8:30PM,New England,/boxscores/201212160nwe.htm,49ers (deferred),,outdoors,fieldturf ,3:40,"68,756",New England Patriots -5.0,47.5 (over),34 degrees, relative humidity 100%," wind 5 mph, wind chill 29"
2012,15,Tennessee Titans,New York Jets,2012-12-17,8:40PM,Tennessee,/boxscores/201212170oti.htm,Titans,,outdoors,grass ,2:59,"69,143",Tennessee Titans -1.0,42.0 (under),54 degrees, relative humidity 83%, wind 10 mph
2012,16,Atlanta Falcons,Detroit Lions,2012-12-22,8:40PM,Detroit,/boxscores/201212220det.htm,Lions,,dome,fieldturf ,2:58,"63,849",Atlanta Falcons -4.0,50.5 (under),,,
2012,16,Miami Dolphins,Buffalo Bills,2012-12-23,1:02PM,Miami,/boxscores/201212230mia.htm,Bills (deferred),,outdoors,grass ,3:10,"54,462",Miami Dolphins -5.0,43.0 (under),73 degrees, relative humidity 47%," wind 8 mph, wind chill 0"
2012,16,Cincinnati Bengals,Pittsburgh Steelers,2012-12-23,1:02PM,Pittsburgh,/boxscores/201212230pit.htm,Bengals (deferred),,outdoors,grass ,3:15,"63,236",Pittsburgh Steelers -3.5,40.0 (under),35 degrees, relative humidity 56%," wind 10 mph, wind chill 27"
2012,16,New Orleans Saints,Dallas Cowboys,2012-12-23,1:02PM,Dallas,/boxscores/201212230dal.htm,Saints,Cowboys,retractable roof (closed),matrixturf,3:37,"92,570",Dallas Cowboys -3.0,54.5 (over),,,
2012,16,Green Bay Packers,Tennessee Titans,2012-12-23,1:02PM,Green Bay,/boxscores/201212230gnb.htm,Titans,,outdoors,grass ,3:06,"70,508",Green Bay Packers -11.0,44.5 (over),24 degrees, relative humidity 68%," wind 9 mph, wind chill 14"
2012,16,New England Patriots,Jacksonville Jaguars,2012-12-23,1:02PM,Jacksonville,/boxscores/201212230jax.htm,Patriots (deferred),,outdoors,grass ,3:02,"70,251",New England Patriots -14.5,51.0 (under),58 degrees, relative humidity 0%," no wind, wind chill 0"
2012,16,Indianapolis Colts,Kansas City Chiefs,2012-12-23,1:03PM,Kansas City,/boxscores/201212230kan.htm,Colts,,outdoors,grass ,3:04,"62,938",Indianapolis Colts -6.0,41.5 (under),25 degrees, relative humidity 74%," wind 6 mph, wind chill 18"
2012,16,Minnesota Vikings,Houston Texans,2012-12-23,1:03PM,Houston,/boxscores/201212230htx.htm,Texans,,retractable roof (closed),grass ,2:51,"71,688",Houston Texans -7.5,43.5 (under),,,
2012,16,San Diego Chargers,New York Jets,2012-12-23,1:03PM,New York,/boxscores/201212230nyj.htm,Chargers (deferred),,outdoors,fieldturf,3:11,"79,088",New York Jets -3.0,38.0 (over),39 degrees, relative humidity 54%, wind 13 mph
2012,16,Washington Redskins,Philadelphia Eagles,2012-12-23,1:03PM,Philadelphia,/boxscores/201212230phi.htm,Eagles,,outdoors,grass ,2:53,"69,144",Washington Redskins -6.0,46.0 (over),40 degrees, relative humidity 52%, wind 11 mph
2012,16,St. Louis Rams,Tampa Bay Buccaneers,2012-12-23,1:03PM,Tampa Bay,/boxscores/201212230tam.htm,Rams (deferred),,outdoors,grass ,3:03,"51,535",Tampa Bay Buccaneers -3.0,44.0 (under),59 degrees, relative humidity 28%, wind 8 mph
2012,16,Carolina Panthers,Oakland Raiders,2012-12-23,1:04PM,Carolina,/boxscores/201212230car.htm,Raiders (deferred),,outdoors,grass ,2:55,"73,026",Carolina Panthers -9.5,47.0 (under),53 degrees, relative humidity 43%, wind 3 mph
2012,16,Denver Broncos,Cleveland Browns,2012-12-23,4:05PM,Denver,/boxscores/201212230den.htm,Browns (deferred),,outdoors,grass ,3:07,"76,351",Denver Broncos -11.0,44.0 (over),51 degrees, relative humidity 22%," wind 15 mph, wind chill 0"
2012,16,Chicago Bears,Arizona Cardinals,2012-12-23,4:25PM,Arizona,/boxscores/201212230crd.htm,Bears (deferred),,retractable roof (closed),grass ,3:04,"62,734",Chicago Bears -7.0,36.5 (over),,,
2012,16,Baltimore Ravens,New York Giants,2012-12-23,4:25PM,Baltimore,/boxscores/201212230rav.htm,Giants,,outdoors,sportturf,3:04,"71,470",New York Giants -2.5,47.0 (push),51 degrees, relative humidity 33%, wind 7 mph
2012,16,Seattle Seahawks,San Francisco 49ers,2012-12-23,8:31PM,Seattle,/boxscores/201212230sea.htm,Seahawks (deferred),,outdoors,fieldturf ,3:02,"68,161",Seattle Seahawks -2.0,40.5 (over),45 degrees, relative humidity 76%, wind 3 mph
2012,17,Tampa Bay Buccaneers,Atlanta Falcons,2012-12-30,1:02PM,Atlanta,/boxscores/201212300atl.htm,Falcons,,dome,fieldturf ,2:58,"69,644",Atlanta Falcons -3.0,46.0 (under),,,
2012,17,Buffalo Bills,New York Jets,2012-12-30,1:02PM,Buffalo,/boxscores/201212300buf.htm,Bills (deferred),,outdoors,a_turf,3:03,"54,533",Buffalo Bills -3.5,41.0 (under),28 degrees, relative humidity 53%," wind 18 mph, wind chill 15"
2012,17,Pittsburgh Steelers,Cleveland Browns,2012-12-30,1:02PM,Pittsburgh,/boxscores/201212300pit.htm,Browns (deferred),,outdoors,grass ,2:52,"51,831",Pittsburgh Steelers -9.5,36.0 (under),28 degrees, relative humidity 78%," wind 12 mph, wind chill 18"
2012,17,Indianapolis Colts,Houston Texans,2012-12-30,1:02PM,Indianapolis,/boxscores/201212300clt.htm,Colts,,retractable roof (closed),fieldturf ,2:59,"66,957",Houston Texans -6.0,47.0 (under),,,
2012,17,Tennessee Titans,Jacksonville Jaguars,2012-12-30,1:02PM,Tennessee,/boxscores/201212300oti.htm,Titans,,outdoors,grass ,3:00,"69,143",Tennessee Titans -5.5,42.0 (over),39 degrees, relative humidity 50%, wind 4 mph
2012,17,Carolina Panthers,New Orleans Saints,2012-12-30,1:03PM,New Orleans,/boxscores/201212300nor.htm,Panthers,,dome,sportturf,3:24,"73,124",New Orleans Saints -4.0,54.0 (over),,,
2012,17,Chicago Bears,Detroit Lions,2012-12-30,1:03PM,Detroit,/boxscores/201212300det.htm,Bears (deferred),,dome,fieldturf ,3:02,"64,451",Chicago Bears -3.0,46.0 (over),,,
2012,17,Cincinnati Bengals,Baltimore Ravens,2012-12-30,1:03PM,Cincinnati,/boxscores/201212300cin.htm,Bengals (deferred),,outdoors,fieldturf ,3:13,"61,565",Cincinnati Bengals -3.0,42.5 (under),26 degrees, relative humidity 72%," wind 8 mph, wind chill 18"
2012,17,New York Giants,Philadelphia Eagles,2012-12-30,1:04PM,New York,/boxscores/201212300nyg.htm,Giants,,outdoors,fieldturf,2:49,"80,657",New York Giants -6.5,44.5 (over),32 degrees, relative humidity 50%," wind 13 mph, wind chill 22"
2012,17,San Diego Chargers,Oakland Raiders,2012-12-30,4:21PM,San Diego,/boxscores/201212300sdg.htm,Raiders (deferred),,outdoors,grass ,3:04,"66,486",San Diego Chargers -8.0,41.5 (over),50 degrees, relative humidity 80%, wind 3 mph
2012,17,San Francisco 49ers,Arizona Cardinals,2012-12-30,4:25PM,San Francisco,/boxscores/201212300sfo.htm,49ers (deferred),,outdoors,grass ,2:50,"69,732",San Francisco 49ers -16.5,39.5 (over),50 degrees, relative humidity 70%, wind 5 mph
2012,17,Denver Broncos,Kansas City Chiefs,2012-12-30,4:25PM,Denver,/boxscores/201212300den.htm,Chiefs,,outdoors,grass ,2:45,"76,502",Denver Broncos -17.0,41.5 (under),35 degrees, relative humidity 41%," wind 10 mph, wind chill 27"
2012,17,Minnesota Vikings,Green Bay Packers,2012-12-30,4:25PM,Minnesota,/boxscores/201212300min.htm,Packers (deferred),,dome,sportturf,3:20,"64,134",Green Bay Packers -3.0,46.0 (over),,,
2012,17,New England Patriots,Miami Dolphins,2012-12-30,4:25PM,New England,/boxscores/201212300nwe.htm,Dolphins (deferred),,outdoors,fieldturf ,2:56,"68,756",New England Patriots -10.0,46.5 (under),28 degrees, relative humidity 45%," wind 15 mph, wind chill 16"
2012,17,Seattle Seahawks,St. Louis Rams,2012-12-30,4:26PM,Seattle,/boxscores/201212300sea.htm,Seahawks (deferred),,outdoors,fieldturf ,3:18,"67,936",Seattle Seahawks -12.0,42.5 (under),41 degrees, relative humidity 77%," wind 1 mph, wind chill 0"
2012,17,Washington Redskins,Dallas Cowboys,2012-12-30,8:31PM,Washington,/boxscores/201212300was.htm,Redskins,,outdoors,grass ,2:57,"82,845",Washington Redskins -3.0,49.0 (under),37 degrees, relative humidity 53%," wind 9 mph, wind chill 30"
