year,week,team_1,team_2,date,time,location,boxscore_url,won_toss,won_OT_toss,roof,surface,duration,attendance,vegas_line,over_under,temp,humidity,wind
2024,1,Kansas City Chiefs,Baltimore Ravens,2024-09-05,8:20PM,Kansas City,/boxscores/202409050kan.htm,Chiefs (deferred),,outdoors,grass,3:10,"73,611",Kansas City Chiefs -3.0,47.0 (push),67 degrees, relative humidity 53%, wind 8 mph
2024,1,Philadelphia Eagles,Green Bay Packers,2024-09-06,8:15PM,Philadelphia,/boxscores/202409060phi.htm,Packers,,,,3:29,"47,236",Philadelphia Eagles -2.0,49.5 (over),,,
2024,1,Pittsburgh Steelers,Atlanta Falcons,2024-09-08,1:00PM,Atlanta,/boxscores/202409080atl.htm,Falcons,,retractable roof (closed),fieldturf,2:56,"72,291",Atlanta Falcons -3.5,42.0 (under),,,
2024,1,Buffalo Bills,Arizona Cardinals,2024-09-08,1:00PM,Buffalo,/boxscores/202409080buf.htm,Cardinals,,outdoors,a_turf,2:59,"70,542",Buffalo Bills -6.5,46.5 (over),61 degrees, relative humidity 55%, wind 20 mph
2024,1,New Orleans Saints,Carolina Panthers,2024-09-08,1:00PM,New Orleans,/boxscores/202409080nor.htm,Panthers (deferred),,dome,sportturf,3:10,"70,007",New Orleans Saints -4.0,41.5 (over),,,
2024,1,Chicago Bears,Tennessee Titans,2024-09-08,1:00PM,Chicago,/boxscores/202409080chi.htm,Bears (deferred),,outdoors,grass,3:00,"59,403",Chicago Bears -3.5,44.5 (under),67 degrees, relative humidity 43%, wind 8 mph
2024,1,New England Patriots,Cincinnati Bengals,2024-09-08,1:00PM,Cincinnati,/boxscores/202409080cin.htm,Patriots (deferred),,outdoors,fieldturf,2:49,"66,214",Cincinnati Bengals -7.5,41.0 (under),66 degrees, relative humidity 40%, wind 5 mph
2024,1,Houston Texans,Indianapolis Colts,2024-09-08,1:00PM,Indianapolis,/boxscores/202409080clt.htm,Colts,,retractable roof (open),fieldturf,3:02,"65,306",Houston Texans -2.5,48.5 (over),,,
2024,1,Miami Dolphins,Jacksonville Jaguars,2024-09-08,1:00PM,Miami,/boxscores/202409080mia.htm,Jaguars (deferred),,outdoors,grass,3:03,"65,582",Miami Dolphins -3.5,49.5 (under),91 degrees, relative humidity 57%, wind 10 mph
2024,1,Minnesota Vikings,New York Giants,2024-09-08,1:00PM,New York,/boxscores/202409080nyg.htm,Vikings (deferred),,outdoors,fieldturf,2:52,"81,908",Minnesota Vikings -1.5,41.0 (under),64 degrees, relative humidity 48%, wind 10 mph
2024,1,Seattle Seahawks,Denver Broncos,2024-09-08,4:05PM,Seattle,/boxscores/202409080sea.htm,Broncos (deferred),,outdoors,fieldturf,3:15,"68,714",Seattle Seahawks -6.0,42.0 (over),73 degrees, relative humidity 72%, wind 7 mph
2024,1,Los Angeles Chargers,Las Vegas Raiders,2024-09-08,4:05PM,Los Angeles,/boxscores/202409080sdg.htm,Raiders (deferred),,dome,matrixturf,2:50,"70,240",Los Angeles Chargers -3.0,40.0 (under),,,
2024,1,Dallas Cowboys,Cleveland Browns,2024-09-08,4:25PM,Cleveland,/boxscores/202409080cle.htm,Browns (deferred),,outdoors,grass,3:19,"67,431",Cleveland Browns -2.5,41.0 (over),68 degrees, relative humidity 41%, wind 15 mph
2024,1,Tampa Bay Buccaneers,Washington Commanders,2024-09-08,4:25PM,Tampa Bay,/boxscores/202409080tam.htm,Buccaneers,,outdoors,grass,3:02,"63,020",Tampa Bay Buccaneers -3.5,42.5 (over),93 degrees, relative humidity 60%, wind 6 mph
2024,1,Detroit Lions,Los Angeles Rams,2024-09-08,8:20PM,Detroit,/boxscores/202409080det.htm,Lions (deferred),Lions,dome,fieldturf,3:14,"66,530",Detroit Lions -4.5,52.5 (under),,,
2024,1,San Francisco 49ers,New York Jets,2024-09-09,8:15PM,San Francisco,/boxscores/202409090sfo.htm,49ers (deferred),,outdoors,grass,2:51,"71,319",San Francisco 49ers -4.0,43.5 (over),76 degrees, relative humidity 60%, wind 10 mph
2024,2,Buffalo Bills,Miami Dolphins,2024-09-12,8:15PM,Miami,/boxscores/202409120mia.htm,Bills (deferred),,outdoors,grass,2:55,"65,601",Miami Dolphins -2.0,49.0 (under),86 degrees, relative humidity 79%, wind 3 mph
2024,2,Los Angeles Chargers,Carolina Panthers,2024-09-15,1:00PM,Carolina,/boxscores/202409150car.htm,Panthers (deferred),,outdoors,grass,2:43,"70,145",Los Angeles Chargers -5.0,38.5 (under),78 degrees, relative humidity 66%, wind 13 mph
2024,2,Cleveland Browns,Jacksonville Jaguars,2024-09-15,1:00PM,Jacksonville,/boxscores/202409150jax.htm,Browns (deferred),,outdoors,grass,3:13,"60,105",Jacksonville Jaguars -3.0,41.0 (under),80 degrees, relative humidity 78%, wind 12 mph
2024,2,Green Bay Packers,Indianapolis Colts,2024-09-15,1:00PM,Green Bay,/boxscores/202409150gnb.htm,Colts (deferred),,outdoors,grass,2:49,"77,827",Indianapolis Colts -2.5,40.5 (under),85 degrees, relative humidity 58%, wind 7 mph
2024,2,New Orleans Saints,Dallas Cowboys,2024-09-15,1:00PM,Dallas,/boxscores/202409150dal.htm,Cowboys (deferred),,retractable roof (closed),matrixturf,2:54,"93,691",Dallas Cowboys -6.0,46.5 (over),,,
2024,2,Tampa Bay Buccaneers,Detroit Lions,2024-09-15,1:00PM,Detroit,/boxscores/202409150det.htm,Lions (deferred),,dome,fieldturf,3:01,"64,160",Detroit Lions -7.5,51.5 (under),,,
2024,2,Minnesota Vikings,San Francisco 49ers,2024-09-15,1:00PM,Minnesota,/boxscores/202409150min.htm,Vikings (deferred),,dome,sportturf,2:58,"66,741",San Francisco 49ers -4.5,46.0 (under),,,
2024,2,Seattle Seahawks,New England Patriots,2024-09-15,1:00PM,New England,/boxscores/202409150nwe.htm,Seahawks (deferred),Patriots,outdoors,fieldturf,3:12,"64,686",Seattle Seahawks -3.0,38.0 (over),77 degrees, relative humidity 50%, wind 5 mph
2024,2,Washington Commanders,New York Giants,2024-09-15,1:00PM,Washington,/boxscores/202409150was.htm,Giants (deferred),,outdoors,grass,3:07,"61,841",Washington Commanders -1.0,43.0 (under),82 degrees, relative humidity 49%, wind 11 mph
2024,2,New York Jets,Tennessee Titans,2024-09-15,1:00PM,Tennessee,/boxscores/202409150oti.htm,Jets (deferred),,outdoors,grass,3:02,"65,509",New York Jets -3.5,41.0 (push),80 degrees, relative humidity 51%, wind 13 mph
2024,2,Las Vegas Raiders,Baltimore Ravens,2024-09-15,1:00PM,Baltimore,/boxscores/202409150rav.htm,Ravens (deferred),,outdoors,grass,3:22,"70,762",Baltimore Ravens -9.0,41.5 (over),76 degrees, relative humidity 64%, wind 10 mph
2024,2,Arizona Cardinals,Los Angeles Rams,2024-09-15,4:05PM,Arizona,/boxscores/202409150crd.htm,Cardinals (deferred),,retractable roof (closed),grass,2:39,"63,331",Pick,47.5 (over),,,
2024,2,Kansas City Chiefs,Cincinnati Bengals,2024-09-15,4:25PM,Kansas City,/boxscores/202409150kan.htm,Chiefs (deferred),,outdoors,grass,3:01,"73,558",Kansas City Chiefs -6.0,48.0 (over),89 degrees, relative humidity 44%, wind 8 mph
2024,2,Pittsburgh Steelers,Denver Broncos,2024-09-15,4:25PM,Denver,/boxscores/202409150den.htm,Steelers (deferred),,outdoors,grass,2:57,"74,215",Pittsburgh Steelers -2.5,36.5 (under),83 degrees, relative humidity 17%, wind 4 mph
2024,2,Houston Texans,Chicago Bears,2024-09-15,8:20PM,Houston,/boxscores/202409150htx.htm,Bears (deferred),,retractable roof (open),astroturf,3:24,"71,412",Houston Texans -6.0,45.0 (under),,,
2024,2,Atlanta Falcons,Philadelphia Eagles,2024-09-16,8:15PM,Philadelphia,/boxscores/202409160phi.htm,Falcons (deferred),,outdoors,grass,2:57,"69,879",Philadelphia Eagles -5.5,45.5 (under),71 degrees, relative humidity 72%, wind 9 mph
2024,3,New York Jets,New England Patriots,2024-09-19,8:15PM,New York,/boxscores/202409190nyj.htm,Patriots (deferred),,outdoors,fieldturf,2:57,"80,812",New York Jets -6.0,38.5 (under),75 degrees, relative humidity 63%, wind 5 mph
2024,3,Indianapolis Colts,Chicago Bears,2024-09-22,1:00PM,Indianapolis,/boxscores/202409220clt.htm,Colts (deferred),,retractable roof (closed),fieldturf,3:16,"66,624",Indianapolis Colts -1.0,43.5 (under),,,
2024,3,New York Giants,Cleveland Browns,2024-09-22,1:00PM,Cleveland,/boxscores/202409220cle.htm,Browns (deferred),,outdoors,grass,3:06,"68,016",Cleveland Browns -6.5,38.5 (under),76 degrees, relative humidity 62%, wind 4 mph
2024,3,Denver Broncos,Tampa Bay Buccaneers,2024-09-22,1:00PM,Tampa Bay,/boxscores/202409220tam.htm,Broncos,,outdoors,grass,2:46,"62,738",Tampa Bay Buccaneers -6.0,41.0 (under),85 degrees, relative humidity 61%, wind 6 mph
2024,3,Green Bay Packers,Tennessee Titans,2024-09-22,1:00PM,Tennessee,/boxscores/202409220oti.htm,Titans (deferred),,outdoors,grass,2:53,"67,322",Tennessee Titans -3.0,37.5 (over),87 degrees, relative humidity 59%, wind 7 mph
2024,3,Minnesota Vikings,Houston Texans,2024-09-22,1:00PM,Minnesota,/boxscores/202409220min.htm,Vikings (deferred),,dome,sportturf,3:05,"66,843",Houston Texans -1.0,46.5 (under),,,
2024,3,Philadelphia Eagles,New Orleans Saints,2024-09-22,1:00PM,New Orleans,/boxscores/202409220nor.htm,Eagles (deferred),,dome,sportturf,3:03,"70,006",New Orleans Saints -2.5,49.5 (under),,,
2024,3,Pittsburgh Steelers,Los Angeles Chargers,2024-09-22,1:00PM,Pittsburgh,/boxscores/202409220pit.htm,Steelers (deferred),,outdoors,grass,2:41,"66,734",Pittsburgh Steelers -1.0,34.5 (under),72 degrees, relative humidity 73%, wind 2 mph
2024,3,Carolina Panthers,Las Vegas Raiders,2024-09-22,4:05PM,Las Vegas,/boxscores/202409220rai.htm,Raiders (deferred),,dome,grass,3:13,"62,417",Las Vegas Raiders -5.5,40.0 (over),,,
2024,3,Seattle Seahawks,Miami Dolphins,2024-09-22,4:05PM,Seattle,/boxscores/202409220sea.htm,Dolphins (deferred),,outdoors,fieldturf,3:07,"68,658",Seattle Seahawks -4.5,41.5 (under),64 degrees, relative humidity 66%, wind 2 mph
2024,3,Detroit Lions,Arizona Cardinals,2024-09-22,4:25PM,Arizona,/boxscores/202409220crd.htm,Cardinals (deferred),,retractable roof (closed),grass,3:00,"63,650",Detroit Lions -2.5,51.5 (under),,,
2024,3,Baltimore Ravens,Dallas Cowboys,2024-09-22,4:25PM,Dallas,/boxscores/202409220dal.htm,Cowboys,,retractable roof (closed),matrixturf,3:14,"93,566",Baltimore Ravens -1.0,48.0 (over),,,
2024,3,Los Angeles Rams,San Francisco 49ers,2024-09-22,4:25PM,Los Angeles,/boxscores/202409220ram.htm,Rams (deferred),,dome,matrixturf,3:06,,San Francisco 49ers -6.5,43.5 (over),,,
2024,3,Kansas City Chiefs,Atlanta Falcons,2024-09-22,8:20PM,Atlanta,/boxscores/202409220atl.htm,Chiefs (deferred),,retractable roof (open),fieldturf,2:58,"72,441",Kansas City Chiefs -3.0,46.5 (under),,,
2024,3,Buffalo Bills,Jacksonville Jaguars,2024-09-23,7:30PM,Buffalo,/boxscores/202409230buf.htm,Jaguars (deferred),,outdoors,a_turf,3:04,"70,316",Buffalo Bills -5.5,45.5 (over),68 degrees, relative humidity 87%, wind 5 mph
2024,3,Washington Commanders,Cincinnati Bengals,2024-09-23,8:15PM,Cincinnati,/boxscores/202409230cin.htm,Commanders (deferred),,outdoors,fieldturf,2:47,"66,207",Cincinnati Bengals -7.5,46.5 (over),69 degrees, relative humidity 67%, wind 5 mph
2024,4,Dallas Cowboys,New York Giants,2024-09-26,8:15PM,New York,/boxscores/202409260nyg.htm,Giants (deferred),,outdoors,fieldturf,3:02,"80,425",Dallas Cowboys -6.0,45.5 (under),74 degrees, relative humidity 88%, wind 3 mph
2024,4,Atlanta Falcons,New Orleans Saints,2024-09-29,1:00PM,Atlanta,/boxscores/202409290atl.htm,Saints (deferred),,retractable roof (closed),fieldturf,3:02,"72,204",Atlanta Falcons -2.5,41.0 (over),,,
2024,4,Cincinnati Bengals,Carolina Panthers,2024-09-29,1:00PM,Carolina,/boxscores/202409290car.htm,Bengals (deferred),,outdoors,grass,3:14,"77,258",Cincinnati Bengals -4.5,47.0 (over),78 degrees, relative humidity 75%, wind 6 mph
2024,4,Chicago Bears,Los Angeles Rams,2024-09-29,1:00PM,Chicago,/boxscores/202409290chi.htm,Rams (deferred),,outdoors,grass,2:55,"59,074",Chicago Bears -3.0,40.5 (over),70 degrees, relative humidity 90%, wind 16 mph
2024,4,Indianapolis Colts,Pittsburgh Steelers,2024-09-29,1:00PM,Indianapolis,/boxscores/202409290clt.htm,Steelers (deferred),,retractable roof (closed),fieldturf,3:05,"66,376",Pittsburgh Steelers -1.0,40.5 (over),,,
2024,4,Denver Broncos,New York Jets,2024-09-29,1:00PM,New York,/boxscores/202409290nyj.htm,Broncos (deferred),,outdoors,fieldturf,3:15,"82,243",New York Jets -9.0,40.0 (under),67 degrees, relative humidity 97%, wind 8 mph
2024,4,Minnesota Vikings,Green Bay Packers,2024-09-29,1:00PM,Green Bay,/boxscores/202409290gnb.htm,Packers (deferred),,outdoors,grass,3:28,"78,335",Green Bay Packers -3.0,44.0 (over),71 degrees, relative humidity 68%, wind 15 mph
2024,4,Houston Texans,Jacksonville Jaguars,2024-09-29,1:00PM,Houston,/boxscores/202409290htx.htm,Texans (deferred),,retractable roof (closed),astroturf,3:12,"71,115",Houston Texans -5.5,44.5 (under),,,
2024,4,Tampa Bay Buccaneers,Philadelphia Eagles,2024-09-29,1:00PM,Tampa Bay,/boxscores/202409290tam.htm,Eagles (deferred),,outdoors,grass,3:00,"64,223",Philadelphia Eagles -1.0,42.5 (over),88 degrees, relative humidity 68%, wind 9 mph
2024,4,Washington Commanders,Arizona Cardinals,2024-09-29,4:05PM,Arizona,/boxscores/202409290crd.htm,Commanders (deferred),,retractable roof (closed),grass,2:47,"63,286",Arizona Cardinals -3.5,48.5 (over),,,
2024,4,San Francisco 49ers,New England Patriots,2024-09-29,4:05PM,San Francisco,/boxscores/202409290sfo.htm,49ers (deferred),,outdoors,grass,3:10,"71,042",San Francisco 49ers -10.0,40.5 (over),71 degrees, relative humidity 59%, wind 5 mph
2024,4,Las Vegas Raiders,Cleveland Browns,2024-09-29,4:25PM,Las Vegas,/boxscores/202409290rai.htm,Raiders (deferred),,dome,grass,2:51,"62,401",Cleveland Browns -2.5,36.5 (under),,,
2024,4,Kansas City Chiefs,Los Angeles Chargers,2024-09-29,4:25PM,Los Angeles,/boxscores/202409290sdg.htm,Chargers (deferred),,dome,matrixturf,2:53,"70,240",Kansas City Chiefs -7.0,41.0 (under),,,
2024,4,Baltimore Ravens,Buffalo Bills,2024-09-29,8:20PM,Baltimore,/boxscores/202409290rav.htm,Ravens (deferred),,outdoors,grass,2:55,"70,636",Baltimore Ravens -2.5,46.5 (under),68 degrees, relative humidity 89%, wind 8 mph
2024,4,Tennessee Titans,Miami Dolphins,2024-09-30,7:30PM,Miami,/boxscores/202409300mia.htm,Dolphins (deferred),,outdoors,grass,3:13,"65,291",Miami Dolphins -2.5,37.0 (over),86 degrees, relative humidity 70%, wind 9 mph
2024,4,Detroit Lions,Seattle Seahawks,2024-09-30,8:15PM,Detroit,/boxscores/202409300det.htm,Lions,,dome,fieldturf,3:09,"66,658",Detroit Lions -4.0,47.0 (over),,,
2024,5,Atlanta Falcons,Tampa Bay Buccaneers,2024-10-03,8:15PM,Atlanta,/boxscores/202410030atl.htm,Falcons,Falcons,retractable roof (closed),fieldturf,3:16,"70,016",Atlanta Falcons -1.5,44.0 (over),,,
2024,5,Minnesota Vikings,New York Jets,2024-10-06,9:30AM,Minnesota,/boxscores/202410060min.htm,Vikings (deferred),,outdoors,grass,3:20,"61,139",Minnesota Vikings -2.5,41.0 (under),59 degrees, relative humidity 77%, wind 8 mph
2024,5,Houston Texans,Buffalo Bills,2024-10-06,1:00PM,Houston,/boxscores/202410060htx.htm,Texans (deferred),,retractable roof (closed),astroturf,3:09,"71,427",Houston Texans -1.0,47.5 (under),,,
2024,5,Chicago Bears,Carolina Panthers,2024-10-06,1:00PM,Chicago,/boxscores/202410060chi.htm,Bears (deferred),,outdoors,grass,3:08,"59,307",Chicago Bears -4.0,40.5 (over),74 degrees, relative humidity 27%, wind 7 mph
2024,5,Baltimore Ravens,Cincinnati Bengals,2024-10-06,1:00PM,Cincinnati,/boxscores/202410060cin.htm,Bengals (deferred),Ravens,outdoors,fieldturf,3:28,"66,341",Baltimore Ravens -1.0,48.5 (over),81 degrees, relative humidity 57%, wind 10 mph
2024,5,Washington Commanders,Cleveland Browns,2024-10-06,1:00PM,Washington,/boxscores/202410060was.htm,Commanders (deferred),,outdoors,grass,3:10,"59,030",Washington Commanders -3.0,43.5 (over),73 degrees, relative humidity 54%, wind 5 mph
2024,5,Jacksonville Jaguars,Indianapolis Colts,2024-10-06,1:00PM,Jacksonville,/boxscores/202410060jax.htm,Jaguars (deferred),,outdoors,grass,3:05,"60,214",Jacksonville Jaguars -3.0,45.0 (over),74 degrees, relative humidity 90%, wind 4 mph
2024,5,Miami Dolphins,New England Patriots,2024-10-06,1:00PM,New England,/boxscores/202410060nwe.htm,Patriots (deferred),,outdoors,fieldturf,3:07,"64,628",Miami Dolphins -1.0,35.0 (under),65 degrees, relative humidity 57%, wind 2 mph
2024,5,Arizona Cardinals,San Francisco 49ers,2024-10-06,4:05PM,San Francisco,/boxscores/202410060sfo.htm,Cardinals (deferred),,outdoors,grass,3:02,"71,310",San Francisco 49ers -7.0,49.0 (under),89 degrees, relative humidity 31%, wind 3 mph
2024,5,Denver Broncos,Las Vegas Raiders,2024-10-06,4:05PM,Denver,/boxscores/202410060den.htm,Broncos (deferred),,outdoors,grass,3:12,"72,825",Denver Broncos -3.0,35.5 (over),73 degrees, relative humidity 22%, wind 7 mph
2024,5,Green Bay Packers,Los Angeles Rams,2024-10-06,4:25PM,Los Angeles,/boxscores/202410060ram.htm,Rams (deferred),,dome,matrixturf,3:04,"72,842",Green Bay Packers -3.0,48.5 (under),,,
2024,5,New York Giants,Seattle Seahawks,2024-10-06,4:25PM,Seattle,/boxscores/202410060sea.htm,Giants (deferred),,outdoors,fieldturf,2:59,"68,306",Seattle Seahawks -7.0,43.0 (over),61 degrees, relative humidity 68%, wind 3 mph
2024,5,Dallas Cowboys,Pittsburgh Steelers,2024-10-06,8:20PM,Pittsburgh,/boxscores/202410060pit.htm,Cowboys,,outdoors,grass,3:12,"67,380",Pittsburgh Steelers -2.5,43.5 (under),67 degrees, relative humidity 86%, wind 6 mph
2024,5,Kansas City Chiefs,New Orleans Saints,2024-10-07,8:15PM,Kansas City,/boxscores/202410070kan.htm,Saints,,outdoors,grass,3:04,"73,592",Kansas City Chiefs -5.5,43.0 (under),70 degrees, relative humidity 27%, wind 1 mph
2024,6,San Francisco 49ers,Seattle Seahawks,2024-10-10,8:15PM,Seattle,/boxscores/202410100sea.htm,49ers (deferred),,outdoors,fieldturf,3:10,"68,768",San Francisco 49ers -3.5,49.0 (over),59 degrees, relative humidity 61%, wind 10 mph
2024,6,Chicago Bears,Jacksonville Jaguars,2024-10-13,9:30AM,Chicago,/boxscores/202410130chi.htm,Jaguars (deferred),,outdoors,grass,2:56,"61,182",Jacksonville Jaguars -1.0,45.0 (over),54 degrees, relative humidity 55%, wind 3 mph
2024,6,Philadelphia Eagles,Cleveland Browns,2024-10-13,1:00PM,Philadelphia,/boxscores/202410130phi.htm,Browns (deferred),,outdoors,grass,2:51,"69,879",Philadelphia Eagles -9.5,42.5 (under),82 degrees, relative humidity 41%, wind 10 mph
2024,6,Indianapolis Colts,Tennessee Titans,2024-10-13,1:00PM,Tennessee,/boxscores/202410130oti.htm,Colts,,outdoors,grass,3:03,"64,302",Tennessee Titans -2.5,43.0 (under),80 degrees, relative humidity 45%, wind 12 mph
2024,6,Green Bay Packers,Arizona Cardinals,2024-10-13,1:00PM,Green Bay,/boxscores/202410130gnb.htm,Cardinals (deferred),,outdoors,grass,3:03,"77,773",Green Bay Packers -5.5,47.0 (push),50 degrees, relative humidity 86%, wind 4 mph
2024,6,Houston Texans,New England Patriots,2024-10-13,1:00PM,New England,/boxscores/202410130nwe.htm,Patriots (deferred),,outdoors,fieldturf,3:06,"64,628",Houston Texans -7.0,37.5 (over),53 degrees, relative humidity 53%, wind 5 mph
2024,6,Tampa Bay Buccaneers,New Orleans Saints,2024-10-13,1:00PM,New Orleans,/boxscores/202410130nor.htm,Buccaneers,,dome,sportturf,3:27,"70,041",Tampa Bay Buccaneers -3.5,41.5 (over),,,
2024,6,Baltimore Ravens,Washington Commanders,2024-10-13,1:00PM,Baltimore,/boxscores/202410130rav.htm,Commanders (deferred),,outdoors,grass,2:59,"71,316",Baltimore Ravens -6.5,51.5 (over),75 degrees, relative humidity 55%, wind 8 mph
2024,6,Los Angeles Chargers,Denver Broncos,2024-10-13,4:05PM,Denver,/boxscores/202410130den.htm,Chargers (deferred),,outdoors,grass,3:02,"70,743",Los Angeles Chargers -3.0,36.0 (over),65 degrees, relative humidity 28%, wind 7 mph
2024,6,Pittsburgh Steelers,Las Vegas Raiders,2024-10-13,4:05PM,Las Vegas,/boxscores/202410130rai.htm,Raiders (deferred),,dome,grass,3:00,"62,553",Pittsburgh Steelers -3.0,36.5 (over),,,
2024,6,Atlanta Falcons,Carolina Panthers,2024-10-13,4:25PM,Carolina,/boxscores/202410130car.htm,Falcons (deferred),,outdoors,grass,3:02,"70,884",Atlanta Falcons -6.5,47.0 (over),79 degrees, relative humidity 44%, wind 9 mph
2024,6,Detroit Lions,Dallas Cowboys,2024-10-13,4:25PM,Dallas,/boxscores/202410130dal.htm,Cowboys,,retractable roof (closed),matrixturf,3:13,"93,644",Detroit Lions -3.5,52.5 (over),,,
2024,6,Cincinnati Bengals,New York Giants,2024-10-13,8:20PM,New York,/boxscores/202410130nyg.htm,Bengals,,outdoors,fieldturf,2:49,"78,809",Cincinnati Bengals -3.5,46.5 (under),63 degrees, relative humidity 81%, wind 2 mph
2024,6,Buffalo Bills,New York Jets,2024-10-14,8:15PM,New York,/boxscores/202410140nyj.htm,Bills (deferred),,outdoors,fieldturf,3:14,"81,118",Buffalo Bills -1.0,40.5 (over),49 degrees, relative humidity 60%, wind 14 mph
2024,7,Denver Broncos,New Orleans Saints,2024-10-17,8:15PM,New Orleans,/boxscores/202410170nor.htm,Saints (deferred),,dome,sportturf,3:04,"70,008",Denver Broncos -2.5,37.0 (over),,,
2024,7,Jacksonville Jaguars,New England Patriots,2024-10-20,9:30AM,Jacksonville,/boxscores/202410200jax.htm,Jaguars (deferred),,outdoors,grass,2:48,"86,651",Jacksonville Jaguars -6.5,42.5 (over),63 degrees, relative humidity 92%, wind 12 mph
2024,7,Detroit Lions,Minnesota Vikings,2024-10-20,1:00PM,Minnesota,/boxscores/202410200min.htm,Vikings (deferred),,dome,sportturf,3:08,"66,971",Minnesota Vikings -1.0,50.5 (over),,,
2024,7,Seattle Seahawks,Atlanta Falcons,2024-10-20,1:00PM,Atlanta,/boxscores/202410200atl.htm,Falcons (deferred),,retractable roof (open),fieldturf,2:55,"70,691",Atlanta Falcons -3.0,52.0 (under),,,
2024,7,Buffalo Bills,Tennessee Titans,2024-10-20,1:00PM,Buffalo,/boxscores/202410200buf.htm,Bills,,outdoors,a_turf,3:08,"70,842",Buffalo Bills -9.5,41.0 (over),66 degrees, relative humidity 49%, wind 12 mph
2024,7,Cincinnati Bengals,Cleveland Browns,2024-10-20,1:00PM,Cleveland,/boxscores/202410200cle.htm,Browns (deferred),,outdoors,grass,3:19,"68,143",Cincinnati Bengals -5.5,41.0 (under),62 degrees, relative humidity 55%, wind 8 mph
2024,7,Indianapolis Colts,Miami Dolphins,2024-10-20,1:00PM,Indianapolis,/boxscores/202410200clt.htm,Dolphins (deferred),,retractable roof (closed),fieldturf,2:59,"66,299",Indianapolis Colts -3.0,43.5 (under),,,
2024,7,Green Bay Packers,Houston Texans,2024-10-20,1:00PM,Green Bay,/boxscores/202410200gnb.htm,Packers,,outdoors,grass,2:58,"78,197",Green Bay Packers -3.0,48.0 (under),72 degrees, relative humidity 28%, wind 3 mph
2024,7,Philadelphia Eagles,New York Giants,2024-10-20,1:00PM,New York,/boxscores/202410200nyg.htm,Eagles (deferred),,outdoors,fieldturf,2:58,"82,779",Philadelphia Eagles -3.0,43.0 (under),71 degrees, relative humidity 31%, wind 4 mph
2024,7,Washington Commanders,Carolina Panthers,2024-10-20,4:05PM,Washington,/boxscores/202410200was.htm,Commanders (deferred),,outdoors,grass,2:39,"63,380",Washington Commanders -9.5,51.5 (under),76 degrees, relative humidity 34%, wind 2 mph
2024,7,Los Angeles Rams,Las Vegas Raiders,2024-10-20,4:05PM,Los Angeles,/boxscores/202410200ram.htm,Rams (deferred),,dome,matrixturf,3:04,"73,267",Los Angeles Rams -7.0,43.5 (under),,,
2024,7,Kansas City Chiefs,San Francisco 49ers,2024-10-20,4:25PM,San Francisco,/boxscores/202410200sfo.htm,Chiefs (deferred),,outdoors,grass,3:02,"71,309",San Francisco 49ers -1.5,47.0 (under),78 degrees, relative humidity 24%, wind 3 mph
2024,7,Pittsburgh Steelers,New York Jets,2024-10-20,8:20PM,Pittsburgh,/boxscores/202410200pit.htm,Jets (deferred),,outdoors,grass,3:13,"66,956",New York Jets -1.5,39.0 (over),60 degrees, relative humidity 57%, wind 4 mph
2024,7,Baltimore Ravens,Tampa Bay Buccaneers,2024-10-21,8:15PM,Tampa Bay,/boxscores/202410210tam.htm,Buccaneers,,outdoors,grass,3:08,"64,828",Baltimore Ravens -3.5,50.0 (over),80 degrees, relative humidity 65%, wind 8 mph
2024,7,Arizona Cardinals,Los Angeles Chargers,2024-10-21,9:00PM,Arizona,/boxscores/202410210crd.htm,Chargers (deferred),,retractable roof (open),grass,2:44,"64,357",Los Angeles Chargers -1.0,44.5 (under),,,
2024,8,Los Angeles Rams,Minnesota Vikings,2024-10-24,8:15PM,Los Angeles,/boxscores/202410240ram.htm,Rams (deferred),,dome,matrixturf,2:53,"72,127",Minnesota Vikings -3.0,48.0 (over),,,
2024,8,Detroit Lions,Tennessee Titans,2024-10-27,1:00PM,Detroit,/boxscores/202410270det.htm,Titans (deferred),,dome,fieldturf,2:53,"64,316",Detroit Lions -11.5,44.5 (over),,,
2024,8,Atlanta Falcons,Tampa Bay Buccaneers,2024-10-27,1:00PM,Tampa Bay,/boxscores/202410270tam.htm,Buccaneers,,outdoors,grass,3:02,"62,787",Atlanta Falcons -2.5,45.5 (over),79 degrees, relative humidity 59%, wind 6 mph
2024,8,Philadelphia Eagles,Cincinnati Bengals,2024-10-27,1:00PM,Cincinnati,/boxscores/202410270cin.htm,Eagles (deferred),,outdoors,fieldturf,2:52,"67,239",Cincinnati Bengals -2.5,47.5 (over),59 degrees, relative humidity 37%, wind 6 mph
2024,8,Cleveland Browns,Baltimore Ravens,2024-10-27,1:00PM,Cleveland,/boxscores/202410270cle.htm,Browns (deferred),,outdoors,grass,3:15,"67,431",Baltimore Ravens -9.0,45.5 (over),52 degrees, relative humidity 50%, wind 4 mph
2024,8,Houston Texans,Indianapolis Colts,2024-10-27,1:00PM,Houston,/boxscores/202410270htx.htm,Texans,,retractable roof (closed),astroturf,3:20,"71,380",Houston Texans -5.0,45.5 (under),,,
2024,8,Arizona Cardinals,Miami Dolphins,2024-10-27,1:00PM,Miami,/boxscores/202410270mia.htm,Cardinals (deferred),,outdoors,grass,3:03,"65,629",Miami Dolphins -4.0,46.0 (over),82 degrees, relative humidity 52%, wind 14 mph
2024,8,Green Bay Packers,Jacksonville Jaguars,2024-10-27,1:00PM,Jacksonville,/boxscores/202410270jax.htm,Packers,,outdoors,grass,3:09,"65,618",Green Bay Packers -4.0,49.5 (over),84 degrees, relative humidity 46%, wind 4 mph
2024,8,New England Patriots,New York Jets,2024-10-27,1:00PM,New England,/boxscores/202410270nwe.htm,Jets (deferred),,outdoors,fieldturf,3:05,"64,628",New York Jets -7.0,41.0 (over),53 degrees, relative humidity 34%, wind 8 mph
2024,8,Buffalo Bills,Seattle Seahawks,2024-10-27,4:05PM,Seattle,/boxscores/202410270sea.htm,Bills (deferred),,outdoors,fieldturf,2:59,"68,704",Buffalo Bills -3.0,45.5 (under),55 degrees, relative humidity 82%, wind 14 mph
2024,8,Los Angeles Chargers,New Orleans Saints,2024-10-27,4:05PM,Los Angeles,/boxscores/202410270sdg.htm,Saints (deferred),,dome,matrixturf,3:15,"70,240",Los Angeles Chargers -7.0,41.0 (under),,,
2024,8,Washington Commanders,Chicago Bears,2024-10-27,4:25PM,Washington,/boxscores/202410270was.htm,Commanders (deferred),,outdoors,grass,3:11,"64,704",Chicago Bears -1.0,45.0 (under),58 degrees, relative humidity 33%, wind 2 mph
2024,8,Kansas City Chiefs,Las Vegas Raiders,2024-10-27,4:25PM,Las Vegas,/boxscores/202410270rai.htm,Raiders (deferred),,dome,grass,2:56,"62,533",Kansas City Chiefs -10.0,41.5 (over),,,
2024,8,Denver Broncos,Carolina Panthers,2024-10-27,4:25PM,Denver,/boxscores/202410270den.htm,Panthers (deferred),,outdoors,grass,3:04,"76,135",Denver Broncos -11.0,41.0 (over),76 degrees, relative humidity 9%, wind 4 mph
2024,8,San Francisco 49ers,Dallas Cowboys,2024-10-27,8:20PM,San Francisco,/boxscores/202410270sfo.htm,Cowboys,,outdoors,grass,3:13,"71,521",San Francisco 49ers -4.5,47.0 (over),69 degrees, relative humidity 70%, wind 9 mph
2024,8,Pittsburgh Steelers,New York Giants,2024-10-28,8:15PM,Pittsburgh,/boxscores/202410280pit.htm,Giants (deferred),,outdoors,grass,3:11,"66,637",Pittsburgh Steelers -6.0,36.5 (over),54 degrees, relative humidity 57%, wind 7 mph
2024,9,New York Jets,Houston Texans,2024-10-31,8:15PM,New York,/boxscores/202410310nyj.htm,Jets (deferred),,outdoors,fieldturf,3:17,"79,818",New York Jets -2.0,42.0 (under),71 degrees, relative humidity 65%, wind 8 mph
2024,9,Atlanta Falcons,Dallas Cowboys,2024-11-03,1:00PM,Atlanta,/boxscores/202411030atl.htm,Cowboys (deferred),,retractable roof (closed),fieldturf,3:01,"72,665",Atlanta Falcons -3.0,52.0 (under),,,
2024,9,Buffalo Bills,Miami Dolphins,2024-11-03,1:00PM,Buffalo,/boxscores/202411030buf.htm,Dolphins (deferred),,outdoors,a_turf,3:01,"70,862",Buffalo Bills -6.0,49.5 (over),54 degrees, relative humidity 38%, wind 9 mph
2024,9,Carolina Panthers,New Orleans Saints,2024-11-03,1:00PM,Carolina,/boxscores/202411030car.htm,Panthers (deferred),,outdoors,grass,3:06,"70,292",New Orleans Saints -7.0,43.5 (over),66 degrees, relative humidity 48%, wind 7 mph
2024,9,Cincinnati Bengals,Las Vegas Raiders,2024-11-03,1:00PM,Cincinnati,/boxscores/202411030cin.htm,Bengals (deferred),,outdoors,fieldturf,3:13,"65,962",Cincinnati Bengals -7.0,45.0 (over),67 degrees, relative humidity 41%, wind 7 mph
2024,9,Los Angeles Chargers,Cleveland Browns,2024-11-03,1:00PM,Cleveland,/boxscores/202411030cle.htm,Browns (deferred),,outdoors,grass,2:59,"67,431",Los Angeles Chargers -1.0,42.5 (under),57 degrees, relative humidity 42%, wind 10 mph
2024,9,Baltimore Ravens,Denver Broncos,2024-11-03,1:00PM,Baltimore,/boxscores/202411030rav.htm,Ravens (deferred),,outdoors,grass,2:57,"71,051",Baltimore Ravens -9.5,46.5 (over),57 degrees, relative humidity 30%, wind 3 mph
2024,9,Tennessee Titans,New England Patriots,2024-11-03,1:00PM,Tennessee,/boxscores/202411030oti.htm,Titans,Titans,outdoors,grass,3:19,"66,533",Tennessee Titans -3.5,38.5 (under),75 degrees, relative humidity 60%, wind 10 mph
2024,9,Washington Commanders,New York Giants,2024-11-03,1:00PM,New York,/boxscores/202411030nyg.htm,Commanders (deferred),,outdoors,fieldturf,2:48,"77,994",Washington Commanders -4.0,44.0 (over),52 degrees, relative humidity 35%, wind 6 mph
2024,9,Arizona Cardinals,Chicago Bears,2024-11-03,4:05PM,Arizona,/boxscores/202411030crd.htm,Bears (deferred),,retractable roof (open),grass,2:58,"64,609",Arizona Cardinals -1.5,44.5 (under),,,
2024,9,Philadelphia Eagles,Jacksonville Jaguars,2024-11-03,4:05PM,Philadelphia,/boxscores/202411030phi.htm,Jaguars (deferred),,outdoors,grass,3:15,"69,879",Philadelphia Eagles -7.5,45.5 (over),57 degrees, relative humidity 31%, wind 6 mph
2024,9,Detroit Lions,Green Bay Packers,2024-11-03,4:25PM,Green Bay,/boxscores/202411030gnb.htm,Packers,,outdoors,grass,2:58,"78,330",Detroit Lions -2.5,47.5 (under),50 degrees, relative humidity 86%, wind 15 mph
2024,9,Los Angeles Rams,Seattle Seahawks,2024-11-03,4:25PM,Seattle,/boxscores/202411030sea.htm,Rams (deferred),Seahawks,outdoors,fieldturf,3:35,"68,632",Los Angeles Rams -1.0,48.0 (under),52 degrees, relative humidity 83%, wind 4 mph
2024,9,Minnesota Vikings,Indianapolis Colts,2024-11-03,8:20PM,Minnesota,/boxscores/202411030min.htm,Vikings (deferred),,dome,sportturf,2:53,"66,954",Minnesota Vikings -5.5,47.0 (under),,,
2024,9,Kansas City Chiefs,Tampa Bay Buccaneers,2024-11-04,8:15PM,Kansas City,/boxscores/202411040kan.htm,Buccaneers (deferred),Chiefs,outdoors,grass,3:10,"73,574",Kansas City Chiefs -9.0,45.5 (over),63 degrees, relative humidity 90%, wind 6 mph
2024,10,Baltimore Ravens,Cincinnati Bengals,2024-11-07,8:15PM,Baltimore,/boxscores/202411070rav.htm,Ravens (deferred),,outdoors,grass,3:20,"71,439",Baltimore Ravens -6.0,53.5 (over),69 degrees, relative humidity 43%, wind 6 mph
2024,10,Carolina Panthers,New York Giants,2024-11-10,9:30AM,Carolina,/boxscores/202411100car.htm,Giants (deferred),Giants,,,3:15,"70,132",New York Giants -6.5,40.5 (under),,,
2024,10,New England Patriots,Chicago Bears,2024-11-10,1:00PM,Chicago,/boxscores/202411100chi.htm,Bears (deferred),,outdoors,grass,2:57,"58,912",Chicago Bears -6.0,38.5 (under),60 degrees, relative humidity 78%, wind 6 mph
2024,10,Pittsburgh Steelers,Washington Commanders,2024-11-10,1:00PM,Washington,/boxscores/202411100was.htm,Steelers,,outdoors,grass,3:21,"66,192",Washington Commanders -2.5,45.5 (over),57 degrees, relative humidity 54%, wind 9 mph
2024,10,San Francisco 49ers,Tampa Bay Buccaneers,2024-11-10,1:00PM,Tampa Bay,/boxscores/202411100tam.htm,Buccaneers (deferred),,outdoors,grass,2:56,"64,914",San Francisco 49ers -6.5,50.5 (under),85 degrees, relative humidity 54%, wind 9 mph
2024,10,New Orleans Saints,Atlanta Falcons,2024-11-10,1:00PM,New Orleans,/boxscores/202411100nor.htm,Saints (deferred),,dome,sportturf,2:57,"70,005",Atlanta Falcons -3.5,46.5 (under),,,
2024,10,Buffalo Bills,Indianapolis Colts,2024-11-10,1:00PM,Indianapolis,/boxscores/202411100clt.htm,Colts (deferred),,retractable roof (closed),fieldturf,3:04,"66,474",Buffalo Bills -4.0,46.5 (over),,,
2024,10,Kansas City Chiefs,Denver Broncos,2024-11-10,1:00PM,Kansas City,/boxscores/202411100kan.htm,Chiefs (deferred),,outdoors,grass,2:48,"73,704",Kansas City Chiefs -7.5,42.0 (under),57 degrees, relative humidity 58%, wind 12 mph
2024,10,Minnesota Vikings,Jacksonville Jaguars,2024-11-10,1:00PM,Jacksonville,/boxscores/202411100jax.htm,Vikings (deferred),,outdoors,grass,3:00,"65,695",Minnesota Vikings -7.0,43.5 (under),79 degrees, relative humidity 77%, wind 7 mph
2024,10,Los Angeles Chargers,Tennessee Titans,2024-11-10,4:05PM,Los Angeles,/boxscores/202411100sdg.htm,Titans (deferred),,dome,matrixturf,2:41,"68,796",Los Angeles Chargers -7.5,38.5 (over),,,
2024,10,Philadelphia Eagles,Dallas Cowboys,2024-11-10,4:25PM,Dallas,/boxscores/202411100dal.htm,Cowboys,,retractable roof (closed),matrixturf,2:57,"93,644",Philadelphia Eagles -7.5,43.5 (under),,,
2024,10,Arizona Cardinals,New York Jets,2024-11-10,4:25PM,Arizona,/boxscores/202411100crd.htm,Jets (deferred),,retractable roof (open),grass,2:43,"64,030",New York Jets -1.5,46.5 (under),,,
2024,10,Detroit Lions,Houston Texans,2024-11-10,8:20PM,Houston,/boxscores/202411100htx.htm,Texans (deferred),,retractable roof (open),astroturf,3:12,"71,512",Detroit Lions -3.5,49.0 (push),,,
2024,10,Miami Dolphins,Los Angeles Rams,2024-11-11,8:15PM,Los Angeles,/boxscores/202411110ram.htm,Rams (deferred),,dome,matrixturf,2:49,"72,474",Los Angeles Rams -2.5,49.0 (under),,,
2024,11,Philadelphia Eagles,Washington Commanders,2024-11-14,8:15PM,Philadelphia,/boxscores/202411140phi.htm,Commanders (deferred),,outdoors,grass,3:03,"69,879",Philadelphia Eagles -3.5,48.5 (under),46 degrees, relative humidity 63%, wind 9 mph
2024,11,Green Bay Packers,Chicago Bears,2024-11-17,1:00PM,Chicago,/boxscores/202411170chi.htm,Bears (deferred),,outdoors,grass,2:55,"59,419",Green Bay Packers -5.5,40.5 (under),54 degrees, relative humidity 80%, wind 5 mph
2024,11,New Orleans Saints,Cleveland Browns,2024-11-17,1:00PM,New Orleans,/boxscores/202411170nor.htm,Saints (deferred),,dome,sportturf,3:00,"70,006",Cleveland Browns -1.0,44.0 (over),,,
2024,11,Detroit Lions,Jacksonville Jaguars,2024-11-17,1:00PM,Detroit,/boxscores/202411170det.htm,Lions (deferred),,dome,fieldturf,2:56,"64,273",Detroit Lions -14.0,47.0 (over),,,
2024,11,Miami Dolphins,Las Vegas Raiders,2024-11-17,1:00PM,Miami,/boxscores/202411170mia.htm,Raiders (deferred),,outdoors,grass,3:01,"65,440",Miami Dolphins -7.5,43.5 (over),80 degrees, relative humidity 47%, wind 16 mph
2024,11,Minnesota Vikings,Tennessee Titans,2024-11-17,1:00PM,Tennessee,/boxscores/202411170oti.htm,Vikings (deferred),,outdoors,grass,3:08,"67,686",Minnesota Vikings -6.0,39.5 (under),66 degrees, relative humidity 59%, wind 7 mph
2024,11,Pittsburgh Steelers,Baltimore Ravens,2024-11-17,1:00PM,Pittsburgh,/boxscores/202411170pit.htm,Steelers (deferred),,outdoors,grass,3:19,"67,551",Baltimore Ravens -3.0,48.5 (under),52 degrees, relative humidity 61%, wind 5 mph
2024,11,Indianapolis Colts,New York Jets,2024-11-17,1:00PM,New York,/boxscores/202411170nyj.htm,Colts (deferred),,outdoors,fieldturf,2:55,"80,582",New York Jets -4.0,43.5 (over),62 degrees, relative humidity 32%, wind 4 mph
2024,11,Los Angeles Rams,New England Patriots,2024-11-17,1:00PM,New England,/boxscores/202411170nwe.htm,Rams (deferred),,outdoors,fieldturf,3:03,"64,628",Los Angeles Rams -4.5,43.5 (over),59 degrees, relative humidity 30%, wind 9 mph
2024,11,Seattle Seahawks,San Francisco 49ers,2024-11-17,4:05PM,San Francisco,/boxscores/202411170sfo.htm,Seahawks (deferred),,outdoors,grass,3:02,"71,751",San Francisco 49ers -6.5,48.0 (under),59 degrees, relative humidity 45%, wind 4 mph
2024,11,Denver Broncos,Atlanta Falcons,2024-11-17,4:05PM,Denver,/boxscores/202411170den.htm,Falcons (deferred),,outdoors,grass,2:54,"76,545",Denver Broncos -2.5,44.5 (under),55 degrees, relative humidity 12%, wind 9 mph
2024,11,Buffalo Bills,Kansas City Chiefs,2024-11-17,4:25PM,Buffalo,/boxscores/202411170buf.htm,Bills (deferred),,outdoors,a_turf,3:01,"71,112",Buffalo Bills -1.5,46.0 (over),50 degrees, relative humidity 62%, wind 3 mph
2024,11,Los Angeles Chargers,Cincinnati Bengals,2024-11-17,8:20PM,Los Angeles,/boxscores/202411170sdg.htm,Chargers (deferred),,dome,matrixturf,3:30,"70,240",Los Angeles Chargers -1.0,48.5 (over),,,
2024,11,Houston Texans,Dallas Cowboys,2024-11-18,8:15PM,Dallas,/boxscores/202411180dal.htm,Texans,,retractable roof (closed),matrixturf,3:18,"92,969",Houston Texans -7.0,41.0 (over),,,
2024,12,Pittsburgh Steelers,Cleveland Browns,2024-11-21,8:15PM,Cleveland,/boxscores/202411210cle.htm,Browns (deferred),,outdoors,grass,3:03,"67,431",Pittsburgh Steelers -3.5,36.5 (over),36 degrees, relative humidity 88%, wind 13 mph
2024,12,Dallas Cowboys,Washington Commanders,2024-11-24,1:00PM,Washington,/boxscores/202411240was.htm,Commanders (deferred),,outdoors,grass,3:25,"64,955",Washington Commanders -10.5,45.0 (over),55 degrees, relative humidity 49%, wind 5 mph
2024,12,Detroit Lions,Indianapolis Colts,2024-11-24,1:00PM,Indianapolis,/boxscores/202411240clt.htm,Colts,,retractable roof (closed),fieldturf,2:53,"66,696",Detroit Lions -7.5,50.0 (under),,,
2024,12,Kansas City Chiefs,Carolina Panthers,2024-11-24,1:00PM,Carolina,/boxscores/202411240car.htm,Panthers (deferred),,outdoors,grass,3:11,"73,216",Kansas City Chiefs -11.0,43.0 (over),61 degrees, relative humidity 52%, wind 5 mph
2024,12,Minnesota Vikings,Chicago Bears,2024-11-24,1:00PM,Chicago,/boxscores/202411240chi.htm,Vikings (deferred),Bears,outdoors,grass,3:36,"57,659",Minnesota Vikings -3.5,39.5 (over),47 degrees, relative humidity 77%, wind 5 mph
2024,12,New England Patriots,Miami Dolphins,2024-11-24,1:00PM,Miami,/boxscores/202411240mia.htm,Dolphins (deferred),,outdoors,grass,3:09,"65,479",Miami Dolphins -7.0,46.0 (over),77 degrees, relative humidity 51%, wind 6 mph
2024,12,Tennessee Titans,Houston Texans,2024-11-24,1:00PM,Houston,/boxscores/202411240htx.htm,Titans (deferred),,retractable roof (closed),astroturf,3:11,"71,055",Houston Texans -9.0,40.5 (over),,,
2024,12,Tampa Bay Buccaneers,New York Giants,2024-11-24,1:00PM,New York,/boxscores/202411240nyg.htm,Giants (deferred),,outdoors,fieldturf,2:49,"77,554",Tampa Bay Buccaneers -6.0,40.5 (under),50 degrees, relative humidity 48%, wind 13 mph
2024,12,Denver Broncos,Las Vegas Raiders,2024-11-24,4:05PM,Las Vegas,/boxscores/202411240rai.htm,Broncos (deferred),,dome,grass,3:20,"62,460",Denver Broncos -6.0,41.0 (over),,,
2024,12,Arizona Cardinals,Seattle Seahawks,2024-11-24,4:25PM,Seattle,/boxscores/202411240sea.htm,Seahawks (deferred),,outdoors,fieldturf,2:56,"68,649",Pick,47.0 (under),45 degrees, relative humidity 85%, wind 5 mph
2024,12,San Francisco 49ers,Green Bay Packers,2024-11-24,4:25PM,Green Bay,/boxscores/202411240gnb.htm,49ers (deferred),,outdoors,grass,3:01,"78,222",Green Bay Packers -5.5,44.5 (over),43 degrees, relative humidity 76%, wind 11 mph
2024,12,Philadelphia Eagles,Los Angeles Rams,2024-11-24,8:20PM,Los Angeles,/boxscores/202411240ram.htm,Eagles (deferred),,dome,matrixturf,3:13,"74,400",Philadelphia Eagles -3.0,49.0 (over),,,
2024,12,Baltimore Ravens,Los Angeles Chargers,2024-11-25,8:15PM,Los Angeles,/boxscores/202411250sdg.htm,Ravens (deferred),,dome,matrixturf,3:02,"70,240",Baltimore Ravens -2.5,50.5 (over),,,
2024,13,Chicago Bears,Detroit Lions,2024-11-28,12:30PM,Detroit,/boxscores/202411280det.htm,Lions,,dome,fieldturf,3:22,"64,275",Detroit Lions -9.5,48.0 (under),,,
2024,13,New York Giants,Dallas Cowboys,2024-11-28,4:30PM,Dallas,/boxscores/202411280dal.htm,Giants (deferred),,retractable roof (closed),matrixturf,3:33,"92,196",Dallas Cowboys -3.0,37.5 (over),,,
2024,13,Miami Dolphins,Green Bay Packers,2024-11-28,8:20PM,Green Bay,/boxscores/202411280gnb.htm,Dolphins (deferred),,outdoors,grass,3:12,"77,599",Green Bay Packers -3.0,47.5 (under),27 degrees, relative humidity 63%, wind 10 mph
2024,13,Las Vegas Raiders,Kansas City Chiefs,2024-11-29,3:00PM,Kansas City,/boxscores/202411290kan.htm,Raiders (deferred),,outdoors,grass,3:14,"73,627",Kansas City Chiefs -13.0,42.5 (under),37 degrees, relative humidity 40%, wind 5 mph
2024,13,Indianapolis Colts,New England Patriots,2024-12-01,1:00PM,New England,/boxscores/202412010nwe.htm,Colts (deferred),,outdoors,fieldturf,2:59,"64,626",Indianapolis Colts -2.5,42.5 (over),36 degrees, relative humidity 49%, wind 9 mph
2024,13,Arizona Cardinals,Minnesota Vikings,2024-12-01,1:00PM,Minnesota,/boxscores/202412010min.htm,Vikings (deferred),,dome,sportturf,3:02,"66,873",Minnesota Vikings -3.5,44.5 (over),,,
2024,13,Houston Texans,Jacksonville Jaguars,2024-12-01,1:00PM,Jacksonville,/boxscores/202412010jax.htm,Texans (deferred),,outdoors,grass,3:18,"62,588",Houston Texans -3.5,44.0 (under),,,
2024,13,Tennessee Titans,Washington Commanders,2024-12-01,1:00PM,Washington,/boxscores/202412010was.htm,Commanders (deferred),,outdoors,grass,3:14,"63,144",Washington Commanders -6.0,44.5 (over),42 degrees, relative humidity 40%, wind 6 mph
2024,13,Pittsburgh Steelers,Cincinnati Bengals,2024-12-01,1:00PM,Cincinnati,/boxscores/202412010cin.htm,Steelers (deferred),,outdoors,fieldturf,3:20,"66,112",Cincinnati Bengals -3.0,47.0 (over),32 degrees, relative humidity 43%, wind 9 mph
2024,13,Los Angeles Chargers,Atlanta Falcons,2024-12-01,1:00PM,Atlanta,/boxscores/202412010atl.htm,Falcons,,retractable roof (closed),fieldturf,2:44,"72,139",Los Angeles Chargers -1.0,48.0 (under),,,
2024,13,Seattle Seahawks,New York Jets,2024-12-01,1:00PM,New York,/boxscores/202412010nyj.htm,Jets (deferred),,outdoors,fieldturf,3:06,"81,084",Pick,42.0 (over),37 degrees, relative humidity 44%, wind 12 mph
2024,13,Los Angeles Rams,New Orleans Saints,2024-12-01,4:05PM,New Orleans,/boxscores/202412010nor.htm,Rams (deferred),,dome,sportturf,2:53,"70,006",Los Angeles Rams -2.5,49.5 (under),,,
2024,13,Tampa Bay Buccaneers,Carolina Panthers,2024-12-01,4:05PM,Carolina,/boxscores/202412010car.htm,Buccaneers (deferred),Buccaneers,outdoors,grass,3:38,"69,214",Tampa Bay Buccaneers -6.0,46.5 (over),51 degrees, relative humidity 41%, wind 7 mph
2024,13,Philadelphia Eagles,Baltimore Ravens,2024-12-01,4:25PM,Baltimore,/boxscores/202412010rav.htm,Ravens (deferred),,outdoors,grass,3:05,"71,344",Baltimore Ravens -3.0,51.0 (under),41 degrees, relative humidity 41%, wind 7 mph
2024,13,San Francisco 49ers,Buffalo Bills,2024-12-01,8:20PM,Buffalo,/boxscores/202412010buf.htm,49ers (deferred),,outdoors,a_turf,2:46,"70,437",Buffalo Bills -6.0,44.5 (over),28 degrees, relative humidity 79%, wind 11 mph
2024,13,Cleveland Browns,Denver Broncos,2024-12-02,8:15PM,Denver,/boxscores/202412020den.htm,Browns (deferred),,outdoors,grass,3:29,"68,306",Denver Broncos -6.0,42.0 (over),48 degrees, relative humidity 39%, wind 4 mph
2024,14,Green Bay Packers,Detroit Lions,2024-12-05,8:15PM,Detroit,/boxscores/202412050det.htm,Packers (deferred),,dome,fieldturf,3:12,"63,987",Detroit Lions -3.5,51.5 (over),,,
2024,14,Atlanta Falcons,Minnesota Vikings,2024-12-08,1:00PM,Minnesota,/boxscores/202412080min.htm,Falcons,,dome,sportturf,3:07,"67,008",Minnesota Vikings -6.0,45.5 (over),,,
2024,14,Carolina Panthers,Philadelphia Eagles,2024-12-08,1:00PM,Philadelphia,/boxscores/202412080phi.htm,Eagles (deferred),,outdoors,grass,2:53,"69,879",Philadelphia Eagles -13.5,45.0 (under),55 degrees, relative humidity 37%, wind 16 mph
2024,14,Cleveland Browns,Pittsburgh Steelers,2024-12-08,1:00PM,Pittsburgh,/boxscores/202412080pit.htm,Browns (deferred),,outdoors,grass,3:11,"66,845",Pittsburgh Steelers -7.0,43.5 (under),49 degrees, relative humidity 62%, wind 12 mph
2024,14,Jacksonville Jaguars,Tennessee Titans,2024-12-08,1:00PM,Tennessee,/boxscores/202412080oti.htm,Jaguars (deferred),,outdoors,grass,2:42,"61,644",Tennessee Titans -3.5,40.0 (under),53 degrees, relative humidity 44%, wind 9 mph
2024,14,New Orleans Saints,New York Giants,2024-12-08,1:00PM,New York,/boxscores/202412080nyg.htm,Giants (deferred),,outdoors,fieldturf,3:19,"76,143",New Orleans Saints -5.0,41.0 (under),54 degrees, relative humidity 35%, wind 13 mph
2024,14,New York Jets,Miami Dolphins,2024-12-08,1:00PM,Miami,/boxscores/202412080mia.htm,Jets (deferred),,outdoors,grass,3:26,"65,787",Miami Dolphins -6.0,45.0 (over),77 degrees, relative humidity 55%, wind 12 mph
2024,14,Las Vegas Raiders,Tampa Bay Buccaneers,2024-12-08,1:00PM,Tampa Bay,/boxscores/202412080tam.htm,Buccaneers,,outdoors,grass,3:00,"63,250",Tampa Bay Buccaneers -6.5,47.0 (under),71 degrees, relative humidity 56%, wind 4 mph
2024,14,Seattle Seahawks,Arizona Cardinals,2024-12-08,4:05PM,Arizona,/boxscores/202412080crd.htm,Seahawks (deferred),,retractable roof (open),grass,3:01,"64,533",Arizona Cardinals -2.5,44.5 (over),,,
2024,14,Buffalo Bills,Los Angeles Rams,2024-12-08,4:25PM,Los Angeles,/boxscores/202412080ram.htm,Bills (deferred),,dome,matrixturf,3:11,"73,493",Buffalo Bills -3.5,49.5 (over),,,
2024,14,Chicago Bears,San Francisco 49ers,2024-12-08,4:25PM,San Francisco,/boxscores/202412080sfo.htm,Bears (deferred),,outdoors,grass,2:52,"71,662",San Francisco 49ers -3.0,43.5 (over),65 degrees, relative humidity 51%, wind 4 mph
2024,14,Los Angeles Chargers,Kansas City Chiefs,2024-12-08,8:20PM,Kansas City,/boxscores/202412080kan.htm,Chargers (deferred),,outdoors,grass,2:59,"73,571",Kansas City Chiefs -4.0,43.0 (under),50 degrees, relative humidity 80%, wind 10 mph
2024,14,Cincinnati Bengals,Dallas Cowboys,2024-12-09,8:15PM,Dallas,/boxscores/202412090dal.htm,Cowboys (deferred),,retractable roof (open),matrixturf,3:03,"92,587",Cincinnati Bengals -5.5,49.5 (under),,,
2024,15,Los Angeles Rams,San Francisco 49ers,2024-12-12,8:15PM,San Francisco,/boxscores/202412120sfo.htm,Rams (deferred),,outdoors,grass,2:49,"71,201",San Francisco 49ers -3.0,48.5 (under),53 degrees, relative humidity 87%, wind 4 mph
2024,15,Dallas Cowboys,Carolina Panthers,2024-12-15,1:00PM,Carolina,/boxscores/202412150car.htm,Panthers (deferred),,outdoors,grass,3:10,"70,570",Carolina Panthers -3.0,43.0 (over),45 degrees, relative humidity 77%, wind 7 mph
2024,15,Cincinnati Bengals,Tennessee Titans,2024-12-15,1:00PM,Tennessee,/boxscores/202412150oti.htm,Titans (deferred),,outdoors,grass,3:17,"63,745",Cincinnati Bengals -5.0,46.0 (over),52 degrees, relative humidity 90%, wind 12 mph
2024,15,Kansas City Chiefs,Cleveland Browns,2024-12-15,1:00PM,Cleveland,/boxscores/202412150cle.htm,Browns (deferred),,outdoors,grass,3:08,"67,983",Kansas City Chiefs -4.0,41.5 (under),40 degrees, relative humidity 87%, wind 18 mph
2024,15,Houston Texans,Miami Dolphins,2024-12-15,1:00PM,Houston,/boxscores/202412150htx.htm,Texans (deferred),,retractable roof (closed),astroturf,3:01,"71,221",Houston Texans -2.5,45.5 (under),,,
2024,15,New York Jets,Jacksonville Jaguars,2024-12-15,1:00PM,Jacksonville,/boxscores/202412150jax.htm,Jets (deferred),,outdoors,grass,3:14,"63,251",New York Jets -3.5,40.5 (over),,,
2024,15,Washington Commanders,New Orleans Saints,2024-12-15,1:00PM,New Orleans,/boxscores/202412150nor.htm,Commanders (deferred),,dome,sportturf,3:08,"70,003",Washington Commanders -7.5,43.5 (under),,,
2024,15,Baltimore Ravens,New York Giants,2024-12-15,1:00PM,New York,/boxscores/202412150nyg.htm,Giants (deferred),,outdoors,fieldturf,2:56,"77,455",Baltimore Ravens -16.5,42.5 (over),36 degrees, relative humidity 62%, wind 6 mph
2024,15,Buffalo Bills,Detroit Lions,2024-12-15,4:25PM,Detroit,/boxscores/202412150det.htm,Bills (deferred),,dome,fieldturf,3:28,"65,327",Detroit Lions -1.0,54.5 (over),,,
2024,15,Denver Broncos,Indianapolis Colts,2024-12-15,4:25PM,Denver,/boxscores/202412150den.htm,Broncos (deferred),,outdoors,grass,3:13,"76,496",Denver Broncos -4.0,44.0 (push),55 degrees, relative humidity 13%, wind 15 mph
2024,15,Arizona Cardinals,New England Patriots,2024-12-15,4:25PM,Arizona,/boxscores/202412150crd.htm,Patriots,,retractable roof (open),grass,2:46,"64,135",Arizona Cardinals -6.0,46.5 (over),,,
2024,15,Philadelphia Eagles,Pittsburgh Steelers,2024-12-15,4:25PM,Philadelphia,/boxscores/202412150phi.htm,Eagles (deferred),,outdoors,grass,3:05,"69,879",Philadelphia Eagles -5.5,43.0 (under),37 degrees, relative humidity 62%, wind 5 mph
2024,15,Tampa Bay Buccaneers,Los Angeles Chargers,2024-12-15,4:25PM,Los Angeles,/boxscores/202412150sdg.htm,Buccaneers,,dome,matrixturf,3:02,"69,496",Los Angeles Chargers -3.0,45.5 (over),,,
2024,15,Green Bay Packers,Seattle Seahawks,2024-12-15,8:20PM,Seattle,/boxscores/202412150sea.htm,Packers,,outdoors,fieldturf,2:59,"68,766",Green Bay Packers -2.5,46.5 (under),43 degrees, relative humidity 77%, wind 3 mph
2024,15,Minnesota Vikings,Chicago Bears,2024-12-16,8:00PM,Minnesota,/boxscores/202412160min.htm,Vikings (deferred),,dome,sportturf,3:16,"67,017",Minnesota Vikings -7.0,43.5 (under),,,
2024,15,Atlanta Falcons,Las Vegas Raiders,2024-12-16,8:30PM,Las Vegas,/boxscores/202412160rai.htm,Falcons (deferred),,dome,grass,2:56,"62,364",Atlanta Falcons -5.5,44.5 (under),,,
2024,16,Los Angeles Chargers,Denver Broncos,2024-12-19,8:15PM,Los Angeles,/boxscores/202412190sdg.htm,Broncos (deferred),,dome,matrixturf,3:03,"70,240",Los Angeles Chargers -2.5,41.5 (over),,,
2024,16,Kansas City Chiefs,Houston Texans,2024-12-21,1:00PM,Kansas City,/boxscores/202412210kan.htm,Chiefs (deferred),,outdoors,grass,3:04,"73,600",Kansas City Chiefs -3.5,42.0 (over),30 degrees, relative humidity 60%, wind 5 mph
2024,16,Baltimore Ravens,Pittsburgh Steelers,2024-12-21,4:30PM,Baltimore,/boxscores/202412210rav.htm,Steelers (deferred),,outdoors,grass,2:55,"71,313",Baltimore Ravens -7.0,44.5 (over),35 degrees, relative humidity 32%, wind 15 mph
2024,16,Atlanta Falcons,New York Giants,2024-12-22,1:00PM,Atlanta,/boxscores/202412220atl.htm,Giants (deferred),,retractable roof (closed),fieldturf,2:55,"70,404",Atlanta Falcons -9.0,42.5 (under),,,
2024,16,Carolina Panthers,Arizona Cardinals,2024-12-22,1:00PM,Carolina,/boxscores/202412220car.htm,Panthers (deferred),Panthers,outdoors,grass,3:26,"68,804",Arizona Cardinals -5.0,47.5 (over),37 degrees, relative humidity 52%, wind 10 mph
2024,16,Detroit Lions,Chicago Bears,2024-12-22,1:00PM,Chicago,/boxscores/202412220chi.htm,Lions (deferred),,outdoors,grass,2:58,"56,539",Detroit Lions -6.5,47.5 (over),29 degrees, relative humidity 68%, wind 7 mph
2024,16,Cincinnati Bengals,Cleveland Browns,2024-12-22,1:00PM,Cincinnati,/boxscores/202412220cin.htm,Bengals (deferred),,outdoors,fieldturf,2:50,"65,734",Cincinnati Bengals -9.5,46.5 (under),33 degrees, relative humidity 56%, wind 6 mph
2024,16,Indianapolis Colts,Tennessee Titans,2024-12-22,1:00PM,Indianapolis,/boxscores/202412220clt.htm,Titans,,retractable roof (closed),fieldturf,3:00,"65,322",Indianapolis Colts -3.5,42.5 (over),,,
2024,16,Los Angeles Rams,New York Jets,2024-12-22,1:00PM,New York,/boxscores/202412220nyj.htm,Jets (deferred),,outdoors,fieldturf,2:48,"76,871",Los Angeles Rams -3.0,47.0 (under),23 degrees, relative humidity 47%, wind 8 mph
2024,16,Washington Commanders,Philadelphia Eagles,2024-12-22,1:00PM,Washington,/boxscores/202412220was.htm,Eagles (deferred),,outdoors,grass,3:20,"64,128",Philadelphia Eagles -4.0,46.5 (over),32 degrees, relative humidity 36%, wind 8 mph
2024,16,Minnesota Vikings,Seattle Seahawks,2024-12-22,4:05PM,Seattle,/boxscores/202412220sea.htm,Seahawks (deferred),,outdoors,fieldturf,3:06,"68,748",Minnesota Vikings -3.0,42.5 (over),48 degrees, relative humidity 84%, wind 5 mph
2024,16,Buffalo Bills,New England Patriots,2024-12-22,4:25PM,Buffalo,/boxscores/202412220buf.htm,Bills (deferred),,outdoors,a_turf,3:10,"70,725",Buffalo Bills -14.0,46.5 (under),14 degrees, relative humidity 54%, wind 2 mph
2024,16,Las Vegas Raiders,Jacksonville Jaguars,2024-12-22,4:25PM,Las Vegas,/boxscores/202412220rai.htm,Raiders (deferred),,dome,grass,3:05,"61,323",Las Vegas Raiders -2.5,41.0 (under),,,
2024,16,Miami Dolphins,San Francisco 49ers,2024-12-22,4:25PM,Miami,/boxscores/202412220mia.htm,Dolphins (deferred),,outdoors,grass,3:07,"66,341",San Francisco 49ers -1.5,44.5 (over),73 degrees, relative humidity 61%, wind 12 mph
2024,16,Dallas Cowboys,Tampa Bay Buccaneers,2024-12-22,8:20PM,Dallas,/boxscores/202412220dal.htm,Cowboys,,retractable roof (closed),matrixturf,3:16,"93,103",Tampa Bay Buccaneers -4.0,48.0 (over),,,
2024,16,Green Bay Packers,New Orleans Saints,2024-12-23,8:15PM,Green Bay,/boxscores/202412230gnb.htm,Saints (deferred),,outdoors,grass,2:52,"77,885",Green Bay Packers -14.0,42.5 (under),34 degrees, relative humidity 85%, wind 12 mph
2024,17,Kansas City Chiefs,Pittsburgh Steelers,2024-12-25,1:00PM,Pittsburgh,/boxscores/202412250pit.htm,Chiefs (deferred),,outdoors,grass,2:52,"67,311",Kansas City Chiefs -2.5,44.0 (under),39 degrees, relative humidity 82%, wind 2 mph
2024,17,Baltimore Ravens,Houston Texans,2024-12-25,4:30PM,Houston,/boxscores/202412250htx.htm,Texans (deferred),,retractable roof (closed),astroturf,2:58,"71,544",Baltimore Ravens -6.0,47.0 (under),,,
2024,17,Seattle Seahawks,Chicago Bears,2024-12-26,8:15PM,Chicago,/boxscores/202412260chi.htm,Bears (deferred),,outdoors,grass,2:41,"56,346",Seattle Seahawks -3.5,42.5 (under),47 degrees, relative humidity 88%, wind 5 mph
2024,17,Los Angeles Chargers,New England Patriots,2024-12-28,1:00PM,New England,/boxscores/202412280nwe.htm,Patriots (deferred),,outdoors,fieldturf,2:57,"64,628",Los Angeles Chargers -5.5,42.0 (over),40 degrees, relative humidity 95%, wind 4 mph
2024,17,Cincinnati Bengals,Denver Broncos,2024-12-28,4:30PM,Cincinnati,/boxscores/202412280cin.htm,Broncos,Bengals,outdoors,fieldturf,3:24,"66,546",Cincinnati Bengals -3.5,50.0 (over),60 degrees, relative humidity 82%, wind 8 mph
2024,17,Los Angeles Rams,Arizona Cardinals,2024-12-28,8:10PM,Los Angeles,/boxscores/202412280ram.htm,Cardinals (deferred),,dome,matrixturf,3:02,"73,051",Los Angeles Rams -6.5,47.5 (under),,,
2024,17,Buffalo Bills,New York Jets,2024-12-29,1:00PM,Buffalo,/boxscores/202412290buf.htm,Bills,,outdoors,a_turf,3:11,"70,728",Buffalo Bills -10.0,46.0 (over),54 degrees, relative humidity 87%, wind 15 mph
2024,17,Tampa Bay Buccaneers,Carolina Panthers,2024-12-29,1:00PM,Tampa Bay,/boxscores/202412290tam.htm,Panthers (deferred),,outdoors,grass,2:55,"64,434",Tampa Bay Buccaneers -9.0,47.5 (over),76 degrees, relative humidity 76%, wind 8 mph
2024,17,New York Giants,Indianapolis Colts,2024-12-29,1:00PM,New York,/boxscores/202412290nyg.htm,Giants (deferred),,outdoors,fieldturf,3:07,"73,164",Indianapolis Colts -7.5,40.5 (over),54 degrees, relative humidity 90%, no wind
2024,17,Philadelphia Eagles,Dallas Cowboys,2024-12-29,1:00PM,Philadelphia,/boxscores/202412290phi.htm,Eagles (deferred),,outdoors,grass,3:01,"69,879",Philadelphia Eagles -8.0,37.5 (over),62 degrees, relative humidity 74%, wind 10 mph
2024,17,Jacksonville Jaguars,Tennessee Titans,2024-12-29,1:00PM,Jacksonville,/boxscores/202412290jax.htm,Titans (deferred),,outdoors,grass,2:46,"61,995",Pick,39.0 (under),72 degrees, relative humidity 83%, wind 16 mph
2024,17,Las Vegas Raiders,New Orleans Saints,2024-12-29,1:00PM,New Orleans,/boxscores/202412290nor.htm,Saints (deferred),,dome,sportturf,3:12,"70,031",Las Vegas Raiders -1.5,37.5 (under),,,
2024,17,Miami Dolphins,Cleveland Browns,2024-12-29,4:05PM,Cleveland,/boxscores/202412290cle.htm,Browns (deferred),,outdoors,grass,3:07,"67,942",Miami Dolphins -3.0,33.5 (under),54 degrees, relative humidity 93%, wind 15 mph
2024,17,Minnesota Vikings,Green Bay Packers,2024-12-29,4:25PM,Minnesota,/boxscores/202412290min.htm,Packers,,dome,sportturf,2:59,"67,031",Minnesota Vikings -1.0,49.0 (over),,,
2024,17,Washington Commanders,Atlanta Falcons,2024-12-29,8:20PM,Washington,/boxscores/202412290was.htm,Falcons,Commanders,outdoors,grass,3:14,"63,480",Washington Commanders -3.5,46.5 (over),58 degrees, relative humidity 89%, wind 10 mph
2024,17,Detroit Lions,San Francisco 49ers,2024-12-30,8:15PM,San Francisco,/boxscores/202412300sfo.htm,Lions (deferred),,outdoors,grass,3:00,"71,688",Detroit Lions -3.5,50.5 (over),,,
2024,18,Baltimore Ravens,Cleveland Browns,2025-01-04,4:30PM,Baltimore,/boxscores/202501040rav.htm,Ravens (deferred),,outdoors,grass,3:09,"70,562",Baltimore Ravens -20.0,41.5 (over),31 degrees, relative humidity 35%, wind 16 mph
2024,18,Cincinnati Bengals,Pittsburgh Steelers,2025-01-04,8:00PM,Pittsburgh,/boxscores/202501040pit.htm,Steelers (deferred),,outdoors,grass,3:01,"65,631",Cincinnati Bengals -2.5,47.5 (under),19 degrees, relative humidity 73%, wind 10 mph
2024,18,Carolina Panthers,Atlanta Falcons,2025-01-05,1:00PM,Atlanta,/boxscores/202501050atl.htm,Panthers (deferred),Panthers,retractable roof (closed),fieldturf,3:21,"69,581",Atlanta Falcons -9.0,48.0 (over),,,
2024,18,New England Patriots,Buffalo Bills,2025-01-05,1:00PM,New England,/boxscores/202501050nwe.htm,Bills (deferred),,outdoors,fieldturf,2:59,"64,626",Buffalo Bills -3.5,36.0 (over),33 degrees, relative humidity 50%, wind 14 mph
2024,18,Chicago Bears,Green Bay Packers,2025-01-05,1:00PM,Green Bay,/boxscores/202501050gnb.htm,Packers,,outdoors,grass,3:03,"77,862",Green Bay Packers -10.0,41.5 (over),16 degrees, relative humidity 68%, wind 13 mph
2024,18,Indianapolis Colts,Jacksonville Jaguars,2025-01-05,1:00PM,Indianapolis,/boxscores/202501050clt.htm,Colts,Colts,retractable roof (closed),fieldturf,3:13,"63,041",Indianapolis Colts -3.5,45.0 (over),,,
2024,18,Washington Commanders,Dallas Cowboys,2025-01-05,1:00PM,Dallas,/boxscores/202501050dal.htm,Cowboys (deferred),,retractable roof (closed),matrixturf,3:06,"91,349",Washington Commanders -6.5,44.0 (under),,,
2024,18,Houston Texans,Tennessee Titans,2025-01-05,1:00PM,Tennessee,/boxscores/202501050oti.htm,Texans,,outdoors,grass,2:55,"61,815",Tennessee Titans -1.5,36.5 (over),35 degrees, relative humidity 97%, wind 10 mph
2024,18,Tampa Bay Buccaneers,New Orleans Saints,2025-01-05,1:00PM,Tampa Bay,/boxscores/202501050tam.htm,Saints,,outdoors,grass,3:12,"63,001",Tampa Bay Buccaneers -14.0,45.0 (over),68 degrees, relative humidity 34%, wind 6 mph
2024,18,Philadelphia Eagles,New York Giants,2025-01-05,1:00PM,Philadelphia,/boxscores/202501050phi.htm,Eagles (deferred),,outdoors,grass,2:53,"69,879",Philadelphia Eagles -2.5,37.0 (under),31 degrees, relative humidity 37%, wind 19 mph
2024,18,Arizona Cardinals,San Francisco 49ers,2025-01-05,4:25PM,Arizona,/boxscores/202501050crd.htm,Cardinals (deferred),,retractable roof (open),grass,3:13,"63,849",Arizona Cardinals -4.5,43.0 (over),,,
2024,18,Denver Broncos,Kansas City Chiefs,2025-01-05,4:25PM,Denver,/boxscores/202501050den.htm,Chiefs (deferred),,outdoors,grass,2:39,,Denver Broncos -10.5,40.0 (under),28 degrees, relative humidity 69%, wind 5 mph
2024,18,New York Jets,Miami Dolphins,2025-01-05,4:25PM,New York,/boxscores/202501050nyj.htm,Jets (deferred),,outdoors,fieldturf,3:12,"68,818",Pick,39.0 (over),34 degrees, relative humidity 47%, wind 10 mph
2024,18,Los Angeles Chargers,Las Vegas Raiders,2025-01-05,4:25PM,Las Vegas,/boxscores/202501050rai.htm,Chargers (deferred),,dome,grass,2:54,"61,352",Los Angeles Chargers -6.5,42.0 (over),,,
2024,18,Seattle Seahawks,Los Angeles Rams,2025-01-05,4:25PM,Los Angeles,/boxscores/202501050ram.htm,Seahawks (deferred),,dome,matrixturf,2:53,"72,610",Seattle Seahawks -7.5,38.5 (over),,,
2024,18,Detroit Lions,Minnesota Vikings,2025-01-05,8:20PM,Detroit,/boxscores/202501050det.htm,Vikings (deferred),,dome,fieldturf,3:06,"64,774",Detroit Lions -2.5,56.0 (under),,,
